txn_id,from_account,to_account,amount_inr,timestamp,channel,status
T0007778,A001348,A000359,64379,2026-06-23T00:00:54,UPI,success
T0013610,A000247,A000157,15000,2026-06-23T00:04:55,NEFT,success
T0000562,A000034,A000910,7654,2026-06-23T00:07:38,UPI,success
T0009075,A001155,A000040,65000,2026-06-23T00:08:54,IMPS,success
T0007817,A000800,A000375,15000,2026-06-23T00:14:22,UPI,success
T0004370,A000279,A001360,903,2026-06-23T00:14:39,IMPS,success
T0000290,A000324,A000012,25000,2026-06-23T00:17:15,UPI,success
T0012499,A001070,A000539,728,2026-06-23T00:21:32,UPI,success
T0014510,A000298,A000119,258,2026-06-23T00:22:08,NEFT,success
T0008012,A001299,A000504,22003,2026-06-23T00:27:29,IMPS,success
T0012914,A000986,A000681,25000,2026-06-23T00:30:51,UPI,success
T0003872,A000501,A000225,589,2026-06-23T00:39:01,IMPS,success
T0007236,A000594,A000368,1766,2026-06-23T00:39:22,UPI,success
T0010852,A000455,A001282,23277,2026-06-23T00:47:35,IMPS,success
T0002121,A001211,A000656,2026,2026-06-23T00:53:36,NEFT,success
T0011977,A001364,A000689,407,2026-06-23T00:54:32,IMPS,success
T0005278,A000998,A000935,35000,2026-06-23T01:04:12,IMPS,success
T0012997,A001074,A000053,80000,2026-06-23T01:06:38,NEFT,success
T0012268,A000402,A000514,486,2026-06-23T01:06:57,UPI,success
T0014145,A001085,A000906,419,2026-06-23T01:13:44,UPI,success
T0001856,A000798,A000087,54230,2026-06-23T01:21:44,UPI,success
T0003025,A000519,A000681,31200,2026-06-23T01:23:14,NEFT,success
T0008605,A000185,A001217,11377,2026-06-23T01:31:30,UPI,success
T0009589,A000639,A001233,1159,2026-06-23T01:33:14,IMPS,success
T0002787,A001372,A001275,17352,2026-06-23T01:34:47,UPI,success
T0007090,A000452,A001076,321,2026-06-23T01:34:48,IMPS,success
T0004168,A001298,A000360,358,2026-06-23T01:39:49,IMPS,success
T0004682,A001225,A001181,25000,2026-06-23T01:42:13,UPI,success
T0001137,A000748,A000421,1213,2026-06-23T01:46:52,IMPS,success
T0005122,A000733,A001003,3503,2026-06-23T01:54:30,IMPS,success
T0001659,A000686,A001183,915,2026-06-23T02:02:41,IMPS,success
T0013565,A000912,A000035,80000,2026-06-23T02:03:45,UPI,success
T0010304,A000833,A000357,674,2026-06-23T02:06:04,UPI,success
T0002931,A000680,A001279,1728,2026-06-23T02:07:36,IMPS,success
T0013208,A001338,A000806,433,2026-06-23T02:10:37,NEFT,success
T0006221,A000896,A000284,25000,2026-06-23T02:11:08,UPI,success
T0012846,A000395,A001037,67554,2026-06-23T02:14:56,NEFT,success
T0009912,A000049,A000567,296,2026-06-23T02:21:23,NEFT,success
T0012360,A001083,A001195,13451,2026-06-23T02:21:43,IMPS,success
T0004585,A000863,A001151,1198,2026-06-23T02:22:14,NEFT,success
T0014846,A000355,A000096,1742,2026-06-23T02:23:46,UPI,success
T0008031,A000028,A000464,511,2026-06-23T02:23:52,NEFT,success
T0002220,A001077,A000095,312,2026-06-23T02:28:29,NEFT,success
T0007163,A000254,A000456,13985,2026-06-23T02:33:48,NEFT,success
T0001432,A000623,A000207,52693,2026-06-23T02:37:31,UPI,success
T0007220,A001012,A000509,555,2026-06-23T02:37:58,UPI,success
T0011600,A000830,A000306,65000,2026-06-23T02:39:03,IMPS,success
T0003074,A000151,A001165,291,2026-06-23T02:42:48,NEFT,success
T0013332,A000150,A001252,125,2026-06-23T02:42:48,UPI,success
T0007780,A000863,A000081,14548,2026-06-23T02:43:00,NEFT,success
T0014785,A000010,A000036,309,2026-06-23T02:44:21,UPI,success
T0009510,A001327,A000374,35000,2026-06-23T02:52:25,IMPS,success
T0002324,A000726,A000595,1474,2026-06-23T02:52:48,NEFT,success
T0008123,A001264,A000825,164,2026-06-23T02:57:00,UPI,success
T0003816,A000483,A000966,6978,2026-06-23T03:06:46,UPI,success
T0009871,A000780,A000571,2024,2026-06-23T03:10:39,UPI,success
T0008799,A001045,A000718,1174,2026-06-23T03:14:54,NEFT,success
T0002465,A000253,A000327,2562,2026-06-23T03:16:03,NEFT,success
T0009849,A001013,A000689,909,2026-06-23T03:17:04,IMPS,success
T0003007,A000527,A001088,5000,2026-06-23T03:22:37,UPI,success
T0012775,A000669,A000888,700,2026-06-23T03:28:10,UPI,success
T0011063,A000552,A001378,1299,2026-06-23T03:29:03,IMPS,success
T0001846,A000913,A000117,962,2026-06-23T03:30:20,IMPS,success
T0012093,A000702,A000455,80000,2026-06-23T03:40:31,IMPS,success
T0013358,A000733,A000529,611,2026-06-23T03:46:25,UPI,success
T0009320,A000423,A000149,3767,2026-06-23T03:46:49,UPI,success
T0007168,A001283,A001338,6438,2026-06-23T03:48:38,UPI,success
T0012850,A000643,A001056,3932,2026-06-23T03:50:16,UPI,success
T0003598,A000667,A001226,4526,2026-06-23T03:52:25,IMPS,success
T0002245,A000357,A000853,914,2026-06-23T03:57:57,UPI,success
T0006599,A001046,A001151,162,2026-06-23T03:58:06,IMPS,success
T0001904,A000730,A000049,662,2026-06-23T04:02:53,NEFT,success
T0003263,A000254,A000536,50000,2026-06-23T04:04:09,UPI,success
T0013603,A001003,A001028,504,2026-06-23T04:09:17,NEFT,success
T0011253,A000289,A000080,1799,2026-06-23T04:09:27,UPI,success
T0014694,A000570,A000841,2330,2026-06-23T04:11:39,NEFT,success
T0010171,A000071,A000526,468,2026-06-23T04:13:05,IMPS,success
T0007012,A000375,A001277,1694,2026-06-23T04:14:03,UPI,success
T0000669,A000280,A000805,4480,2026-06-23T04:14:20,NEFT,success
T0006097,A001066,A001354,66,2026-06-23T04:16:04,IMPS,success
T0003793,A000955,A000351,35000,2026-06-23T04:18:34,IMPS,success
T0011257,A001155,A000795,361,2026-06-23T04:20:55,IMPS,success
T0014012,A000253,A000459,188,2026-06-23T04:21:29,NEFT,success
T0000477,A001325,A000274,35000,2026-06-23T04:27:09,NEFT,success
T0003038,A000560,A000113,15000,2026-06-23T04:32:15,IMPS,success
T0012872,A000701,A000394,25000,2026-06-23T04:33:00,UPI,success
T0011432,A000093,A000440,1789,2026-06-23T04:36:35,NEFT,success
T0005975,A000220,A000018,29921,2026-06-23T04:41:37,NEFT,success
T0008604,A000441,A000287,1798,2026-06-23T04:48:57,UPI,success
T0002805,A000409,A001245,1195,2026-06-23T04:55:43,UPI,success
T0014185,A001170,A000338,2579,2026-06-23T04:59:35,IMPS,success
T0013147,A001156,A001328,65000,2026-06-23T04:59:44,UPI,success
T0012836,A000026,A000728,35000,2026-06-23T05:01:22,NEFT,success
T0013638,A000018,A000852,50000,2026-06-23T05:03:45,IMPS,success
T0005011,A001189,A001216,85523,2026-06-23T05:13:50,UPI,success
T0005151,A000854,A000889,25000,2026-06-23T05:16:05,NEFT,success
T0011992,A000289,A000198,80000,2026-06-23T05:19:33,NEFT,success
T0001693,A000700,A000544,4009,2026-06-23T05:29:27,NEFT,success
T0011453,A001088,A001220,431,2026-06-23T05:29:48,NEFT,success
T0000585,A000364,A001013,573,2026-06-23T05:31:33,IMPS,success
T0012074,A000715,A000299,17411,2026-06-23T05:32:22,UPI,success
T0005724,A000305,A001096,500,2026-06-23T05:32:30,IMPS,success
T0000226,A001312,A001022,185,2026-06-23T05:38:08,NEFT,success
T0002619,A000918,A000436,1306,2026-06-23T05:40:38,UPI,success
T0013044,A000042,A000713,1261,2026-06-23T05:41:26,IMPS,success
T0013222,A000473,A000374,15000,2026-06-23T05:45:56,UPI,success
T0014960,A000177,A000423,278,2026-06-23T05:46:12,IMPS,success
T0012644,A001298,A001370,2917,2026-06-23T05:54:02,IMPS,success
T0004237,A001141,A001268,2449,2026-06-23T05:55:48,NEFT,success
T0003060,A000646,A000465,1451,2026-06-23T06:01:35,UPI,success
T0006967,A000794,A000882,476,2026-06-23T06:05:04,IMPS,success
T0003935,A000915,A000781,81,2026-06-23T06:06:19,NEFT,success
T0010990,A000842,A000275,43309,2026-06-23T06:08:38,UPI,success
T0010071,A000312,A001075,35000,2026-06-23T06:08:47,IMPS,success
T0007715,A001151,A000733,1042,2026-06-23T06:11:20,UPI,success
T0006033,A000355,A000866,334,2026-06-23T06:13:02,UPI,success
T0001827,A000701,A001072,293,2026-06-23T06:14:22,IMPS,success
T0014186,A001337,A000177,14068,2026-06-23T06:16:19,IMPS,success
T0014149,A001037,A000744,608,2026-06-23T06:20:44,NEFT,success
T0008385,A000013,A000214,15000,2026-06-23T06:24:39,IMPS,success
T0000771,A000866,A000181,8236,2026-06-23T06:24:56,IMPS,success
T0007409,A000044,A000409,50000,2026-06-23T06:35:38,IMPS,success
T0002817,A000619,A000325,608,2026-06-23T06:37:06,IMPS,success
T0011757,A000893,A000346,909,2026-06-23T06:37:34,UPI,success
T0007241,A000827,A001021,1654,2026-06-23T06:38:32,NEFT,success
T0011132,A000245,A000352,25000,2026-06-23T06:39:30,UPI,success
T0001934,A000070,A000229,1952,2026-06-23T06:44:45,IMPS,success
T0010002,A001242,A000304,25000,2026-06-23T06:47:43,NEFT,success
T0004954,A000076,A000881,168,2026-06-23T06:55:52,IMPS,success
T0012466,A001154,A000941,1200,2026-06-23T06:59:11,NEFT,success
T0002793,A001242,A001294,9000,2026-06-23T07:02:10,IMPS,success
T0014261,A000711,A001337,182,2026-06-23T07:06:21,IMPS,success
T0005637,A001243,A000646,927,2026-06-23T07:08:16,UPI,success
T0013698,A000401,A000969,6456,2026-06-23T07:12:01,NEFT,success
T0005813,A000171,A001246,752,2026-06-23T07:16:04,UPI,success
T0008965,A000048,A001017,546,2026-06-23T07:17:32,UPI,success
T0000606,A001361,A001193,466,2026-06-23T07:22:25,NEFT,success
T0009233,A000119,A001040,735,2026-06-23T07:22:32,UPI,success
T0011549,A000610,A000946,183,2026-06-23T07:31:48,UPI,success
T0008819,A000286,A000771,2207,2026-06-23T07:40:08,IMPS,success
T0013043,A000469,A001178,571,2026-06-23T07:40:29,UPI,success
T0006044,A000535,A000204,247,2026-06-23T07:40:48,IMPS,success
T0012927,A000065,A000359,17162,2026-06-23T07:46:22,IMPS,success
T0008637,A001077,A000878,623,2026-06-23T07:46:27,IMPS,success
T0013554,A000476,A000363,15000,2026-06-23T07:48:46,IMPS,success
T0009614,A000378,A000674,56163,2026-06-23T07:49:32,NEFT,success
T0011419,A001246,A000499,33324,2026-06-23T07:50:21,NEFT,success
T0005741,A000493,A000381,1166,2026-06-23T07:52:05,IMPS,success
T0002055,A000448,A000073,102980,2026-06-23T07:53:25,IMPS,success
T0009902,A000582,A001297,1152,2026-06-23T07:53:59,IMPS,success
T0001060,A000592,A000877,849,2026-06-23T07:55:55,UPI,success
T0009300,A000604,A000133,1208,2026-06-23T07:56:28,UPI,success
T0006209,A000251,A000386,685,2026-06-23T07:57:39,IMPS,success
T0006065,A000106,A000346,6755,2026-06-23T08:01:00,NEFT,success
T0002641,A001352,A001226,50098,2026-06-23T08:03:58,NEFT,success
T0002506,A000921,A000575,785,2026-06-23T08:06:43,IMPS,success
T0002349,A001145,A000056,17599,2026-06-23T08:10:54,UPI,success
T0011160,A000318,A001150,1105,2026-06-23T08:21:35,NEFT,success
T0007008,A000073,A001069,742,2026-06-23T08:21:45,UPI,success
T0012982,A000596,A001290,15544,2026-06-23T08:22:06,NEFT,success
T0014920,A000618,A000058,1238,2026-06-23T08:29:17,NEFT,success
T0007295,A000071,A001004,672,2026-06-23T08:31:39,IMPS,success
T0002138,A000258,A000882,26900,2026-06-23T08:33:04,UPI,success
T0001088,A000429,A000941,1929,2026-06-23T08:33:08,IMPS,success
T0013797,A000532,A000414,84009,2026-06-23T08:35:51,NEFT,success
T0012993,A000793,A000566,41234,2026-06-23T08:40:29,NEFT,success
T0008903,A000558,A000787,65000,2026-06-23T08:41:03,NEFT,success
T0010467,A000314,A001155,255,2026-06-23T08:46:44,UPI,success
T0003391,A001328,A000425,12470,2026-06-23T08:50:30,IMPS,success
T0003377,A000225,A000511,1317,2026-06-23T08:55:19,NEFT,success
T0005909,A001209,A001274,669,2026-06-23T08:59:20,IMPS,success
T0014144,A000617,A000903,2217,2026-06-23T08:59:50,UPI,success
T0008129,A000016,A001055,447,2026-06-23T09:00:27,NEFT,success
T0008246,A000960,A001282,50000,2026-06-23T09:09:26,IMPS,success
T0005009,A001270,A001112,586,2026-06-23T09:10:32,UPI,success
T0010479,A000563,A001091,35000,2026-06-23T09:10:55,IMPS,success
T0003618,A000987,A000057,1588,2026-06-23T09:13:56,NEFT,success
T0004584,A000772,A001032,643,2026-06-23T09:18:43,IMPS,success
T0005708,A000097,A000011,1221,2026-06-23T09:26:28,NEFT,success
T0003136,A000176,A000048,26826,2026-06-23T09:31:34,UPI,success
T0011535,A000373,A000831,1554,2026-06-23T09:33:36,IMPS,success
T0006447,A001291,A000854,594,2026-06-23T09:37:53,UPI,success
T0003966,A001092,A000111,2912,2026-06-23T09:40:27,NEFT,success
T0001524,A000068,A000239,1653,2026-06-23T09:40:33,IMPS,success
T0014702,A001363,A000954,6466,2026-06-23T09:40:37,IMPS,success
T0004400,A000431,A000491,865,2026-06-23T09:42:30,NEFT,success
T0005177,A000051,A000650,343,2026-06-23T09:42:46,UPI,success
T0011823,A001054,A000355,509,2026-06-23T09:43:10,NEFT,success
T0007150,A001196,A000634,4376,2026-06-23T09:46:40,IMPS,success
T0010781,A000938,A000778,269,2026-06-23T09:49:41,UPI,success
T0007785,A001281,A000562,3802,2026-06-23T09:49:47,NEFT,success
T0007925,A001377,A000148,866,2026-06-23T09:49:48,UPI,success
T0008694,A001024,A001002,655,2026-06-23T09:51:52,IMPS,success
T0007629,A001218,A001368,49638,2026-06-23T09:52:01,IMPS,success
T0007540,A000061,A000194,21557,2026-06-23T09:52:46,IMPS,success
T0005247,A000615,A000051,327,2026-06-23T09:53:56,IMPS,success
T0005855,A001063,A001328,15285,2026-06-23T10:02:48,NEFT,success
T0003423,A000835,A001013,259,2026-06-23T10:03:27,IMPS,success
T0003438,A000178,A000768,2358,2026-06-23T10:04:06,NEFT,success
T0011016,A001033,A001303,11244,2026-06-23T10:04:15,NEFT,success
T0013001,A001109,A000442,269,2026-06-23T10:06:26,NEFT,success
T0014002,A000200,A000982,2033,2026-06-23T10:18:46,IMPS,success
T0009172,A001059,A000946,11738,2026-06-23T10:18:51,IMPS,success
T0009130,A000760,A000568,7559,2026-06-23T10:24:52,IMPS,success
T0013941,A000801,A000146,1079,2026-06-23T10:35:45,NEFT,success
T0001658,A000838,A000313,35000,2026-06-23T10:38:42,IMPS,success
T0002669,A000964,A000290,12913,2026-06-23T10:42:46,NEFT,success
T0008226,A000430,A000278,65000,2026-06-23T10:44:39,IMPS,success
T0009242,A001340,A000456,306,2026-06-23T10:47:36,UPI,success
T0005304,A000100,A000798,757,2026-06-23T10:52:11,NEFT,success
T0005830,A000912,A001226,80000,2026-06-23T10:52:42,NEFT,success
T0003337,A000856,A000837,15000,2026-06-23T10:53:17,IMPS,success
T0011698,A000934,A000460,756,2026-06-23T10:56:24,UPI,success
T0007549,A000378,A000162,12720,2026-06-23T11:03:23,NEFT,success
T0013708,A000692,A000910,1429,2026-06-23T11:07:09,UPI,success
T0005988,A001238,A000662,390,2026-06-23T11:07:10,UPI,success
T0007102,A000076,A000088,1152,2026-06-23T11:14:26,NEFT,success
T0012593,A001039,A001057,24106,2026-06-23T11:20:39,IMPS,success
T0013260,A000741,A001223,697,2026-06-23T11:23:26,NEFT,success
T0002206,A001030,A000018,80000,2026-06-23T11:23:32,UPI,success
T0002759,A000822,A001241,9919,2026-06-23T11:23:34,IMPS,success
T0014278,A000460,A001129,8018,2026-06-23T11:24:14,UPI,success
T0003994,A000198,A000590,613,2026-06-23T11:25:02,UPI,success
T0007998,A001002,A000257,485,2026-06-23T11:30:41,IMPS,success
T0007488,A001341,A000716,35000,2026-06-23T11:30:59,UPI,success
T0003803,A000443,A000949,10647,2026-06-23T11:35:22,UPI,success
T0011830,A001089,A001054,851,2026-06-23T11:35:31,NEFT,success
T0008636,A000407,A001193,85181,2026-06-23T11:38:10,IMPS,success
T0010183,A000220,A000628,11735,2026-06-23T11:40:05,UPI,success
T0004267,A000555,A001259,108363,2026-06-23T11:41:55,IMPS,success
T0004996,A000337,A000037,107,2026-06-23T11:42:28,IMPS,success
T0006885,A000842,A000482,1690,2026-06-23T11:43:23,UPI,success
T0006836,A000926,A001178,8646,2026-06-23T11:49:51,IMPS,success
T0011038,A000098,A000350,428,2026-06-23T11:51:28,IMPS,success
T0001336,A001354,A001287,12156,2026-06-23T11:52:47,NEFT,success
T0012461,A000834,A000091,80000,2026-06-23T11:55:26,IMPS,success
T0009309,A000068,A000496,1280,2026-06-23T12:01:25,UPI,success
T0009842,A000614,A001350,2516,2026-06-23T12:01:53,NEFT,success
T0012601,A000734,A000150,1454,2026-06-23T12:02:19,IMPS,success
T0011561,A001046,A000072,30466,2026-06-23T12:02:29,IMPS,success
T0014709,A000423,A000918,313,2026-06-23T12:06:13,NEFT,success
T0011407,A000460,A000832,87,2026-06-23T12:13:52,NEFT,success
T0006406,A000618,A000579,9524,2026-06-23T12:15:10,NEFT,failed
T0004214,A001291,A000548,25000,2026-06-23T12:17:41,NEFT,success
T0011647,A000283,A000827,23570,2026-06-23T12:19:14,UPI,success
T0001612,A000785,A000489,719,2026-06-23T12:21:31,NEFT,success
T0006610,A001240,A001203,1244,2026-06-23T12:31:15,NEFT,success
T0005508,A000918,A000448,1144,2026-06-23T12:32:25,IMPS,success
T0001914,A000687,A000286,2266,2026-06-23T12:34:10,UPI,success
T0006544,A000150,A000538,25000,2026-06-23T12:34:18,UPI,success
T0006671,A000101,A001032,751,2026-06-23T12:35:52,NEFT,success
T0011216,A000826,A001244,460,2026-06-23T12:38:50,UPI,success
T0006971,A000323,A000028,1288,2026-06-23T12:45:07,IMPS,success
T0009691,A000312,A001319,25000,2026-06-23T12:52:15,UPI,success
T0004806,A001354,A000736,299,2026-06-23T12:54:33,IMPS,success
T0001816,A000511,A001256,80000,2026-06-23T12:58:32,NEFT,success
T0006924,A000116,A000522,706,2026-06-23T13:12:59,NEFT,success
T0002246,A000071,A000472,178,2026-06-23T13:15:10,IMPS,success
T0009140,A000666,A000775,13809,2026-06-23T13:19:06,IMPS,success
T0011258,A001303,A001292,787,2026-06-23T13:24:39,UPI,success
T0014171,A001103,A000545,619,2026-06-23T13:30:24,NEFT,success
T0011676,A001294,A001260,25909,2026-06-23T13:31:38,IMPS,success
T0007595,A001208,A001008,9672,2026-06-23T13:34:41,UPI,success
T0006068,A001077,A000088,312,2026-06-23T13:34:55,UPI,success
T0004817,A000872,A000582,1129,2026-06-23T13:37:52,UPI,success
T0007620,A000793,A000714,25000,2026-06-23T13:42:03,NEFT,success
T0010331,A000979,A000075,15938,2026-06-23T13:42:55,NEFT,success
T0013078,A000024,A000717,33383,2026-06-23T13:43:03,UPI,success
T0009108,A000073,A000359,50000,2026-06-23T13:45:43,NEFT,success
T0000746,A001335,A001267,18488,2026-06-23T13:48:48,NEFT,success
T0003026,A000193,A001239,5043,2026-06-23T13:53:59,NEFT,success
T0011530,A000719,A001370,93,2026-06-23T13:55:04,NEFT,success
T0007479,A000759,A000874,1291,2026-06-23T13:58:45,NEFT,success
T0012026,A001295,A000946,25000,2026-06-23T14:00:26,NEFT,success
T0007742,A000365,A000395,1565,2026-06-23T14:02:47,IMPS,success
T0011560,A000008,A000814,61,2026-06-23T14:03:47,NEFT,success
T0010853,A000006,A000332,80000,2026-06-23T14:03:55,NEFT,success
T0008940,A000473,A000969,1856,2026-06-23T14:04:09,UPI,success
T0005964,A001093,A000949,1034,2026-06-23T14:05:29,NEFT,success
T0008030,A000888,A000938,515,2026-06-23T14:06:00,NEFT,success
T0005489,A000283,A001200,15000,2026-06-23T14:08:29,IMPS,success
T0011514,A000848,A001225,1292,2026-06-23T14:08:31,IMPS,success
T0006164,A000582,A001093,114269,2026-06-23T14:08:41,UPI,success
T0008939,A000401,A000697,309,2026-06-23T14:10:14,IMPS,success
T0010166,A000183,A000231,2611,2026-06-23T14:16:45,IMPS,success
T0010755,A000589,A000085,51804,2026-06-23T14:17:05,IMPS,success
T0005442,A000894,A000800,2774,2026-06-23T14:20:07,IMPS,success
T0006652,A001062,A001224,1432,2026-06-23T14:21:37,IMPS,success
T0014950,A000301,A000735,25000,2026-06-23T14:24:06,IMPS,success
T0009785,A001187,A000172,1291,2026-06-23T14:25:30,NEFT,success
T0004163,A000439,A001313,1227,2026-06-23T14:27:09,UPI,success
T0014739,A001348,A000360,50000,2026-06-23T14:35:41,UPI,success
T0001428,A001295,A000087,757,2026-06-23T14:35:43,IMPS,success
T0014113,A000204,A000028,235,2026-06-23T14:36:32,NEFT,success
T0009299,A000186,A000602,15000,2026-06-23T14:39:30,IMPS,success
T0010374,A000255,A000346,10347,2026-06-23T14:42:53,NEFT,success
T0014543,A000914,A001365,1048,2026-06-23T14:43:57,IMPS,success
T0004634,A000090,A000450,5345,2026-06-23T14:44:14,UPI,success
T0002491,A000222,A001182,815,2026-06-23T14:44:46,UPI,success
T0009798,A000993,A000595,258,2026-06-23T14:46:28,IMPS,success
T0009644,A000891,A000457,359,2026-06-23T14:48:04,NEFT,success
T0000449,A000134,A001334,25941,2026-06-23T14:49:35,NEFT,success
T0005347,A001048,A000192,3027,2026-06-23T14:56:59,NEFT,success
T0009026,A001105,A000770,1814,2026-06-23T15:00:46,UPI,success
T0014937,A000470,A000232,687,2026-06-23T15:01:16,UPI,success
T0008225,A000007,A000388,1215,2026-06-23T15:02:02,NEFT,success
T0014949,A000978,A000684,65000,2026-06-23T15:13:30,IMPS,success
T0009696,A001119,A001207,200000,2026-06-23T15:15:27,IMPS,success
T0001665,A000148,A000903,123265,2026-06-23T15:19:20,UPI,success
T0002425,A000205,A001276,368,2026-06-23T15:29:38,IMPS,success
T0009079,A001340,A001195,1286,2026-06-23T15:29:49,IMPS,success
T0014361,A001015,A001320,44089,2026-06-23T15:30:15,NEFT,success
T0010319,A000019,A000553,25456,2026-06-23T15:31:41,UPI,success
T0003271,A001055,A000798,560,2026-06-23T15:35:41,NEFT,success
T0008377,A000009,A001360,1095,2026-06-23T15:41:59,NEFT,success
T0000558,A000497,A000666,5767,2026-06-23T15:42:50,UPI,success
T0004497,A000575,A000919,110166,2026-06-23T15:44:20,NEFT,success
T0001970,A001229,A001221,77449,2026-06-23T15:44:51,UPI,success
T0002976,A000850,A000088,15000,2026-06-23T15:48:25,UPI,success
T0001384,A000421,A000562,14259,2026-06-23T15:48:28,IMPS,success
T0002871,A000770,A001000,73615,2026-06-23T15:49:07,UPI,success
T0012958,A001095,A000084,185,2026-06-23T15:51:06,NEFT,success
T0010323,A000885,A000501,1788,2026-06-23T15:51:35,IMPS,success
T0005559,A001315,A001043,2159,2026-06-23T15:52:41,NEFT,success
T0007296,A001233,A000788,939,2026-06-23T15:56:41,NEFT,success
T0012249,A001198,A000706,536,2026-06-23T16:00:52,UPI,success
T0011999,A000026,A000217,167,2026-06-23T16:04:42,UPI,success
T0005238,A000514,A000577,440,2026-06-23T16:06:15,UPI,success
T0010729,A000500,A000168,111,2026-06-23T16:10:20,NEFT,success
T0013522,A000276,A001031,897,2026-06-23T16:11:14,UPI,success
T0006357,A000674,A000998,18091,2026-06-23T16:12:48,IMPS,success
T0008798,A000176,A001089,604,2026-06-23T16:15:51,NEFT,success
T0012099,A000049,A000244,608,2026-06-23T16:19:51,IMPS,success
T0003786,A000120,A001060,69967,2026-06-23T16:25:18,IMPS,success
T0008396,A000804,A000453,155,2026-06-23T16:26:31,UPI,success
T0003488,A001209,A000523,31428,2026-06-23T16:36:30,IMPS,success
T0007216,A001078,A000892,65000,2026-06-23T16:37:41,UPI,success
T0008879,A000346,A000970,1834,2026-06-23T16:37:55,IMPS,success
T0010082,A000080,A001203,295,2026-06-23T16:38:42,UPI,success
T0002238,A000509,A000250,26584,2026-06-23T16:39:28,UPI,success
T0010580,A000878,A000875,1445,2026-06-23T16:41:06,IMPS,success
T0011006,A000688,A000772,45451,2026-06-23T16:41:18,UPI,success
T0001274,A001255,A000491,50000,2026-06-23T16:44:04,IMPS,success
T0002155,A000394,A000146,34048,2026-06-23T16:44:35,UPI,success
T0006501,A000237,A001346,116679,2026-06-23T16:49:25,NEFT,success
T0010063,A000905,A000598,15000,2026-06-23T16:54:22,NEFT,success
T0011878,A000192,A000578,231,2026-06-23T16:59:57,UPI,success
T0010748,A001071,A000489,533,2026-06-23T17:03:40,IMPS,success
T0005704,A000643,A000139,404,2026-06-23T17:10:52,IMPS,success
T0000350,A001105,A000169,1322,2026-06-23T17:11:49,NEFT,success
T0000246,A000625,A000231,80000,2026-06-23T17:18:01,UPI,success
T0009572,A001267,A000277,357,2026-06-23T17:18:30,UPI,success
T0004465,A000774,A000091,5692,2026-06-23T17:18:32,IMPS,success
T0011001,A000207,A000158,408,2026-06-23T17:19:11,UPI,success
T0000645,A001035,A000942,507,2026-06-23T17:21:11,IMPS,success
T0009524,A000233,A001251,1453,2026-06-23T17:22:37,IMPS,success
T0002739,A000865,A000430,10424,2026-06-23T17:25:18,IMPS,success
T0001267,A001288,A001177,1235,2026-06-23T17:29:01,NEFT,success
T0009152,A000811,A000130,179,2026-06-23T17:38:56,IMPS,success
T0012726,A001355,A000391,668,2026-06-23T17:43:01,IMPS,success
T0007015,A000668,A000117,9307,2026-06-23T17:48:21,UPI,success
T0005728,A000943,A000398,71,2026-06-23T17:54:51,UPI,success
T0010942,A001361,A000527,297,2026-06-23T17:55:24,UPI,success
T0001860,A000214,A000729,65000,2026-06-23T18:00:56,UPI,success
T0000783,A000846,A000788,399,2026-06-23T18:07:00,NEFT,success
T0005236,A000230,A001139,10913,2026-06-23T18:08:09,IMPS,success
T0003368,A000595,A001120,65000,2026-06-23T18:09:08,IMPS,success
T0004714,A000115,A000619,80000,2026-06-23T18:10:53,IMPS,success
T0010925,A000981,A000229,35735,2026-06-23T18:10:58,IMPS,success
T0011729,A000112,A000590,151,2026-06-23T18:11:09,IMPS,success
T0000892,A000872,A000120,38582,2026-06-23T18:11:21,IMPS,success
T0003543,A001042,A000274,1045,2026-06-23T18:14:25,UPI,success
T0008671,A000455,A000643,2388,2026-06-23T18:17:28,UPI,success
T0011019,A001334,A001160,32344,2026-06-23T18:17:56,NEFT,success
T0005839,A000481,A000957,73104,2026-06-23T18:19:18,NEFT,success
T0002842,A001188,A000143,870,2026-06-23T18:32:21,IMPS,success
T0012458,A001002,A000143,11043,2026-06-23T18:41:18,UPI,success
T0014757,A000050,A000217,1181,2026-06-23T18:42:46,NEFT,success
T0006524,A000578,A000920,746,2026-06-23T18:44:47,IMPS,success
T0009587,A000004,A001122,1973,2026-06-23T18:47:36,UPI,success
T0013769,A000799,A000994,11257,2026-06-23T18:49:48,NEFT,success
T0001896,A000708,A000663,281,2026-06-23T18:49:55,UPI,success
T0001024,A000845,A000852,40537,2026-06-23T18:55:45,IMPS,success
T0008720,A000055,A000743,1296,2026-06-23T18:56:15,UPI,success
T0006423,A000483,A000985,12274,2026-06-23T18:58:01,UPI,success
T0010383,A001307,A000014,889,2026-06-23T18:58:37,NEFT,success
T0013405,A000238,A001183,543,2026-06-23T19:00:45,UPI,success
T0004427,A000265,A000945,9582,2026-06-23T19:01:00,UPI,success
T0003112,A000702,A000492,1067,2026-06-23T19:04:59,NEFT,success
T0014728,A000957,A000286,1336,2026-06-23T19:14:12,IMPS,success
T0001731,A001112,A000592,2091,2026-06-23T19:16:27,UPI,success
T0010706,A000924,A001208,35000,2026-06-23T19:16:34,IMPS,success
T0013559,A000459,A001327,50,2026-06-23T19:17:37,IMPS,success
T0012296,A000873,A000442,392,2026-06-23T19:22:39,IMPS,success
T0008137,A000532,A000931,476,2026-06-23T19:25:13,UPI,success
T0005824,A000829,A000334,611,2026-06-23T19:29:05,NEFT,success
T0014287,A001213,A000600,1824,2026-06-23T19:30:06,UPI,success
T0008972,A000407,A000434,3002,2026-06-23T19:31:07,UPI,success
T0010845,A000163,A001233,282,2026-06-23T19:31:18,IMPS,success
T0006266,A001012,A000087,2834,2026-06-23T19:33:23,UPI,success
T0000797,A001328,A001252,913,2026-06-23T19:36:24,NEFT,success
T0002078,A000516,A000382,2806,2026-06-23T19:36:55,IMPS,success
T0004686,A000397,A000998,966,2026-06-23T19:40:08,IMPS,success
T0006961,A001209,A000550,627,2026-06-23T19:49:39,UPI,success
T0014446,A001270,A001197,883,2026-06-23T19:49:53,NEFT,success
T0014504,A000778,A000542,413,2026-06-23T19:51:33,NEFT,success
T0002668,A000026,A000726,1974,2026-06-23T19:52:55,UPI,success
T0010253,A000769,A000957,1003,2026-06-23T19:53:38,UPI,success
T0010027,A000330,A000310,229,2026-06-23T20:00:24,NEFT,success
T0001251,A001093,A001004,407,2026-06-23T20:00:58,IMPS,success
T0010361,A000894,A001058,1604,2026-06-23T20:01:04,NEFT,success
T0014710,A000911,A001343,1895,2026-06-23T20:03:52,NEFT,success
T0011532,A001233,A000084,51231,2026-06-23T20:08:59,NEFT,success
T0001408,A001022,A001067,601,2026-06-23T20:10:28,IMPS,success
T0014742,A000785,A000773,2617,2026-06-23T20:14:58,NEFT,success
T0003214,A001188,A000207,35000,2026-06-23T20:20:48,UPI,success
T0007088,A000460,A000355,35000,2026-06-23T20:22:51,NEFT,success
T0003969,A000082,A000576,1179,2026-06-23T20:27:48,UPI,success
T0010646,A000464,A001212,86803,2026-06-23T20:30:55,UPI,success
T0012495,A000979,A000913,729,2026-06-23T20:32:03,IMPS,success
T0012957,A001250,A000345,1389,2026-06-23T20:33:43,IMPS,success
T0014496,A001228,A001159,187,2026-06-23T20:35:58,NEFT,success
T0012038,A000836,A001086,40668,2026-06-23T20:37:59,UPI,success
T0010164,A000227,A001301,342,2026-06-23T20:41:53,UPI,success
T0012851,A001276,A000745,171,2026-06-23T20:44:53,UPI,success
T0014015,A000581,A000361,1194,2026-06-23T20:52:31,NEFT,success
T0001033,A000694,A001317,1108,2026-06-23T20:55:50,NEFT,success
T0009522,A001279,A000135,798,2026-06-23T20:57:56,IMPS,success
T0013149,A000776,A000782,23798,2026-06-23T21:03:23,IMPS,success
T0002261,A000612,A000990,3685,2026-06-23T21:05:08,IMPS,success
T0002505,A000972,A000808,820,2026-06-23T21:05:45,IMPS,success
T0008984,A000848,A001101,3352,2026-06-23T21:08:33,NEFT,success
T0013266,A000396,A000994,1251,2026-06-23T21:10:31,IMPS,success
T0009180,A000525,A000612,1373,2026-06-23T21:12:52,IMPS,success
T0003694,A001256,A000820,2785,2026-06-23T21:18:08,UPI,success
T0001153,A001259,A000318,25000,2026-06-23T21:18:33,UPI,success
T0013112,A001171,A000408,16768,2026-06-23T21:19:36,UPI,success
T0013618,A001154,A001348,5422,2026-06-23T21:19:42,IMPS,success
T0005851,A001167,A000185,1254,2026-06-23T21:20:53,NEFT,success
T0004518,A000752,A001076,225,2026-06-23T21:21:09,UPI,success
T0012553,A001130,A001336,623,2026-06-23T21:23:39,IMPS,success
T0003681,A001108,A000154,304,2026-06-23T21:27:18,IMPS,success
T0011694,A000717,A000030,83,2026-06-23T21:27:40,NEFT,success
T0011014,A001256,A000729,45072,2026-06-23T21:30:51,UPI,success
T0010922,A001331,A001048,12005,2026-06-23T21:34:21,UPI,success
T0009584,A001130,A000995,1023,2026-06-23T21:35:29,IMPS,success
T0000218,A000338,A000815,87901,2026-06-23T21:39:58,IMPS,success
T0009072,A000941,A000806,725,2026-06-23T21:43:10,IMPS,success
T0004792,A000698,A001263,669,2026-06-23T21:45:09,IMPS,success
T0002151,A001042,A001024,1380,2026-06-23T21:46:38,NEFT,success
T0013568,A000070,A000338,65000,2026-06-23T21:49:22,IMPS,success
T0010838,A000688,A000360,503,2026-06-23T21:49:42,UPI,success
T0001522,A000675,A000658,1312,2026-06-23T22:00:36,NEFT,success
T0003098,A000806,A000955,35000,2026-06-23T22:01:52,UPI,success
T0007226,A000322,A000564,25807,2026-06-23T22:02:08,IMPS,success
T0000865,A001116,A001349,1938,2026-06-23T22:02:11,IMPS,success
T0006429,A000133,A000784,25000,2026-06-23T22:07:53,IMPS,success
T0013725,A001065,A000675,2844,2026-06-23T22:13:29,NEFT,success
T0007379,A000497,A000649,47939,2026-06-23T22:19:56,IMPS,success
T0009569,A000948,A001274,84470,2026-06-23T22:20:54,IMPS,success
T0000583,A001181,A001290,51337,2026-06-23T22:24:08,UPI,success
T0009810,A000822,A000813,9000,2026-06-23T22:24:38,NEFT,success
T0003649,A001227,A000157,1032,2026-06-23T22:26:32,UPI,success
T0013682,A001350,A000244,50000,2026-06-23T22:27:04,UPI,success
T0003653,A000339,A000367,8535,2026-06-23T22:36:23,UPI,success
T0000604,A000349,A000924,2039,2026-06-23T22:47:04,NEFT,success
T0012651,A000687,A001095,97481,2026-06-23T22:54:07,NEFT,success
T0014608,A000642,A000527,1611,2026-06-23T22:55:52,IMPS,success
T0006196,A000999,A000934,15901,2026-06-23T22:57:13,UPI,success
T0005474,A000066,A000353,228,2026-06-23T22:57:34,UPI,success
T0004848,A000961,A000870,1103,2026-06-23T22:58:48,IMPS,success
T0013347,A000881,A001252,596,2026-06-23T22:59:18,IMPS,success
T0001743,A001315,A000764,815,2026-06-23T23:00:09,IMPS,success
T0006899,A000437,A000440,27950,2026-06-23T23:02:27,IMPS,success
T0010590,A000317,A000502,640,2026-06-23T23:03:44,UPI,success
T0002407,A000484,A000486,25305,2026-06-23T23:05:08,UPI,success
T0014433,A000852,A000364,1125,2026-06-23T23:08:39,IMPS,success
T0008424,A000227,A001217,1258,2026-06-23T23:13:56,NEFT,success
T0005479,A000551,A000810,8805,2026-06-23T23:14:28,UPI,success
T0012922,A000700,A000887,152,2026-06-23T23:16:25,IMPS,success
T0001073,A000700,A000403,35250,2026-06-23T23:16:36,IMPS,success
T0008649,A000487,A001112,18874,2026-06-23T23:17:45,IMPS,success
T0003890,A001234,A000823,1076,2026-06-23T23:18:22,IMPS,success
T0011457,A001348,A001184,80000,2026-06-23T23:19:51,UPI,success
T0008038,A000184,A000405,902,2026-06-23T23:22:46,UPI,success
T0010993,A000801,A000429,788,2026-06-23T23:24:21,NEFT,success
T0013395,A000748,A000336,27656,2026-06-23T23:27:51,NEFT,success
T0005290,A000489,A000047,773,2026-06-23T23:30:18,IMPS,success
T0011537,A000498,A000766,1227,2026-06-23T23:33:51,IMPS,success
T0001751,A000805,A000908,662,2026-06-23T23:36:15,NEFT,success
T0009210,A000647,A000989,3753,2026-06-23T23:38:19,UPI,success
T0014152,A000106,A000537,19777,2026-06-23T23:39:56,NEFT,success
T0012053,A000261,A000572,1537,2026-06-23T23:40:45,IMPS,success
T0006260,A001086,A000295,864,2026-06-23T23:41:32,IMPS,success
T0011800,A000718,A000049,734,2026-06-23T23:42:12,UPI,success
T0006228,A000805,A000194,43993,2026-06-23T23:44:09,IMPS,success
T0012828,A000711,A000212,1366,2026-06-23T23:47:34,IMPS,success
T0001005,A000821,A001202,31111,2026-06-23T23:47:35,NEFT,success
T0014644,A000659,A000758,25000,2026-06-23T23:50:30,IMPS,success
T0008699,A001116,A000791,706,2026-06-23T23:53:09,IMPS,success
T0010392,A000072,A000869,396,2026-06-23T23:54:22,IMPS,success
T0007934,A000875,A000800,1301,2026-06-23T23:54:35,NEFT,success
T0007286,A000758,A001191,399,2026-06-23T23:54:41,NEFT,success
T0006378,A000483,A001218,19489,2026-06-23T23:56:00,UPI,failed
T0001364,A001151,A000611,1224,2026-06-23T23:59:13,NEFT,success
T0012502,A000553,A001024,21795,2026-06-24T00:00:20,IMPS,success
T0011976,A000832,A000940,945,2026-06-24T00:01:40,IMPS,success
T0011779,A001214,A000934,1417,2026-06-24T00:07:52,UPI,success
T0008669,A000013,A000174,15000,2026-06-24T00:07:53,UPI,success
T0008501,A000275,A000796,498,2026-06-24T00:08:13,UPI,success
T0010358,A000489,A001200,50000,2026-06-24T00:14:43,NEFT,success
T0006026,A000202,A000457,789,2026-06-24T00:14:50,NEFT,failed
T0013195,A000395,A000940,2861,2026-06-24T00:24:56,NEFT,success
T0000234,A000541,A000737,313,2026-06-24T00:25:07,UPI,success
T0010055,A000349,A001133,801,2026-06-24T00:27:50,UPI,success
T0007669,A000403,A001370,1119,2026-06-24T00:32:29,IMPS,success
T0012315,A001198,A000052,174,2026-06-24T00:32:39,IMPS,failed
T0008240,A001172,A000173,5000,2026-06-24T00:45:23,NEFT,success
T0009543,A000625,A000107,15000,2026-06-24T00:47:05,UPI,success
T0006239,A001036,A000611,410,2026-06-24T00:47:11,UPI,success
T0011793,A000635,A000614,1378,2026-06-24T00:48:12,IMPS,success
T0013321,A000481,A000939,1745,2026-06-24T00:48:22,UPI,success
T0006537,A000309,A000585,21581,2026-06-24T00:51:24,UPI,success
T0005013,A000375,A001110,318,2026-06-24T01:03:32,UPI,success
T0014150,A000331,A001088,1087,2026-06-24T01:05:39,UPI,success
T0004509,A000958,A001179,194,2026-06-24T01:06:12,NEFT,success
T0014008,A001378,A000946,203,2026-06-24T01:09:25,NEFT,success
T0004982,A000139,A000373,17215,2026-06-24T01:14:53,IMPS,success
T0013830,A000885,A001117,811,2026-06-24T01:17:07,UPI,success
T0001359,A000606,A000290,65000,2026-06-24T01:18:30,UPI,success
T0003070,A000483,A000202,1032,2026-06-24T01:18:31,NEFT,success
T0004546,A000095,A000003,942,2026-06-24T01:20:13,UPI,success
T0012071,A001275,A000642,4194,2026-06-24T01:20:14,IMPS,success
T0000510,A000737,A000884,18672,2026-06-24T01:22:29,UPI,success
T0007695,A000938,A000044,1243,2026-06-24T01:23:29,UPI,success
T0006401,A001255,A000220,68,2026-06-24T01:26:46,UPI,success
T0010287,A000137,A000590,298,2026-06-24T01:28:28,UPI,success
T0003764,A000044,A001058,2866,2026-06-24T01:31:06,NEFT,success
T0002686,A000098,A001148,35000,2026-06-24T01:32:49,NEFT,success
T0014286,A001089,A000880,5380,2026-06-24T01:33:42,IMPS,success
T0002387,A001230,A000057,248,2026-06-24T01:36:51,UPI,success
T0011638,A000547,A000019,8094,2026-06-24T01:39:12,IMPS,success
T0010224,A000890,A000597,65000,2026-06-24T01:41:34,IMPS,success
T0008933,A000796,A000022,1776,2026-06-24T01:45:38,UPI,success
T0014793,A001283,A000515,490,2026-06-24T01:45:47,NEFT,success
T0000039,A001436,A001391,47527,2026-06-24T01:45:49,UPI,success
T0013337,A001377,A000020,55630,2026-06-24T01:46:11,NEFT,success
T0003121,A001011,A000118,1026,2026-06-24T01:47:27,IMPS,success
T0004389,A000705,A000421,875,2026-06-24T01:48:08,UPI,success
T0005575,A001380,A001155,1611,2026-06-24T01:48:42,NEFT,success
T0010068,A000379,A000764,733,2026-06-24T01:50:03,IMPS,success
T0007297,A000385,A000154,2495,2026-06-24T01:53:23,UPI,success
T0000943,A000390,A001154,727,2026-06-24T02:01:12,IMPS,success
T0002876,A000293,A000282,300,2026-06-24T02:02:24,IMPS,success
T0006387,A000033,A000761,1458,2026-06-24T02:02:58,NEFT,success
T0008846,A000118,A000046,1810,2026-06-24T02:08:22,IMPS,success
T0002637,A000067,A000164,477,2026-06-24T02:08:34,NEFT,success
T0009051,A000326,A000359,43537,2026-06-24T02:12:37,NEFT,success
T0008693,A000364,A000777,47908,2026-06-24T02:14:34,UPI,success
T0000680,A000213,A000117,686,2026-06-24T02:16:01,UPI,success
T0010332,A000086,A000267,19750,2026-06-24T02:20:55,NEFT,success
T0000343,A000005,A000213,35000,2026-06-24T02:21:18,UPI,success
T0006234,A000387,A001325,701,2026-06-24T02:21:24,NEFT,success
T0005350,A000141,A000648,9980,2026-06-24T02:23:58,NEFT,success
T0000578,A001062,A001023,780,2026-06-24T02:27:42,NEFT,success
T0006106,A000827,A000325,185,2026-06-24T02:27:50,UPI,success
T0006358,A000407,A000604,267,2026-06-24T02:28:07,NEFT,success
T0004737,A001106,A000800,80000,2026-06-24T02:32:15,NEFT,success
T0010887,A000606,A000788,2111,2026-06-24T02:34:33,NEFT,success
T0004301,A000482,A000833,2712,2026-06-24T02:35:27,UPI,success
T0011734,A000328,A001048,1443,2026-06-24T02:36:12,NEFT,success
T0007426,A000466,A000418,15000,2026-06-24T02:36:36,NEFT,success
T0000877,A000369,A001078,50000,2026-06-24T02:39:05,UPI,success
T0005603,A000226,A000228,207,2026-06-24T02:43:47,IMPS,success
T0012585,A000016,A001251,769,2026-06-24T02:47:03,NEFT,success
T0000157,A000239,A000521,35000,2026-06-24T02:47:11,UPI,success
T0012047,A001231,A000949,1110,2026-06-24T02:48:00,UPI,success
T0002822,A001064,A000050,622,2026-06-24T02:49:32,UPI,success
T0000317,A000496,A000864,5000,2026-06-24T02:55:08,NEFT,success
T0007275,A001200,A000591,757,2026-06-24T02:56:19,UPI,success
T0008668,A000288,A000834,80000,2026-06-24T02:58:27,UPI,success
T0005150,A000372,A000634,426,2026-06-24T03:00:19,UPI,success
T0002464,A001265,A000638,918,2026-06-24T03:02:13,NEFT,success
T0000428,A000642,A000163,192,2026-06-24T03:02:50,IMPS,success
T0006467,A000341,A000301,50000,2026-06-24T03:06:37,NEFT,success
T0012451,A000771,A001356,260,2026-06-24T03:07:51,IMPS,success
T0003478,A000697,A001205,1853,2026-06-24T03:11:21,UPI,success
T0001062,A000335,A000890,80000,2026-06-24T03:16:13,IMPS,success
T0011675,A000148,A000076,1273,2026-06-24T03:16:39,IMPS,success
T0001388,A000075,A000856,871,2026-06-24T03:18:16,NEFT,success
T0009252,A001317,A000746,10044,2026-06-24T03:23:41,IMPS,success
T0002215,A000405,A000050,279,2026-06-24T03:25:35,UPI,success
T0011279,A001045,A000791,450,2026-06-24T03:25:55,IMPS,success
T0007249,A001137,A001145,463,2026-06-24T03:29:26,IMPS,failed
T0009434,A000169,A000532,14787,2026-06-24T03:31:10,NEFT,success
T0009335,A000416,A000916,47833,2026-06-24T03:36:59,IMPS,success
T0001616,A000994,A000704,15109,2026-06-24T03:37:30,UPI,success
T0006037,A000136,A000734,202,2026-06-24T03:38:26,IMPS,success
T0006979,A000284,A000546,50000,2026-06-24T03:41:12,UPI,success
T0013064,A000836,A000229,15000,2026-06-24T03:44:02,UPI,success
T0009151,A000062,A001028,328,2026-06-24T03:44:24,IMPS,success
T0005270,A000467,A000196,2786,2026-06-24T03:48:14,IMPS,success
T0000296,A000779,A000875,35000,2026-06-24T03:50:42,IMPS,success
T0004930,A000893,A001241,35000,2026-06-24T03:56:32,IMPS,success
T0014165,A001293,A000722,1111,2026-06-24T03:56:56,UPI,success
T0010270,A000326,A000585,195,2026-06-24T03:57:18,NEFT,success
T0012346,A000213,A000416,46209,2026-06-24T03:58:47,UPI,success
T0014358,A000312,A000724,35000,2026-06-24T03:59:37,IMPS,success
T0008378,A000525,A000194,15000,2026-06-24T04:05:30,UPI,success
T0007093,A000510,A000874,25000,2026-06-24T04:05:54,IMPS,success
T0006946,A001374,A000664,3957,2026-06-24T04:06:22,IMPS,success
T0009285,A001056,A000290,432,2026-06-24T04:09:29,NEFT,success
T0001895,A000762,A001148,29549,2026-06-24T04:13:09,NEFT,success
T0000911,A000044,A000651,1383,2026-06-24T04:13:19,UPI,success
T0003920,A000594,A000543,5000,2026-06-24T04:21:48,NEFT,success
T0013989,A000469,A001344,2269,2026-06-24T04:22:55,NEFT,success
T0004248,A000914,A000757,2887,2026-06-24T04:26:08,NEFT,success
T0009568,A000278,A000597,638,2026-06-24T04:28:25,NEFT,success
T0009104,A000723,A000442,25046,2026-06-24T04:30:55,UPI,success
T0001539,A000929,A001221,2755,2026-06-24T04:31:19,IMPS,success
T0005423,A000212,A001082,628,2026-06-24T04:31:35,UPI,success
T0005991,A000916,A000513,1017,2026-06-24T04:36:48,NEFT,success
T0007502,A000329,A001276,2435,2026-06-24T04:37:37,UPI,success
T0000042,A001439,A001394,241914,2026-06-24T04:38:26,UPI,success
T0004320,A000137,A001184,3505,2026-06-24T04:38:38,NEFT,success
T0004388,A000637,A000407,15000,2026-06-24T04:40:58,NEFT,success
T0005699,A001192,A000846,68982,2026-06-24T04:44:00,UPI,success
T0008373,A000708,A000370,2186,2026-06-24T04:53:14,NEFT,success
T0001855,A000789,A000012,19579,2026-06-24T04:56:09,IMPS,success
T0006826,A000354,A000621,882,2026-06-24T05:12:59,NEFT,success
T0003264,A000076,A000291,117537,2026-06-24T05:13:01,IMPS,success
T0013469,A000142,A000967,1444,2026-06-24T05:16:36,NEFT,failed
T0006136,A000860,A000990,587,2026-06-24T05:19:45,UPI,success
T0009193,A000807,A001017,2020,2026-06-24T05:20:28,UPI,success
T0008678,A001245,A000704,341,2026-06-24T05:21:28,IMPS,success
T0001190,A000550,A000407,8180,2026-06-24T05:22:42,IMPS,success
T0007755,A001034,A000673,952,2026-06-24T05:26:20,UPI,success
T0014642,A001339,A000988,35654,2026-06-24T05:28:39,NEFT,success
T0000856,A000669,A001096,25000,2026-06-24T05:30:27,IMPS,success
T0001038,A000611,A000286,40428,2026-06-24T05:32:30,UPI,success
T0014269,A000794,A000492,80000,2026-06-24T05:35:56,NEFT,success
T0007149,A000057,A001060,65000,2026-06-24T05:36:20,UPI,success
T0002152,A000836,A000690,457,2026-06-24T05:37:22,IMPS,success
T0006369,A000583,A000949,111,2026-06-24T05:39:48,NEFT,success
T0006111,A001232,A000144,36787,2026-06-24T05:40:52,NEFT,success
T0009501,A000756,A000096,378,2026-06-24T05:41:12,UPI,success
T0005283,A000333,A001348,1830,2026-06-24T05:41:17,UPI,success
T0006770,A001306,A000502,206,2026-06-24T05:41:17,UPI,success
T0006435,A001062,A000926,245,2026-06-24T05:42:35,IMPS,success
T0000622,A000334,A000493,193,2026-06-24T05:51:54,UPI,success
T0013537,A000728,A000964,47029,2026-06-24T05:52:01,NEFT,success
T0014605,A000306,A001102,955,2026-06-24T05:53:45,NEFT,success
T0008112,A000193,A000502,3790,2026-06-24T05:55:43,IMPS,success
T0000124,A000774,A000246,671,2026-06-24T05:56:36,UPI,success
T0009226,A000392,A001226,2467,2026-06-24T05:59:27,IMPS,success
T0014538,A000023,A000153,2758,2026-06-24T06:00:28,UPI,success
T0002825,A000055,A001159,760,2026-06-24T06:01:04,NEFT,success
T0008288,A001340,A000635,50000,2026-06-24T06:02:01,NEFT,failed
T0008760,A000841,A000649,35000,2026-06-24T06:08:32,IMPS,success
T0010639,A000970,A001085,523,2026-06-24T06:15:55,UPI,success
T0010867,A001209,A000613,1107,2026-06-24T06:22:26,NEFT,success
T0011913,A000604,A000238,268,2026-06-24T06:23:39,UPI,success
T0005351,A000107,A000605,1288,2026-06-24T06:25:15,IMPS,success
T0009716,A000072,A001104,667,2026-06-24T06:28:21,IMPS,success
T0014613,A000025,A000185,428,2026-06-24T06:28:39,IMPS,success
T0010917,A001310,A000645,826,2026-06-24T06:37:55,UPI,success
T0002990,A000426,A000977,21619,2026-06-24T06:44:26,IMPS,success
T0006192,A000407,A000716,15000,2026-06-24T06:45:12,NEFT,success
T0005459,A001001,A001236,15000,2026-06-24T06:47:07,IMPS,success
T0014127,A000640,A000339,663,2026-06-24T06:50:02,UPI,success
T0002413,A000262,A001256,50000,2026-06-24T07:02:07,NEFT,success
T0003771,A001183,A000615,166,2026-06-24T07:14:03,IMPS,success
T0012203,A001159,A001160,1179,2026-06-24T07:16:00,UPI,success
T0011036,A000423,A000350,146,2026-06-24T07:18:04,NEFT,success
T0006041,A000041,A000243,15000,2026-06-24T07:18:08,UPI,success
T0001120,A001211,A000415,5916,2026-06-24T07:20:09,UPI,success
T0009830,A000629,A001309,556,2026-06-24T07:24:39,NEFT,success
T0007477,A000616,A000298,1158,2026-06-24T07:26:31,UPI,success
T0011301,A000320,A000900,80000,2026-06-24T07:27:55,NEFT,success
T0014700,A000805,A001167,921,2026-06-24T07:33:00,UPI,success
T0013391,A000079,A000998,330,2026-06-24T07:34:47,UPI,success
T0013836,A000633,A000080,161,2026-06-24T07:39:02,UPI,success
T0002384,A001010,A000230,893,2026-06-24T07:39:10,IMPS,success
T0000340,A000183,A000298,487,2026-06-24T07:41:33,UPI,success
T0000169,A000220,A000478,649,2026-06-24T07:42:16,NEFT,success
T0011610,A000375,A000660,380,2026-06-24T07:45:16,IMPS,success
T0008667,A000359,A000651,407,2026-06-24T07:49:26,NEFT,success
T0007619,A000578,A000368,561,2026-06-24T07:51:40,IMPS,success
T0010037,A001273,A000367,35000,2026-06-24T07:53:35,NEFT,success
T0000012,A001409,A001391,345951,2026-06-24T07:54:18,UPI,success
T0012634,A000804,A000667,122,2026-06-24T07:54:28,NEFT,success
T0010772,A000001,A000694,2542,2026-06-24T07:55:44,NEFT,success
T0014485,A001118,A000048,15000,2026-06-24T07:56:03,UPI,success
T0001778,A000881,A000398,50000,2026-06-24T07:58:47,NEFT,success
T0002421,A001034,A000792,4121,2026-06-24T07:59:43,UPI,success
T0005740,A000248,A000765,4852,2026-06-24T08:05:25,IMPS,success
T0008765,A000345,A000229,13121,2026-06-24T08:07:27,UPI,success
T0010537,A000605,A001062,2758,2026-06-24T08:08:02,NEFT,success
T0002596,A000960,A000920,532,2026-06-24T08:08:14,NEFT,success
T0010468,A000876,A000463,265,2026-06-24T08:13:17,NEFT,success
T0004966,A000265,A000951,1679,2026-06-24T08:17:04,IMPS,success
T0010916,A000593,A000397,189,2026-06-24T08:25:21,IMPS,success
T0002033,A000608,A001088,276,2026-06-24T08:27:42,IMPS,success
T0003633,A000527,A000155,2421,2026-06-24T08:34:43,IMPS,success
T0012208,A001150,A000932,65000,2026-06-24T08:37:22,IMPS,success
T0005725,A000358,A001209,65000,2026-06-24T08:38:25,NEFT,success
T0013817,A001269,A001109,6860,2026-06-24T08:39:15,NEFT,success
T0008507,A001141,A001317,319,2026-06-24T08:42:04,UPI,success
T0012374,A001236,A001329,818,2026-06-24T08:43:39,NEFT,success
T0011033,A000917,A001132,13340,2026-06-24T08:44:34,IMPS,success
T0008611,A000713,A001049,17257,2026-06-24T08:50:59,UPI,success
T0007682,A000380,A001023,1820,2026-06-24T08:52:18,NEFT,success
T0011940,A000350,A000079,29942,2026-06-24T08:55:03,UPI,success
T0002758,A001238,A000489,2359,2026-06-24T08:56:56,IMPS,success
T0013946,A000377,A000889,231,2026-06-24T08:59:56,NEFT,success
T0001438,A000613,A000388,873,2026-06-24T09:00:26,IMPS,success
T0008813,A000806,A001282,10022,2026-06-24T09:02:04,UPI,success
T0010315,A000854,A001323,135,2026-06-24T09:05:15,UPI,success
T0007472,A001147,A000179,22484,2026-06-24T09:09:31,IMPS,success
T0011039,A001207,A000072,19911,2026-06-24T09:09:46,IMPS,success
T0014094,A001272,A001039,201,2026-06-24T09:15:41,IMPS,success
T0005112,A000078,A001213,1194,2026-06-24T09:15:51,UPI,success
T0011625,A001214,A000834,2099,2026-06-24T09:18:36,IMPS,success
T0012875,A000981,A000428,525,2026-06-24T09:22:18,NEFT,success
T0010652,A000520,A001301,732,2026-06-24T09:23:49,IMPS,success
T0013881,A000085,A000410,403,2026-06-24T09:23:51,UPI,success
T0010362,A000472,A001016,168,2026-06-24T09:28:32,IMPS,success
T0004649,A000537,A001140,532,2026-06-24T09:37:12,IMPS,success
T0004207,A000931,A001116,496,2026-06-24T09:37:22,UPI,success
T0005554,A001057,A001259,380,2026-06-24T09:40:15,NEFT,success
T0002490,A001155,A001010,646,2026-06-24T09:42:22,NEFT,success
T0014653,A001207,A001181,1063,2026-06-24T09:42:26,IMPS,success
T0008328,A000476,A000023,9199,2026-06-24T09:43:27,IMPS,success
T0004911,A000736,A000304,854,2026-06-24T09:44:48,NEFT,success
T0011658,A000516,A001000,284,2026-06-24T09:48:04,NEFT,success
T0002339,A000773,A000176,38685,2026-06-24T09:50:07,UPI,success
T0004161,A001128,A000449,568,2026-06-24T09:59:01,UPI,success
T0004393,A000021,A000798,65000,2026-06-24T10:00:48,UPI,success
T0007433,A000227,A000841,17418,2026-06-24T10:03:57,IMPS,success
T0012569,A001234,A000338,474,2026-06-24T10:05:32,UPI,success
T0006019,A001060,A000738,752,2026-06-24T10:13:20,UPI,success
T0004480,A001087,A000844,2190,2026-06-24T10:13:57,NEFT,success
T0011808,A000913,A001217,641,2026-06-24T10:15:21,UPI,success
T0009433,A000642,A000533,1755,2026-06-24T10:16:26,UPI,success
T0003163,A001066,A001151,455,2026-06-24T10:17:30,NEFT,success
T0010616,A001219,A001285,32547,2026-06-24T10:19:00,IMPS,success
T0000724,A000700,A000693,80000,2026-06-24T10:20:25,NEFT,success
T0013532,A001258,A001097,50000,2026-06-24T10:20:49,NEFT,success
T0010709,A000347,A000721,50000,2026-06-24T10:24:40,NEFT,success
T0000842,A000024,A000125,35000,2026-06-24T10:25:35,NEFT,success
T0003689,A001368,A000383,2032,2026-06-24T10:29:36,IMPS,success
T0000679,A000930,A000124,778,2026-06-24T10:32:26,UPI,success
T0010967,A000109,A000246,34071,2026-06-24T10:34:48,UPI,success
T0004143,A001239,A001158,431,2026-06-24T10:37:58,IMPS,success
T0014226,A000056,A000438,633,2026-06-24T10:38:07,IMPS,success
T0002481,A000763,A001180,564,2026-06-24T10:38:42,UPI,success
T0005346,A000125,A000485,220,2026-06-24T10:44:37,UPI,success
T0000439,A000739,A001019,35648,2026-06-24T10:47:02,IMPS,success
T0000031,A001428,A001392,49476,2026-06-24T10:50:18,UPI,success
T0011230,A000563,A000343,1641,2026-06-24T10:51:59,IMPS,success
T0003791,A000849,A000486,1294,2026-06-24T10:52:20,IMPS,success
T0005468,A001019,A000286,54633,2026-06-24T10:53:53,IMPS,success
T0014159,A000587,A000882,15000,2026-06-24T11:02:31,UPI,success
T0009782,A001014,A000865,15000,2026-06-24T11:03:35,NEFT,success
T0013655,A000999,A000536,29749,2026-06-24T11:06:11,UPI,failed
T0005522,A000389,A000768,440,2026-06-24T11:06:23,UPI,success
T0009468,A000212,A001219,1928,2026-06-24T11:10:12,IMPS,success
T0009814,A000148,A000938,103,2026-06-24T11:10:35,IMPS,success
T0001643,A000863,A000504,387,2026-06-24T11:21:05,UPI,success
T0012173,A000724,A000609,1056,2026-06-24T11:21:25,UPI,success
T0014705,A000602,A001078,993,2026-06-24T11:23:08,UPI,success
T0001127,A000743,A000432,456,2026-06-24T11:24:59,IMPS,success
T0008054,A000484,A000174,484,2026-06-24T11:29:12,IMPS,success
T0012111,A000978,A000767,35000,2026-06-24T11:31:26,IMPS,success
T0012994,A001135,A000274,154,2026-06-24T11:32:20,NEFT,success
T0003931,A001310,A000495,292,2026-06-24T11:32:21,NEFT,success
T0008343,A001323,A001164,3298,2026-06-24T11:35:11,NEFT,success
T0006308,A000795,A000771,1512,2026-06-24T11:37:17,NEFT,success
T0000460,A000225,A000223,50000,2026-06-24T11:49:47,IMPS,success
T0006913,A000276,A001368,406,2026-06-24T11:52:16,NEFT,success
T0014475,A000174,A000843,1267,2026-06-24T11:54:07,NEFT,success
T0004887,A001232,A000923,21993,2026-06-24T11:55:42,IMPS,success
T0002175,A000664,A001117,448,2026-06-24T12:00:25,IMPS,success
T0011943,A000067,A000184,18001,2026-06-24T12:02:15,IMPS,success
T0000973,A000988,A000520,1283,2026-06-24T12:07:37,IMPS,success
T0012926,A000606,A000366,424,2026-06-24T12:09:13,IMPS,success
T0013665,A000242,A000864,50000,2026-06-24T12:13:58,IMPS,success
T0010145,A000908,A000726,620,2026-06-24T12:14:09,NEFT,success
T0011930,A001260,A000540,814,2026-06-24T12:14:33,UPI,success
T0009137,A001201,A001234,330,2026-06-24T12:15:10,NEFT,success
T0008044,A000372,A000491,15288,2026-06-24T12:21:09,IMPS,success
T0009071,A001043,A000204,463,2026-06-24T12:25:45,UPI,success
T0004766,A000050,A000073,15000,2026-06-24T12:27:44,NEFT,success
T0006296,A000526,A000637,403,2026-06-24T12:29:46,UPI,success
T0008345,A000314,A001261,450,2026-06-24T12:29:50,IMPS,success
T0002608,A001119,A001336,50000,2026-06-24T12:37:51,NEFT,success
T0008281,A000280,A000076,128689,2026-06-24T12:38:19,IMPS,success
T0007299,A001070,A001250,65000,2026-06-24T12:44:15,NEFT,success
T0004006,A001355,A000650,602,2026-06-24T12:57:31,NEFT,success
T0000704,A001171,A000778,2847,2026-06-24T13:00:11,UPI,success
T0012944,A000178,A000255,563,2026-06-24T13:00:48,UPI,success
T0007929,A001373,A000613,429,2026-06-24T13:01:35,IMPS,success
T0011442,A001304,A000376,1010,2026-06-24T13:01:44,UPI,success
T0001211,A001375,A000890,439,2026-06-24T13:11:09,IMPS,failed
T0002110,A001012,A001081,44126,2026-06-24T13:14:32,UPI,success
T0012164,A000776,A000308,8089,2026-06-24T13:17:05,UPI,success
T0013014,A000549,A001044,252,2026-06-24T13:18:11,IMPS,success
T0000386,A000601,A000996,14364,2026-06-24T13:24:11,NEFT,success
T0004150,A000706,A001243,80000,2026-06-24T13:24:27,UPI,success
T0010170,A000376,A000905,25000,2026-06-24T13:24:38,UPI,success
T0010525,A000670,A000331,65000,2026-06-24T13:25:08,IMPS,success
T0011468,A001119,A000785,480,2026-06-24T13:34:39,NEFT,success
T0014861,A000425,A000391,26377,2026-06-24T13:38:57,NEFT,success
T0011042,A001336,A000706,639,2026-06-24T13:44:03,UPI,success
T0001373,A000842,A000435,9161,2026-06-24T13:44:25,IMPS,success
T0005934,A001044,A001005,15000,2026-06-24T13:44:46,IMPS,success
T0009475,A000954,A000690,307,2026-06-24T13:50:55,NEFT,success
T0006767,A000810,A000549,781,2026-06-24T13:51:03,NEFT,success
T0002289,A001142,A000068,80000,2026-06-24T13:53:37,UPI,success
T0014690,A000176,A000279,561,2026-06-24T13:56:10,IMPS,success
T0000243,A001310,A000831,25000,2026-06-24T13:57:31,UPI,success
T0008007,A000560,A000518,106332,2026-06-24T14:00:49,NEFT,success
T0001363,A000867,A000812,2565,2026-06-24T14:01:08,NEFT,success
T0014347,A000410,A001081,2015,2026-06-24T14:09:31,NEFT,success
T0013224,A001011,A000927,114,2026-06-24T14:27:31,NEFT,success
T0008144,A000298,A000124,12212,2026-06-24T14:32:26,IMPS,success
T0009275,A000382,A000971,340,2026-06-24T14:32:46,IMPS,success
T0005467,A000873,A000547,808,2026-06-24T14:36:33,UPI,success
T0013877,A000601,A000377,5000,2026-06-24T14:36:52,UPI,success
T0009030,A000842,A000960,1453,2026-06-24T14:40:02,IMPS,success
T0008157,A001041,A000647,1405,2026-06-24T14:41:31,IMPS,success
T0000589,A000415,A000860,25000,2026-06-24T14:44:05,NEFT,success
T0014009,A000975,A000654,15000,2026-06-24T14:48:43,UPI,success
T0002081,A000290,A000006,40430,2026-06-24T14:50:22,UPI,success
T0002363,A001354,A000598,1167,2026-06-24T14:54:44,NEFT,success
T0006922,A000941,A000806,6931,2026-06-24T14:54:56,IMPS,success
T0007327,A000063,A000778,809,2026-06-24T14:55:44,IMPS,success
T0001186,A001156,A000165,2239,2026-06-24T14:56:50,IMPS,success
T0001366,A000571,A000240,27238,2026-06-24T14:58:13,IMPS,success
T0013422,A000913,A000525,9912,2026-06-24T14:59:08,IMPS,success
T0013516,A001327,A000641,35448,2026-06-24T14:59:58,UPI,success
T0010768,A000003,A000247,238,2026-06-24T15:06:58,NEFT,success
T0011192,A000438,A001145,781,2026-06-24T15:07:34,NEFT,success
T0006947,A000021,A000580,9426,2026-06-24T15:13:15,IMPS,success
T0014000,A000877,A000065,3774,2026-06-24T15:15:15,NEFT,success
T0006654,A001321,A000174,1125,2026-06-24T15:18:42,UPI,success
T0011343,A000142,A001337,5000,2026-06-24T15:20:42,IMPS,success
T0009147,A000209,A001219,8443,2026-06-24T15:23:03,IMPS,success
T0010715,A000133,A000061,609,2026-06-24T15:26:12,IMPS,success
T0003850,A001309,A001054,1320,2026-06-24T15:26:59,NEFT,success
T0012256,A001048,A000961,11232,2026-06-24T15:27:48,UPI,success
T0007293,A000539,A001350,15000,2026-06-24T15:28:45,IMPS,success
T0012554,A001271,A000081,879,2026-06-24T15:29:32,NEFT,success
T0001341,A000050,A000628,12235,2026-06-24T15:30:41,UPI,success
T0008274,A001119,A001251,888,2026-06-24T15:33:22,UPI,success
T0004109,A000992,A000874,13227,2026-06-24T15:34:56,UPI,success
T0000544,A001232,A000583,2288,2026-06-24T15:36:10,UPI,success
T0002187,A000917,A000971,80000,2026-06-24T15:36:33,UPI,success
T0009219,A001346,A000135,546,2026-06-24T15:37:30,IMPS,success
T0012970,A000298,A000890,646,2026-06-24T15:40:58,UPI,success
T0014156,A001145,A000528,13823,2026-06-24T15:49:30,UPI,success
T0000861,A000397,A000212,38784,2026-06-24T15:59:47,IMPS,success
T0012137,A001299,A000335,10080,2026-06-24T16:01:17,UPI,success
T0010970,A000914,A000269,311,2026-06-24T16:04:50,NEFT,success
T0010758,A000323,A000835,540,2026-06-24T16:12:23,NEFT,success
T0002786,A000321,A000215,22867,2026-06-24T16:16:12,NEFT,success
T0007072,A000945,A001361,1298,2026-06-24T16:20:41,UPI,success
T0011898,A001171,A000139,50000,2026-06-24T16:22:00,NEFT,success
T0001647,A000270,A001225,467,2026-06-24T16:22:35,NEFT,success
T0014925,A001124,A000204,2560,2026-06-24T16:23:58,UPI,success
T0007474,A001099,A000739,1216,2026-06-24T16:24:26,NEFT,success
T0004633,A001332,A001122,1360,2026-06-24T16:24:29,NEFT,failed
T0009195,A000052,A000396,827,2026-06-24T16:29:39,UPI,success
T0007810,A000668,A000881,1009,2026-06-24T16:30:39,IMPS,success
T0004284,A000257,A000221,537,2026-06-24T16:34:50,IMPS,success
T0008252,A000225,A001331,6086,2026-06-24T16:37:41,IMPS,success
T0008676,A000786,A000661,630,2026-06-24T16:39:02,UPI,success
T0005939,A000855,A000228,363,2026-06-24T16:40:15,NEFT,success
T0000063,A001386,A001382,114397,2026-06-24T16:41:34,IMPS,success
T0003321,A000710,A000807,7272,2026-06-24T16:42:40,NEFT,success
T0014523,A000406,A000139,29916,2026-06-24T16:43:13,NEFT,success
T0004169,A000134,A000899,545,2026-06-24T16:44:22,UPI,failed
T0013976,A000334,A000604,2760,2026-06-24T16:46:32,UPI,success
T0000255,A000592,A000641,35000,2026-06-24T16:49:05,UPI,success
T0004534,A000984,A000482,1179,2026-06-24T16:49:42,NEFT,failed
T0000160,A001366,A000970,25142,2026-06-24T16:54:00,IMPS,success
T0010326,A000247,A001169,16672,2026-06-24T16:55:25,NEFT,success
T0004338,A000839,A001084,1542,2026-06-24T16:57:45,NEFT,success
T0010964,A000122,A000477,1242,2026-06-24T17:00:43,NEFT,success
T0010401,A000642,A001308,27889,2026-06-24T17:01:13,IMPS,success
T0009402,A001247,A001057,994,2026-06-24T17:02:23,UPI,success
T0013285,A000505,A000839,1066,2026-06-24T17:03:17,IMPS,success
T0003004,A001000,A000968,19599,2026-06-24T17:06:16,NEFT,success
T0012073,A000468,A000095,1144,2026-06-24T17:07:49,NEFT,success
T0008944,A001127,A000974,25000,2026-06-24T17:15:52,IMPS,success
T0004054,A000959,A000611,14207,2026-06-24T17:17:57,IMPS,success
T0009931,A000322,A000978,65000,2026-06-24T17:20:52,NEFT,success
T0010227,A000463,A000111,1155,2026-06-24T17:21:43,UPI,success
T0005396,A000928,A000450,384,2026-06-24T17:23:30,IMPS,success
T0006094,A001264,A000495,507,2026-06-24T17:25:24,IMPS,success
T0003719,A000062,A000663,16583,2026-06-24T17:26:53,IMPS,success
T0005164,A000788,A000815,29910,2026-06-24T17:28:48,UPI,success
T0013174,A001183,A000354,57665,2026-06-24T17:33:23,UPI,success
T0004525,A001366,A001268,2812,2026-06-24T17:38:28,UPI,success
T0012380,A001277,A001099,3607,2026-06-24T17:39:05,IMPS,success
T0010583,A000087,A000528,491,2026-06-24T17:41:06,UPI,success
T0003430,A001337,A001359,592,2026-06-24T17:41:27,UPI,success
T0012781,A000419,A000239,559,2026-06-24T17:43:27,NEFT,success
T0002500,A000982,A000215,247,2026-06-24T17:44:03,UPI,success
T0014736,A000799,A001358,1102,2026-06-24T17:44:12,NEFT,success
T0014407,A000871,A001128,14711,2026-06-24T17:53:53,UPI,success
T0002919,A000992,A001275,1671,2026-06-24T17:54:57,NEFT,success
T0011926,A000699,A000134,991,2026-06-24T17:56:28,NEFT,success
T0002432,A000408,A001219,20718,2026-06-24T17:56:55,NEFT,success
T0009689,A000036,A001261,22766,2026-06-24T18:00:00,UPI,failed
T0003577,A000205,A000682,508,2026-06-24T18:08:13,UPI,success
T0003409,A000411,A000249,35000,2026-06-24T18:09:37,IMPS,success
T0011964,A001282,A000581,18648,2026-06-24T18:13:28,UPI,success
T0014560,A001231,A001005,12997,2026-06-24T18:14:25,IMPS,success
T0001776,A000985,A000218,401,2026-06-24T18:14:53,NEFT,success
T0011074,A000552,A000528,30565,2026-06-24T18:16:12,UPI,success
T0011571,A001208,A000474,80000,2026-06-24T18:17:17,IMPS,success
T0005445,A000267,A000981,4203,2026-06-24T18:20:11,IMPS,success
T0009558,A000971,A001326,1335,2026-06-24T18:20:58,IMPS,success
T0013718,A000047,A000723,50000,2026-06-24T18:22:42,UPI,success
T0012323,A001215,A000148,766,2026-06-24T18:29:41,NEFT,success
T0005777,A000898,A000174,1477,2026-06-24T18:31:46,NEFT,success
T0006869,A000597,A000993,1420,2026-06-24T18:32:31,NEFT,success
T0014618,A000689,A001338,64867,2026-06-24T18:36:30,UPI,success
T0005093,A000912,A000461,80000,2026-06-24T18:43:37,IMPS,success
T0014951,A000722,A001119,1065,2026-06-24T18:44:30,NEFT,success
T0003022,A000942,A001304,14022,2026-06-24T18:48:34,UPI,success
T0004144,A000791,A000754,928,2026-06-24T18:49:59,IMPS,success
T0013993,A001064,A001269,15245,2026-06-24T18:50:30,IMPS,success
T0012527,A001367,A001124,72828,2026-06-24T18:52:20,IMPS,success
T0014225,A001254,A000296,28543,2026-06-24T18:52:21,NEFT,success
T0011783,A000676,A001125,24368,2026-06-24T18:53:42,UPI,failed
T0004494,A000016,A001254,237,2026-06-24T18:55:10,IMPS,success
T0010550,A001070,A000722,13052,2026-06-24T18:56:31,NEFT,success
T0014711,A000155,A001314,80000,2026-06-24T18:57:59,IMPS,success
T0014264,A000643,A000918,241,2026-06-24T19:06:22,UPI,success
T0014363,A001330,A000532,244,2026-06-24T19:10:57,NEFT,success
T0001420,A000735,A001309,3101,2026-06-24T19:14:04,UPI,success
T0007943,A000663,A000995,386,2026-06-24T19:14:41,UPI,success
T0013433,A001308,A000831,710,2026-06-24T19:16:21,NEFT,failed
T0001723,A001289,A000765,48398,2026-06-24T19:20:25,IMPS,success
T0001372,A000600,A000787,25083,2026-06-24T19:21:34,IMPS,success
T0007437,A000660,A001014,5000,2026-06-24T19:22:08,NEFT,success
T0013460,A001331,A001145,80000,2026-06-24T19:22:45,IMPS,success
T0011180,A000420,A000975,262,2026-06-24T19:23:55,UPI,success
T0011025,A000692,A000194,65000,2026-06-24T19:30:29,NEFT,success
T0000635,A000891,A000407,50000,2026-06-24T19:30:47,UPI,success
T0008486,A000978,A000266,10797,2026-06-24T19:35:26,NEFT,success
T0012812,A000566,A000812,22447,2026-06-24T19:39:33,UPI,success
T0009185,A000771,A000496,59703,2026-06-24T19:39:40,NEFT,success
T0014730,A000736,A000881,1110,2026-06-24T19:39:44,IMPS,success
T0014604,A000701,A001262,942,2026-06-24T19:44:50,NEFT,success
T0004986,A001369,A000131,200000,2026-06-24T19:44:56,NEFT,success
T0012274,A000311,A001365,477,2026-06-24T19:49:46,NEFT,success
T0005315,A000563,A000302,20754,2026-06-24T19:52:01,UPI,success
T0009588,A001088,A000229,1110,2026-06-24T19:55:29,NEFT,success
T0010128,A000718,A000596,295,2026-06-24T19:57:07,NEFT,success
T0010518,A000837,A000607,50000,2026-06-24T20:01:14,IMPS,failed
T0010389,A000663,A000884,2434,2026-06-24T20:02:08,IMPS,success
T0009537,A000284,A001122,15000,2026-06-24T20:02:46,UPI,success
T0011466,A001199,A000368,1705,2026-06-24T20:03:15,NEFT,success
T0008710,A000349,A001342,21942,2026-06-24T20:11:18,IMPS,failed
T0005237,A001034,A000468,1129,2026-06-24T20:11:34,IMPS,success
T0012084,A000086,A001136,7303,2026-06-24T20:16:25,NEFT,success
T0011633,A000839,A000536,714,2026-06-24T20:17:55,IMPS,success
T0001021,A000826,A001055,9000,2026-06-24T20:22:34,NEFT,success
T0008271,A001147,A000802,497,2026-06-24T20:23:18,NEFT,success
T0007325,A001100,A000399,12280,2026-06-24T20:24:54,IMPS,success
T0001132,A000771,A000618,281,2026-06-24T20:26:29,UPI,success
T0013773,A000345,A001146,1293,2026-06-24T20:28:58,UPI,success
T0000586,A000900,A000526,416,2026-06-24T20:34:02,UPI,success
T0004918,A000464,A001166,25000,2026-06-24T20:35:31,NEFT,success
T0014024,A000657,A001074,50000,2026-06-24T20:37:03,UPI,success
T0008682,A000594,A001228,499,2026-06-24T20:46:09,NEFT,success
T0009993,A000609,A001044,11030,2026-06-24T20:49:05,IMPS,success
T0006132,A000237,A000567,309,2026-06-24T20:54:29,UPI,success
T0013267,A001122,A000125,2196,2026-06-24T21:00:51,IMPS,success
T0007131,A000695,A000167,15010,2026-06-24T21:03:44,NEFT,success
T0014435,A000407,A001225,49465,2026-06-24T21:04:54,NEFT,success
T0004598,A001023,A000263,75,2026-06-24T21:06:33,UPI,success
T0002647,A000748,A001326,3684,2026-06-24T21:07:25,UPI,success
T0002606,A000259,A000748,76872,2026-06-24T21:08:57,NEFT,success
T0002404,A000238,A000022,25292,2026-06-24T21:13:28,UPI,success
T0007440,A000393,A001049,1651,2026-06-24T21:13:42,NEFT,success
T0007255,A000928,A000152,1153,2026-06-24T21:15:06,UPI,success
T0000046,A001443,A001389,35404,2026-06-24T21:16:28,UPI,success
T0012349,A000255,A000144,471,2026-06-24T21:16:30,NEFT,success
T0004380,A000559,A000190,2470,2026-06-24T21:20:43,NEFT,success
T0014138,A000123,A000910,1700,2026-06-24T21:25:41,UPI,success
T0012815,A001093,A000205,200,2026-06-24T21:26:05,UPI,success
T0007575,A000285,A000500,214,2026-06-24T21:26:16,NEFT,success
T0001824,A001290,A000123,1410,2026-06-24T21:26:33,IMPS,success
T0009914,A000767,A000534,80000,2026-06-24T21:38:51,IMPS,failed
T0003562,A000683,A000207,265,2026-06-24T21:40:57,IMPS,success
T0000020,A001417,A001390,167761,2026-06-24T21:44:21,UPI,success
T0002933,A001022,A000178,1238,2026-06-24T21:44:47,IMPS,success
T0013498,A000821,A000877,952,2026-06-24T21:49:11,UPI,success
T0006200,A000473,A001143,25000,2026-06-24T21:50:07,IMPS,success
T0010217,A000434,A001207,709,2026-06-24T21:50:35,NEFT,success
T0007074,A000994,A000511,319,2026-06-24T21:50:57,NEFT,success
T0009488,A000433,A000888,1852,2026-06-24T21:51:36,NEFT,success
T0008468,A000669,A000815,24619,2026-06-24T21:52:18,IMPS,success
T0009615,A000685,A001145,29921,2026-06-24T21:55:07,NEFT,success
T0010880,A001176,A000474,55,2026-06-24T22:01:07,IMPS,success
T0011836,A000491,A000524,999,2026-06-24T22:03:27,NEFT,success
T0008964,A000002,A000254,50000,2026-06-24T22:04:05,UPI,success
T0014237,A000448,A001040,284,2026-06-24T22:04:46,NEFT,success
T0004989,A000826,A000542,672,2026-06-24T22:05:03,UPI,success
T0002978,A000429,A000787,553,2026-06-24T22:05:45,IMPS,success
T0004029,A001021,A000338,1396,2026-06-24T22:06:02,IMPS,success
T0007545,A000070,A000313,2730,2026-06-24T22:08:53,NEFT,success
T0002104,A000027,A001111,35000,2026-06-24T22:10:41,IMPS,success
T0008447,A000167,A000247,59032,2026-06-24T22:17:45,IMPS,success
T0012891,A000081,A001300,847,2026-06-24T22:18:18,IMPS,success
T0011438,A000686,A000563,615,2026-06-24T22:18:35,NEFT,success
T0013701,A001339,A001305,336,2026-06-24T22:21:36,IMPS,success
T0011588,A000869,A000839,50000,2026-06-24T22:26:55,UPI,success
T0006278,A000871,A000897,25000,2026-06-24T22:27:20,IMPS,success
T0009900,A000559,A000063,3474,2026-06-24T22:33:19,NEFT,success
T0009029,A000458,A000797,9607,2026-06-24T22:41:13,IMPS,success
T0003667,A001080,A001209,598,2026-06-24T22:43:38,UPI,success
T0008059,A000778,A000041,758,2026-06-24T22:43:40,IMPS,success
T0002057,A000031,A000903,650,2026-06-24T22:44:59,IMPS,success
T0005500,A000464,A000974,5647,2026-06-24T22:45:06,IMPS,success
T0001171,A001376,A001206,1114,2026-06-24T22:45:34,IMPS,success
T0004119,A000946,A000063,39975,2026-06-24T22:46:35,UPI,success
T0002087,A000920,A001374,590,2026-06-24T22:50:48,UPI,success
T0001482,A000090,A000766,20199,2026-06-24T22:59:44,IMPS,success
T0001526,A000801,A000198,1302,2026-06-24T23:02:22,IMPS,success
T0002003,A000617,A000183,1500,2026-06-24T23:13:16,UPI,success
T0000030,A001427,A001391,42461,2026-06-24T23:20:13,UPI,success
T0010659,A000871,A000354,1099,2026-06-24T23:23:53,NEFT,success
T0010405,A000986,A001349,34499,2026-06-24T23:24:56,UPI,success
T0002820,A000385,A000866,2943,2026-06-24T23:33:41,IMPS,success
T0005611,A001135,A000917,9292,2026-06-24T23:38:15,IMPS,success
T0005743,A001367,A001302,50000,2026-06-24T23:38:22,NEFT,success
T0003327,A001080,A000337,49935,2026-06-24T23:40:25,IMPS,success
T0006055,A000808,A000805,555,2026-06-24T23:47:58,IMPS,success
T0007556,A000679,A000608,252,2026-06-24T23:48:43,NEFT,success
T0011015,A000650,A000863,35146,2026-06-24T23:51:17,UPI,success
T0001187,A000986,A000545,24036,2026-06-24T23:52:37,UPI,success
T0005405,A001362,A001053,42289,2026-06-24T23:54:19,NEFT,success
T0000326,A000826,A000524,80000,2026-06-24T23:55:54,IMPS,success
T0010206,A000663,A001009,31219,2026-06-24T23:57:09,IMPS,success
T0004725,A000831,A000609,15000,2026-06-24T23:57:53,UPI,success
T0005586,A000469,A001049,778,2026-06-24T23:59:39,NEFT,success
T0014068,A000025,A000464,1193,2026-06-25T00:07:15,IMPS,failed
T0013764,A001048,A000721,2428,2026-06-25T00:09:17,UPI,success
T0002743,A000985,A000771,4243,2026-06-25T00:10:51,NEFT,success
T0010876,A000707,A000430,478,2026-06-25T00:10:59,IMPS,success
T0002884,A000325,A000982,15000,2026-06-25T00:12:04,NEFT,success
T0003662,A000484,A000855,80000,2026-06-25T00:12:07,UPI,success
T0013898,A001196,A000785,47840,2026-06-25T00:13:47,NEFT,success
T0011904,A000547,A001303,1276,2026-06-25T00:15:08,UPI,success
T0010951,A000033,A001367,31315,2026-06-25T00:21:43,IMPS,success
T0005294,A000189,A000773,108,2026-06-25T00:26:23,IMPS,success
T0003946,A000093,A000153,618,2026-06-25T00:29:21,UPI,success
T0004892,A000456,A001237,50000,2026-06-25T00:32:09,NEFT,success
T0010863,A000948,A000229,259,2026-06-25T00:40:19,UPI,success
T0010740,A000066,A001033,780,2026-06-25T00:40:43,UPI,success
T0013314,A000129,A001066,1010,2026-06-25T00:43:15,NEFT,failed
T0014850,A000923,A000767,645,2026-06-25T00:45:25,NEFT,success
T0011247,A000788,A001248,201,2026-06-25T00:46:33,NEFT,success
T0003427,A001272,A000262,1681,2026-06-25T00:49:10,UPI,success
T0006389,A000756,A001073,15000,2026-06-25T00:52:16,UPI,success
T0008155,A000304,A001208,2698,2026-06-25T00:53:43,IMPS,success
T0010276,A000343,A001142,533,2026-06-25T00:54:12,UPI,success
T0000796,A000125,A000616,938,2026-06-25T00:57:34,UPI,success
T0012558,A000053,A000263,502,2026-06-25T00:59:16,UPI,success
T0002893,A000105,A001057,801,2026-06-25T01:03:06,IMPS,success
T0001313,A000577,A000774,1163,2026-06-25T01:08:56,NEFT,success
T0005610,A000703,A000810,407,2026-06-25T01:12:46,IMPS,success
T0003899,A000241,A000489,891,2026-06-25T01:18:45,UPI,success
T0005928,A001301,A001011,7739,2026-06-25T01:19:24,NEFT,success
T0009704,A001182,A001000,1371,2026-06-25T01:21:34,NEFT,success
T0010127,A001326,A000994,2273,2026-06-25T01:24:26,UPI,success
T0008460,A000222,A000768,44353,2026-06-25T01:26:15,UPI,success
T0007666,A001331,A000441,25000,2026-06-25T01:28:28,IMPS,success
T0008639,A000597,A001348,11863,2026-06-25T01:28:29,IMPS,success
T0014862,A000198,A000552,65000,2026-06-25T01:33:48,UPI,success
T0010628,A001199,A000006,17787,2026-06-25T01:35:41,IMPS,success
T0002069,A000890,A001304,348,2026-06-25T01:35:42,UPI,success
T0002662,A000855,A000579,828,2026-06-25T01:39:40,NEFT,success
T0008364,A000159,A001214,15000,2026-06-25T01:40:41,IMPS,success
T0003960,A000886,A000947,410,2026-06-25T01:41:41,NEFT,success
T0001176,A001358,A000123,12901,2026-06-25T01:43:43,IMPS,success
T0002823,A001049,A000490,798,2026-06-25T01:45:18,NEFT,success
T0003888,A000339,A001100,1660,2026-06-25T01:49:16,NEFT,success
T0007169,A000973,A000271,29793,2026-06-25T01:50:00,NEFT,success
T0008320,A000923,A000224,502,2026-06-25T01:50:24,NEFT,success
T0013820,A001058,A001233,80000,2026-06-25T01:51:15,UPI,success
T0013355,A001011,A000759,80000,2026-06-25T01:53:43,IMPS,failed
T0002284,A000098,A000963,441,2026-06-25T02:01:46,NEFT,success
T0002381,A000228,A000739,2571,2026-06-25T02:02:33,NEFT,success
T0003695,A000830,A000046,50000,2026-06-25T02:02:50,NEFT,success
T0008068,A001288,A001104,16946,2026-06-25T02:08:56,NEFT,success
T0001565,A001098,A000546,342,2026-06-25T02:14:41,UPI,success
T0001737,A000236,A000525,1289,2026-06-25T02:18:03,IMPS,success
T0004157,A000844,A000018,56476,2026-06-25T02:19:03,UPI,success
T0014479,A000403,A000208,364,2026-06-25T02:20:45,UPI,success
T0012566,A000086,A001055,909,2026-06-25T02:27:14,UPI,success
T0004158,A000116,A000955,14788,2026-06-25T02:29:41,UPI,success
T0004851,A000035,A001346,1410,2026-06-25T02:32:40,IMPS,success
T0006760,A000189,A000174,1127,2026-06-25T02:38:04,UPI,success
T0004413,A000384,A000338,381,2026-06-25T02:39:54,NEFT,success
T0007723,A000603,A001003,4189,2026-06-25T02:40:50,UPI,success
T0014154,A000337,A000708,76552,2026-06-25T02:44:39,NEFT,success
T0012705,A000350,A000702,723,2026-06-25T02:46:23,UPI,success
T0006465,A000057,A000094,463,2026-06-25T02:50:00,IMPS,success
T0012180,A001145,A001350,1544,2026-06-25T02:52:12,IMPS,success
T0004889,A001103,A000280,39673,2026-06-25T02:54:29,NEFT,success
T0004296,A000282,A000696,80000,2026-06-25T02:54:39,UPI,success
T0003751,A001235,A001244,1355,2026-06-25T02:56:17,NEFT,success
T0014545,A000225,A001299,834,2026-06-25T02:57:28,NEFT,success
T0003868,A000983,A001233,2570,2026-06-25T02:59:34,UPI,success
T0002429,A001153,A000105,896,2026-06-25T03:00:03,NEFT,success
T0000327,A000800,A000389,743,2026-06-25T03:00:36,NEFT,success
T0002853,A001348,A000007,2173,2026-06-25T03:00:41,IMPS,success
T0008781,A000581,A001247,1690,2026-06-25T03:03:14,NEFT,success
T0014317,A000400,A001198,10763,2026-06-25T03:06:08,NEFT,success
T0013815,A000885,A000720,376,2026-06-25T03:11:51,NEFT,success
T0001935,A000867,A001192,35000,2026-06-25T03:16:07,NEFT,success
T0010148,A000214,A000635,35000,2026-06-25T03:22:07,IMPS,success
T0014494,A000126,A000576,35000,2026-06-25T03:22:50,IMPS,success
T0010168,A000830,A001001,35000,2026-06-25T03:23:59,IMPS,success
T0006805,A000696,A000469,80000,2026-06-25T03:26:38,IMPS,success
T0006896,A000476,A000795,932,2026-06-25T03:29:27,IMPS,success
T0014195,A001017,A001258,35000,2026-06-25T03:34:04,NEFT,success
T0008250,A000230,A000810,292,2026-06-25T03:40:06,NEFT,success
T0003426,A000726,A001189,4309,2026-06-25T03:41:52,IMPS,success
T0013831,A000847,A000567,508,2026-06-25T03:42:47,NEFT,success
T0004374,A000890,A000095,1952,2026-06-25T03:42:48,UPI,success
T0006916,A000533,A001363,1317,2026-06-25T03:43:37,IMPS,success
T0013034,A000125,A000897,540,2026-06-25T03:48:39,IMPS,success
T0013888,A000671,A000555,573,2026-06-25T03:54:52,NEFT,success
T0005916,A000124,A000694,653,2026-06-25T04:00:54,UPI,success
T0014350,A000843,A001370,586,2026-06-25T04:04:39,IMPS,success
T0007160,A000362,A001189,86,2026-06-25T04:04:46,UPI,success
T0009659,A000201,A001301,1569,2026-06-25T04:08:20,NEFT,success
T0014835,A000213,A000642,5088,2026-06-25T04:09:45,NEFT,success
T0013251,A000369,A000647,656,2026-06-25T04:14:32,UPI,success
T0012665,A000621,A000528,65000,2026-06-25T04:15:27,NEFT,success
T0013550,A000211,A001210,239,2026-06-25T04:25:30,UPI,success
T0013472,A000264,A001044,448,2026-06-25T04:25:54,IMPS,success
T0002216,A000635,A000170,1163,2026-06-25T04:28:18,NEFT,success
T0006305,A000241,A000399,23834,2026-06-25T04:30:00,IMPS,success
T0006993,A000287,A000810,266,2026-06-25T04:33:39,NEFT,success
T0013350,A001234,A001267,747,2026-06-25T04:35:13,UPI,success
T0009722,A000136,A000046,453,2026-06-25T04:35:56,IMPS,success
T0007519,A000765,A000681,6578,2026-06-25T04:37:19,UPI,success
T0009346,A000564,A000349,25000,2026-06-25T04:37:57,NEFT,success
T0004407,A000547,A000371,35000,2026-06-25T04:38:21,NEFT,failed
T0003231,A000039,A001313,1643,2026-06-25T04:43:00,NEFT,success
T0003323,A000558,A000229,1091,2026-06-25T04:50:37,IMPS,success
T0010081,A000798,A000016,50000,2026-06-25T04:53:09,IMPS,success
T0014790,A000489,A000331,265,2026-06-25T04:56:48,NEFT,success
T0013059,A000535,A000992,1057,2026-06-25T04:58:57,NEFT,success
T0007694,A000355,A001109,54747,2026-06-25T05:04:44,IMPS,success
T0013686,A000880,A000959,656,2026-06-25T05:10:01,NEFT,success
T0004394,A000552,A000120,541,2026-06-25T05:11:58,IMPS,success
T0004841,A000298,A000403,111666,2026-06-25T05:13:26,IMPS,success
T0004876,A000790,A000631,542,2026-06-25T05:14:41,IMPS,success
T0000024,A001421,A001394,185734,2026-06-25T05:15:56,UPI,success
T0001614,A000618,A000357,813,2026-06-25T05:17:28,UPI,success
T0009371,A000588,A000883,313,2026-06-25T05:21:59,NEFT,success
T0008301,A000700,A000513,19786,2026-06-25T05:22:10,NEFT,success
T0012552,A000162,A000198,65000,2026-06-25T05:25:44,IMPS,success
T0009321,A001134,A000672,2048,2026-06-25T05:26:51,IMPS,success
T0002847,A000031,A000417,3017,2026-06-25T05:28:09,UPI,success
T0000517,A000435,A000523,50000,2026-06-25T05:30:08,IMPS,success
T0008224,A001265,A000744,942,2026-06-25T05:31:46,IMPS,success
T0003207,A001251,A001319,288,2026-06-25T05:33:09,UPI,success
T0001847,A001255,A001186,705,2026-06-25T05:33:34,UPI,success
T0014979,A000864,A001120,410,2026-06-25T05:38:59,UPI,success
T0012245,A000801,A000906,10247,2026-06-25T05:39:48,UPI,success
T0004175,A000614,A001255,15000,2026-06-25T05:41:07,UPI,success
T0004798,A001216,A001194,50000,2026-06-25T05:41:27,IMPS,success
T0003744,A001142,A001375,383,2026-06-25T05:43:26,UPI,success
T0008988,A000610,A000712,674,2026-06-25T05:44:07,NEFT,success
T0000580,A000626,A001226,65000,2026-06-25T05:47:33,NEFT,success
T0008471,A001190,A001193,152,2026-06-25T05:49:44,UPI,success
T0011848,A000010,A000797,1161,2026-06-25T05:53:06,UPI,success
T0009038,A000670,A000794,529,2026-06-25T05:55:03,UPI,success
T0004731,A000275,A000779,230,2026-06-25T05:56:58,IMPS,success
T0011766,A000072,A000080,9230,2026-06-25T06:00:45,IMPS,success
T0013805,A001303,A000381,15000,2026-06-25T06:01:51,UPI,success
T0013372,A000828,A001276,1861,2026-06-25T06:03:11,NEFT,success
T0013381,A000232,A000972,2481,2026-06-25T06:03:53,NEFT,success
T0012920,A001267,A000081,5000,2026-06-25T06:04:11,NEFT,success
T0005917,A001372,A000401,8469,2026-06-25T06:04:15,NEFT,success
T0003356,A000546,A000082,654,2026-06-25T06:04:20,UPI,success
T0006512,A000414,A000022,2901,2026-06-25T06:15:24,NEFT,success
T0004135,A000165,A000178,25000,2026-06-25T06:16:51,UPI,success
T0010302,A000540,A000345,68715,2026-06-25T06:19:07,UPI,success
T0001215,A001072,A000830,1105,2026-06-25T06:23:19,UPI,success
T0006593,A000575,A000350,24083,2026-06-25T06:26:43,UPI,success
T0005446,A001030,A000754,15000,2026-06-25T06:27:27,NEFT,success
T0000248,A000220,A001253,15000,2026-06-25T06:28:36,UPI,success
T0009907,A001348,A001205,651,2026-06-25T06:30:08,IMPS,success
T0011288,A000971,A000819,1151,2026-06-25T06:32:52,UPI,success
T0012627,A001033,A001189,25098,2026-06-25T06:33:49,IMPS,success
T0010959,A000599,A000034,15000,2026-06-25T06:34:26,IMPS,success
T0001201,A001006,A000975,839,2026-06-25T06:38:07,NEFT,success
T0013880,A000479,A000615,812,2026-06-25T06:47:18,IMPS,success
T0014076,A001130,A000888,283,2026-06-25T06:56:45,NEFT,success
T0002236,A000139,A001108,91,2026-06-25T06:57:50,NEFT,success
T0004334,A000899,A000329,23156,2026-06-25T06:57:51,IMPS,success
T0014430,A000155,A000681,511,2026-06-25T07:02:49,IMPS,success
T0003324,A001332,A000640,1515,2026-06-25T07:05:18,NEFT,success
T0005067,A001100,A000533,61142,2026-06-25T07:07:15,UPI,success
T0010034,A000429,A000263,63387,2026-06-25T07:08:39,NEFT,success
T0011333,A000006,A000568,562,2026-06-25T07:09:22,IMPS,success
T0003276,A000159,A000282,431,2026-06-25T07:11:33,IMPS,success
T0003845,A000548,A000769,1843,2026-06-25T07:12:31,NEFT,success
T0002514,A000092,A000572,16271,2026-06-25T07:17:56,IMPS,success
T0011115,A000409,A000930,438,2026-06-25T07:20:31,IMPS,success
T0001008,A000305,A000650,517,2026-06-25T07:23:47,NEFT,success
T0013687,A001046,A000003,538,2026-06-25T07:24:05,UPI,success
T0007388,A001168,A000968,1100,2026-06-25T07:24:06,NEFT,success
T0007670,A001175,A000289,1130,2026-06-25T07:27:33,NEFT,success
T0010286,A000828,A001136,3126,2026-06-25T07:30:11,IMPS,success
T0013652,A001197,A001373,141,2026-06-25T07:30:29,NEFT,success
T0010589,A000575,A000766,25000,2026-06-25T07:34:24,IMPS,success
T0009206,A000564,A000341,80000,2026-06-25T07:35:52,IMPS,success
T0001900,A000128,A000736,207,2026-06-25T07:37:15,UPI,success
T0000017,A001414,A001396,34341,2026-06-25T07:40:50,UPI,success
T0006392,A000835,A000971,294,2026-06-25T07:41:11,UPI,success
T0013502,A000032,A001027,173,2026-06-25T07:44:21,IMPS,success
T0001128,A001209,A000121,322,2026-06-25T07:51:30,NEFT,success
T0002708,A000676,A001057,1982,2026-06-25T07:52:43,IMPS,success
T0002604,A001355,A000173,485,2026-06-25T07:56:13,NEFT,success
T0014031,A000336,A000177,754,2026-06-25T07:59:33,UPI,success
T0006736,A000366,A001001,655,2026-06-25T08:00:59,IMPS,success
T0014060,A000691,A000791,273,2026-06-25T08:05:36,IMPS,success
T0004000,A000404,A000745,372,2026-06-25T08:06:31,IMPS,success
T0012247,A001294,A000069,410,2026-06-25T08:07:13,IMPS,success
T0000978,A000759,A000823,80000,2026-06-25T08:08:17,IMPS,success
T0001231,A000450,A000490,1024,2026-06-25T08:09:49,NEFT,success
T0011429,A001336,A001285,52089,2026-06-25T08:11:18,UPI,success
T0002768,A001078,A001204,50000,2026-06-25T08:17:45,UPI,success
T0004080,A001141,A000413,15000,2026-06-25T08:18:05,UPI,success
T0006958,A001113,A000462,15000,2026-06-25T08:23:46,UPI,success
T0004142,A000023,A000543,29997,2026-06-25T08:23:51,IMPS,success
T0005186,A000288,A000253,1678,2026-06-25T08:29:15,UPI,success
T0012740,A000994,A001180,21986,2026-06-25T08:29:57,IMPS,success
T0009548,A000649,A000307,589,2026-06-25T08:38:35,NEFT,success
T0005413,A000490,A000710,81664,2026-06-25T08:40:18,NEFT,success
T0006684,A000671,A000831,797,2026-06-25T08:45:54,NEFT,failed
T0009272,A000526,A001037,25000,2026-06-25T08:47:26,NEFT,success
T0007505,A001268,A000198,35000,2026-06-25T08:54:41,IMPS,success
T0012462,A000692,A000078,1325,2026-06-25T08:57:14,UPI,success
T0005010,A001120,A000999,823,2026-06-25T09:01:50,IMPS,success
T0006171,A000213,A000356,974,2026-06-25T09:04:16,NEFT,success
T0012352,A000229,A001012,249,2026-06-25T09:10:31,IMPS,success
T0007068,A000146,A000143,318,2026-06-25T09:12:24,IMPS,success
T0002040,A001359,A000308,65000,2026-06-25T09:19:03,UPI,success
T0014917,A001115,A000134,726,2026-06-25T09:22:32,NEFT,success
T0001937,A000438,A000220,965,2026-06-25T09:25:38,IMPS,success
T0008624,A001257,A000304,772,2026-06-25T09:25:49,IMPS,success
T0013308,A001369,A000491,1156,2026-06-25T09:26:35,UPI,success
T0011995,A000383,A000922,2857,2026-06-25T09:31:13,NEFT,success
T0014768,A000651,A000633,61679,2026-06-25T09:43:10,NEFT,success
T0004433,A000197,A001160,33987,2026-06-25T09:43:19,IMPS,success
T0007276,A001158,A000644,5834,2026-06-25T09:44:16,NEFT,success
T0011939,A000799,A001304,122156,2026-06-25T09:44:30,IMPS,success
T0008889,A000569,A001361,583,2026-06-25T09:45:48,IMPS,success
T0010269,A000125,A000218,5304,2026-06-25T09:49:13,IMPS,success
T0000717,A000260,A000125,353,2026-06-25T09:52:25,NEFT,success
T0003450,A000893,A000480,470,2026-06-25T09:53:24,NEFT,success
T0001666,A000628,A000888,50000,2026-06-25T09:53:47,UPI,success
T0006879,A000093,A000009,66071,2026-06-25T09:59:36,IMPS,failed
T0006384,A001329,A000116,636,2026-06-25T10:00:27,IMPS,success
T0004451,A001034,A000544,29338,2026-06-25T10:02:28,UPI,success
T0001560,A000553,A001080,1304,2026-06-25T10:03:55,NEFT,success
T0002335,A000713,A000359,496,2026-06-25T10:08:33,UPI,success
T0009544,A000149,A000284,65000,2026-06-25T10:10:39,NEFT,success
T0013528,A000678,A000904,657,2026-06-25T10:11:44,IMPS,success
T0014627,A000372,A000636,1154,2026-06-25T10:13:33,NEFT,success
T0013452,A000966,A001152,25000,2026-06-25T10:22:36,IMPS,success
T0004639,A000484,A000311,25000,2026-06-25T10:28:25,NEFT,success
T0007195,A000996,A000607,15000,2026-06-25T10:30:21,IMPS,success
T0003978,A000889,A000706,1423,2026-06-25T10:30:38,NEFT,success
T0003196,A000015,A000863,876,2026-06-25T10:31:04,IMPS,success
T0007344,A000499,A000974,12188,2026-06-25T10:33:07,NEFT,success
T0007661,A000388,A000648,952,2026-06-25T10:34:44,IMPS,success
T0001257,A000823,A000638,25548,2026-06-25T10:38:44,NEFT,success
T0012171,A000447,A000943,559,2026-06-25T10:40:24,UPI,success
T0010397,A000151,A000532,567,2026-06-25T10:42:28,NEFT,success
T0003157,A001196,A000037,1551,2026-06-25T10:44:10,NEFT,success
T0005505,A000297,A001233,401,2026-06-25T10:47:00,UPI,success
T0013583,A000132,A000941,990,2026-06-25T10:51:07,UPI,success
T0000179,A000605,A000641,1734,2026-06-25T10:55:49,NEFT,success
T0011946,A001352,A000726,1001,2026-06-25T11:00:39,NEFT,success
T0008836,A001329,A000486,2310,2026-06-25T11:00:46,UPI,success
T0003711,A000915,A000098,8104,2026-06-25T11:03:28,NEFT,success
T0004126,A000435,A001363,23107,2026-06-25T11:04:17,IMPS,success
T0009246,A000139,A000126,348,2026-06-25T11:08:06,IMPS,success
T0010908,A001333,A000510,1011,2026-06-25T11:17:09,UPI,success
T0000276,A001192,A000716,324,2026-06-25T11:20:07,UPI,success
T0002320,A000153,A001331,963,2026-06-25T11:20:31,IMPS,success
T0004205,A000596,A000676,80000,2026-06-25T11:21:48,UPI,success
T0009735,A000322,A000208,568,2026-06-25T11:21:50,IMPS,success
T0000927,A001069,A000146,16554,2026-06-25T11:25:28,UPI,success
T0012520,A001324,A000031,374,2026-06-25T11:27:29,UPI,success
T0010219,A000591,A000307,1200,2026-06-25T11:27:40,IMPS,success
T0007572,A000719,A000461,4612,2026-06-25T11:41:59,NEFT,success
T0002356,A000334,A000478,243,2026-06-25T11:43:24,IMPS,success
T0005201,A000288,A000174,35000,2026-06-25T11:47:11,IMPS,success
T0010489,A000503,A001140,12652,2026-06-25T11:47:26,UPI,success
T0010301,A001355,A000485,65000,2026-06-25T11:47:50,UPI,success
T0004011,A001074,A000874,45762,2026-06-25T11:49:24,IMPS,success
T0003701,A000697,A001223,1030,2026-06-25T11:50:48,IMPS,success
T0008280,A000178,A001349,513,2026-06-25T12:01:20,UPI,success
T0010792,A000628,A000356,1599,2026-06-25T12:02:35,UPI,success
T0005348,A000763,A001096,313,2026-06-25T12:06:02,UPI,success
T0010004,A001218,A000792,2176,2026-06-25T12:08:12,NEFT,success
T0005595,A000136,A000165,19337,2026-06-25T12:08:30,IMPS,success
T0001121,A001036,A000176,2584,2026-06-25T12:10:37,NEFT,success
T0011086,A001202,A000398,916,2026-06-25T12:11:48,UPI,success
T0009042,A000030,A000409,5000,2026-06-25T12:12:21,UPI,success
T0012148,A001076,A000682,20392,2026-06-25T12:13:59,IMPS,success
T0012381,A000159,A000388,3348,2026-06-25T12:20:17,UPI,success
T0011796,A000867,A000621,273,2026-06-25T12:21:41,UPI,success
T0007983,A000600,A000280,98247,2026-06-25T12:23:19,IMPS,success
T0009573,A000171,A000151,365,2026-06-25T12:23:35,IMPS,success
T0013787,A000159,A000511,1113,2026-06-25T12:23:35,UPI,success
T0005300,A000482,A000633,1915,2026-06-25T12:27:44,IMPS,success
T0007503,A000531,A001107,703,2026-06-25T12:33:01,UPI,success
T0000474,A000786,A000708,35000,2026-06-25T12:35:38,NEFT,success
T0004761,A000297,A000838,10237,2026-06-25T12:45:21,IMPS,success
T0012884,A000503,A000950,29918,2026-06-25T12:45:30,NEFT,success
T0009289,A000563,A000989,931,2026-06-25T12:46:49,UPI,success
T0013188,A000119,A000969,545,2026-06-25T12:56:51,IMPS,success
T0004672,A001378,A001152,80000,2026-06-25T13:03:42,NEFT,success
T0006731,A000094,A000294,228,2026-06-25T13:08:59,IMPS,success
T0003950,A001066,A001289,80000,2026-06-25T13:10:11,IMPS,success
T0009280,A001040,A001378,843,2026-06-25T13:11:02,UPI,success
T0007247,A000312,A000630,888,2026-06-25T13:16:48,NEFT,failed
T0001250,A000649,A000117,452,2026-06-25T13:17:04,IMPS,success
T0013243,A000291,A000662,7926,2026-06-25T13:17:11,UPI,success
T0008203,A001207,A000519,144,2026-06-25T13:19:56,NEFT,success
T0004356,A001109,A000840,65000,2026-06-25T13:27:09,IMPS,success
T0009345,A000062,A001329,24712,2026-06-25T13:31:01,NEFT,success
T0014044,A000018,A000584,556,2026-06-25T13:31:24,UPI,success
T0004506,A000188,A000716,1224,2026-06-25T13:31:28,NEFT,success
T0007912,A000380,A001289,180,2026-06-25T13:31:48,IMPS,success
T0013203,A001075,A001019,6968,2026-06-25T13:36:57,NEFT,success
T0010713,A000803,A000684,870,2026-06-25T13:39:25,UPI,success
T0001990,A000480,A001048,593,2026-06-25T13:39:50,UPI,success
T0005536,A000587,A000748,792,2026-06-25T13:46:10,NEFT,success
T0008752,A000494,A001261,22167,2026-06-25T13:48:17,IMPS,failed
T0005867,A000248,A001369,10458,2026-06-25T13:48:40,NEFT,success
T0003683,A000833,A000670,192,2026-06-25T13:48:48,NEFT,success
T0007292,A000408,A000864,27389,2026-06-25T13:53:46,IMPS,success
T0001922,A001298,A001322,911,2026-06-25T13:55:11,IMPS,success
T0008420,A001243,A000875,385,2026-06-25T13:55:22,IMPS,success
T0004233,A000231,A001208,659,2026-06-25T13:56:38,IMPS,success
T0007406,A001238,A000930,16201,2026-06-25T13:57:22,NEFT,success
T0013580,A000049,A001027,804,2026-06-25T13:58:53,IMPS,success
T0002041,A000421,A001329,80000,2026-06-25T13:59:51,UPI,success
T0009941,A001081,A000652,186,2026-06-25T14:03:42,IMPS,success
T0000749,A000210,A000636,15000,2026-06-25T14:04:21,NEFT,success
T0009482,A000848,A001097,529,2026-06-25T14:07:20,NEFT,success
T0013709,A001329,A000769,1101,2026-06-25T14:11:05,IMPS,success
T0007000,A000079,A001202,3511,2026-06-25T14:14:46,NEFT,success
T0003198,A000168,A000430,1083,2026-06-25T14:17:28,IMPS,success
T0010595,A000354,A001007,40835,2026-06-25T14:18:32,UPI,success
T0014329,A001295,A000463,50000,2026-06-25T14:22:53,UPI,success
T0004938,A000507,A000588,8162,2026-06-25T14:24:12,NEFT,success
T0014030,A001381,A000514,28272,2026-06-25T14:24:48,IMPS,success
T0009936,A000951,A000053,617,2026-06-25T14:26:10,UPI,success
T0004420,A000543,A001341,1103,2026-06-25T14:26:36,UPI,success
T0002720,A000834,A000705,3056,2026-06-25T14:32:58,NEFT,success
T0009851,A001120,A001031,524,2026-06-25T14:34:15,IMPS,success
T0012252,A000921,A000190,19002,2026-06-25T14:35:28,NEFT,success
T0001805,A000121,A000968,1342,2026-06-25T14:37:13,IMPS,success
T0003477,A000878,A000338,69367,2026-06-25T14:40:07,NEFT,success
T0012388,A000392,A000282,2620,2026-06-25T14:40:34,IMPS,failed
T0001615,A001010,A000761,80000,2026-06-25T14:43:21,IMPS,success
T0006804,A000186,A000875,3238,2026-06-25T14:43:50,NEFT,success
T0004354,A000369,A000210,32815,2026-06-25T14:46:41,IMPS,success
T0010085,A000347,A001079,80000,2026-06-25T14:50:44,IMPS,success
T0006627,A001067,A001371,4971,2026-06-25T14:50:58,IMPS,success
T0003419,A000107,A000642,151,2026-06-25T14:54:20,UPI,success
T0003393,A001035,A000151,27032,2026-06-25T14:55:06,IMPS,success
T0004767,A001084,A000955,462,2026-06-25T14:57:15,UPI,success
T0000858,A001151,A000548,509,2026-06-25T14:59:23,NEFT,success
T0008042,A000091,A000906,49701,2026-06-25T15:06:42,NEFT,success
T0012216,A000399,A000772,7162,2026-06-25T15:13:03,IMPS,success
T0013153,A000350,A001231,48774,2026-06-25T15:17:23,UPI,success
T0009116,A000260,A000635,21327,2026-06-25T15:18:51,IMPS,success
T0003605,A000782,A000743,382,2026-06-25T15:21:13,IMPS,success
T0012469,A000300,A001165,771,2026-06-25T15:24:36,IMPS,success
T0009718,A000258,A000894,392,2026-06-25T15:24:45,UPI,success
T0012321,A000523,A001255,726,2026-06-25T15:34:42,IMPS,success
T0000137,A000233,A000190,150,2026-06-25T15:36:38,IMPS,success
T0000366,A001162,A000073,2282,2026-06-25T15:44:58,IMPS,success
T0013317,A000414,A000478,802,2026-06-25T15:48:53,IMPS,success
T0003463,A000425,A000135,12185,2026-06-25T15:54:56,UPI,success
T0006147,A000714,A000843,556,2026-06-25T15:58:10,IMPS,success
T0005650,A000318,A001260,20355,2026-06-25T16:08:55,IMPS,success
T0000018,A001415,A001397,229803,2026-06-25T16:17:01,UPI,success
T0013803,A000077,A000787,1528,2026-06-25T16:17:54,UPI,success
T0008883,A000712,A001278,35000,2026-06-25T16:19:45,NEFT,success
T0005664,A000120,A000476,463,2026-06-25T16:22:53,NEFT,success
T0012571,A000882,A001292,306,2026-06-25T16:24:49,UPI,success
T0011319,A000385,A001230,7464,2026-06-25T16:25:04,UPI,success
T0003258,A001019,A000464,473,2026-06-25T16:29:02,NEFT,success
T0011953,A000731,A000894,9459,2026-06-25T16:32:50,UPI,success
T0010366,A001060,A000124,29931,2026-06-25T16:35:43,IMPS,success
T0004625,A001110,A000311,122,2026-06-25T16:40:52,IMPS,success
T0007632,A000979,A001271,511,2026-06-25T16:43:39,UPI,success
T0007233,A000356,A000593,5714,2026-06-25T16:45:38,IMPS,success
T0005888,A000629,A001142,35000,2026-06-25T16:49:02,IMPS,success
T0014503,A001329,A000268,65000,2026-06-25T17:00:30,IMPS,success
T0011484,A000328,A000934,5000,2026-06-25T17:02:42,IMPS,success
T0000035,A001432,A001396,122562,2026-06-25T17:05:28,UPI,success
T0003750,A001051,A001091,3162,2026-06-25T17:05:51,IMPS,success
T0010048,A001130,A000451,2181,2026-06-25T17:06:10,UPI,success
T0006733,A000057,A000854,1276,2026-06-25T17:06:30,UPI,success
T0002420,A000706,A000695,50231,2026-06-25T17:06:38,NEFT,success
T0006014,A000437,A000459,1469,2026-06-25T17:07:20,NEFT,success
T0004228,A000507,A000542,1123,2026-06-25T17:09:47,UPI,success
T0002166,A000527,A001179,2486,2026-06-25T17:13:48,NEFT,success
T0005433,A000719,A001331,80000,2026-06-25T17:15:52,IMPS,success
T0002101,A001089,A000794,35000,2026-06-25T17:19:17,UPI,success
T0001971,A000529,A001076,148,2026-06-25T17:19:30,UPI,success
T0010137,A000194,A000015,10758,2026-06-25T17:19:35,UPI,success
T0006352,A000022,A000315,16258,2026-06-25T17:24:13,IMPS,success
T0009266,A000754,A000262,1392,2026-06-25T17:27:00,IMPS,success
T0013950,A000644,A000393,683,2026-06-25T17:30:21,NEFT,success
T0000960,A000053,A000003,9831,2026-06-25T17:31:57,NEFT,success
T0009208,A000329,A000078,767,2026-06-25T17:34:50,IMPS,success
T0014776,A001359,A000910,4530,2026-06-25T17:34:58,IMPS,success
T0006007,A000015,A000843,2526,2026-06-25T17:41:22,NEFT,success
T0004300,A000643,A000037,696,2026-06-25T17:49:47,NEFT,success
T0000454,A000165,A000794,48775,2026-06-25T17:51:46,IMPS,success
T0007657,A001214,A000604,586,2026-06-25T17:53:23,IMPS,success
T0011225,A000907,A000525,33062,2026-06-25T17:57:48,UPI,success
T0008986,A000662,A001296,17550,2026-06-25T17:59:22,IMPS,success
T0001865,A000125,A001278,649,2026-06-25T18:02:56,NEFT,success
T0002821,A001045,A000846,80000,2026-06-25T18:04:17,NEFT,success
T0004794,A000492,A000359,50000,2026-06-25T18:07:48,IMPS,success
T0014240,A000993,A000126,70,2026-06-25T18:07:49,UPI,success
T0003301,A000792,A000875,17859,2026-06-25T18:08:14,NEFT,success
T0006803,A000197,A001152,749,2026-06-25T18:10:17,IMPS,success
T0014922,A000736,A001018,50000,2026-06-25T18:14:10,NEFT,success
T0012904,A000521,A000894,1067,2026-06-25T18:14:17,UPI,success
T0014180,A000797,A000756,283,2026-06-25T18:14:33,IMPS,success
T0010251,A000410,A001309,28931,2026-06-25T18:17:02,UPI,success
T0011439,A000442,A000187,678,2026-06-25T18:18:05,UPI,success
T0004718,A000636,A000999,1089,2026-06-25T18:19:25,UPI,success
T0012144,A000886,A000018,10585,2026-06-25T18:23:37,IMPS,success
T0014391,A000296,A000295,1352,2026-06-25T18:25:24,UPI,success
T0011349,A000463,A001323,544,2026-06-25T18:28:05,NEFT,success
T0006860,A000207,A001230,1307,2026-06-25T18:29:32,NEFT,success
T0008629,A000659,A001141,15000,2026-06-25T18:31:54,NEFT,success
T0000780,A001349,A001355,163,2026-06-25T18:40:35,UPI,success
T0003638,A000533,A001068,1879,2026-06-25T18:40:49,NEFT,success
T0011798,A000294,A001146,1246,2026-06-25T18:42:22,NEFT,success
T0000882,A000230,A000327,4089,2026-06-25T18:43:34,UPI,success
T0013417,A000225,A000710,774,2026-06-25T18:46:48,UPI,success
T0003019,A000691,A000107,44593,2026-06-25T18:50:36,UPI,success
T0013887,A000951,A000548,35000,2026-06-25T18:51:03,UPI,success
T0014637,A000616,A000774,554,2026-06-25T18:51:53,UPI,success
T0005487,A000636,A000479,581,2026-06-25T18:56:44,UPI,success
T0012011,A000265,A001267,40068,2026-06-25T19:00:42,IMPS,success
T0006290,A000668,A001196,551,2026-06-25T19:01:16,IMPS,success
T0000228,A000755,A000636,20489,2026-06-25T19:03:12,IMPS,success
T0010064,A001280,A000483,699,2026-06-25T19:03:39,IMPS,success
T0011772,A000750,A001302,1409,2026-06-25T19:15:43,UPI,success
T0007036,A000526,A001031,5000,2026-06-25T19:16:14,NEFT,success
T0012575,A000050,A000800,25000,2026-06-25T19:20:07,NEFT,success
T0012157,A000419,A000673,300,2026-06-25T19:21:18,NEFT,success
T0011899,A000445,A001000,236,2026-06-25T19:27:32,NEFT,success
T0008142,A000807,A001334,15000,2026-06-25T19:27:55,IMPS,success
T0001917,A000779,A000367,2005,2026-06-25T19:28:34,NEFT,success
T0008950,A000212,A001185,6752,2026-06-25T19:31:36,NEFT,success
T0010960,A001296,A000369,1566,2026-06-25T19:36:50,NEFT,success
T0012992,A000032,A000854,1850,2026-06-25T19:37:24,NEFT,success
T0013795,A001287,A000707,1269,2026-06-25T19:37:25,IMPS,success
T0003242,A001100,A000153,25000,2026-06-25T19:54:40,NEFT,success
T0008870,A000384,A000529,35000,2026-06-25T19:55:17,IMPS,success
T0014481,A001198,A001367,1331,2026-06-25T19:55:27,IMPS,success
T0008431,A000196,A001047,142,2026-06-25T19:56:43,NEFT,success
T0010948,A000087,A000679,43061,2026-06-25T19:56:54,NEFT,success
T0002783,A000654,A000278,181,2026-06-25T19:57:10,NEFT,success
T0005362,A000205,A001103,777,2026-06-25T19:58:25,UPI,success
T0007269,A001281,A001054,1234,2026-06-25T20:02:32,UPI,success
T0002588,A001092,A001084,21951,2026-06-25T20:03:14,IMPS,success
T0001477,A000378,A000949,1868,2026-06-25T20:04:53,UPI,success
T0014292,A000449,A000207,314,2026-06-25T20:09:07,NEFT,success
T0011641,A000555,A001223,574,2026-06-25T20:15:15,IMPS,success
T0010566,A001235,A000733,32365,2026-06-25T20:19:01,NEFT,success
T0003442,A001088,A001279,1216,2026-06-25T20:19:30,NEFT,success
T0005342,A000374,A001305,16865,2026-06-25T20:23:50,UPI,success
T0013619,A000435,A000428,793,2026-06-25T20:25:15,UPI,success
T0008970,A000909,A000719,15000,2026-06-25T20:29:34,IMPS,success
T0007367,A000196,A000523,9038,2026-06-25T20:31:37,NEFT,success
T0013826,A000852,A001373,8303,2026-06-25T20:36:27,NEFT,success
T0002398,A000836,A000287,50000,2026-06-25T20:38:51,UPI,success
T0001037,A001378,A000866,651,2026-06-25T20:41:04,IMPS,success
T0012524,A000494,A000049,11975,2026-06-25T20:44:19,UPI,success
T0003955,A000832,A001304,642,2026-06-25T20:45:58,UPI,success
T0006090,A000612,A000947,462,2026-06-25T20:47:22,IMPS,success
T0004846,A000465,A000789,65000,2026-06-25T20:47:50,IMPS,success
T0012563,A000292,A000287,814,2026-06-25T20:48:09,IMPS,success
T0001605,A000480,A000443,35000,2026-06-25T20:49:03,NEFT,success
T0003187,A000732,A000966,243,2026-06-25T20:57:43,UPI,success
T0013534,A000100,A000646,1358,2026-06-25T21:01:57,IMPS,success
T0009442,A000993,A001015,704,2026-06-25T21:02:34,NEFT,success
T0002115,A001029,A000200,50000,2026-06-25T21:04:02,NEFT,success
T0005959,A000028,A000136,1485,2026-06-25T21:05:28,UPI,success
T0011606,A000382,A001310,71477,2026-06-25T21:06:26,IMPS,success
T0002435,A000917,A000540,21682,2026-06-25T21:07:31,IMPS,success
T0013018,A000670,A000252,367,2026-06-25T21:09:19,IMPS,success
T0013992,A001329,A000795,197,2026-06-25T21:10:46,IMPS,success
T0009444,A000745,A001126,727,2026-06-25T21:14:45,IMPS,success
T0008876,A001271,A000398,5616,2026-06-25T21:22:08,IMPS,success
T0007815,A000507,A000356,32812,2026-06-25T21:22:10,UPI,success
T0012739,A000712,A001293,1100,2026-06-25T21:26:41,UPI,success
T0006326,A000538,A000763,649,2026-06-25T21:28:30,IMPS,success
T0002788,A000580,A000180,91330,2026-06-25T21:30:53,NEFT,success
T0009962,A001242,A001192,33057,2026-06-25T21:31:06,UPI,success
T0010635,A001257,A001203,927,2026-06-25T21:33:35,UPI,success
T0004927,A000959,A001274,938,2026-06-25T21:37:32,NEFT,success
T0008172,A000096,A000775,173,2026-06-25T21:37:56,UPI,success
T0014612,A000288,A000988,1535,2026-06-25T21:38:41,NEFT,success
T0004077,A001291,A000015,109,2026-06-25T21:41:58,UPI,success
T0000433,A000226,A000192,1521,2026-06-25T21:46:45,IMPS,success
T0010598,A000970,A000530,22123,2026-06-25T21:47:11,IMPS,success
T0006969,A000782,A000623,25891,2026-06-25T21:51:13,UPI,success
T0007719,A000456,A001204,26420,2026-06-25T21:53:27,NEFT,success
T0012138,A001089,A000346,569,2026-06-25T21:59:31,IMPS,success
T0008229,A000911,A000556,15000,2026-06-25T22:03:06,UPI,success
T0005286,A000972,A001140,80000,2026-06-25T22:05:14,NEFT,success
T0004549,A000351,A000778,856,2026-06-25T22:10:14,UPI,success
T0000431,A000801,A000731,875,2026-06-25T22:19:18,IMPS,success
T0013061,A000672,A000733,37559,2026-06-25T22:21:15,IMPS,success
T0002734,A000935,A001284,11482,2026-06-25T22:22:28,NEFT,success
T0005974,A000244,A000852,27894,2026-06-25T22:23:56,NEFT,success
T0001553,A001352,A000915,3839,2026-06-25T22:26:20,NEFT,success
T0012204,A000349,A001044,670,2026-06-25T22:27:18,UPI,success
T0010928,A000652,A001127,600,2026-06-25T22:31:14,IMPS,success
T0012964,A001142,A000827,65000,2026-06-25T22:35:17,UPI,success
T0012213,A001299,A000922,711,2026-06-25T22:35:57,IMPS,success
T0008610,A001081,A000543,10297,2026-06-25T22:36:55,UPI,success
T0003778,A000502,A001153,196,2026-06-25T22:37:07,IMPS,success
T0005540,A000838,A000900,112103,2026-06-25T22:40:48,UPI,success
T0009326,A000056,A001262,20759,2026-06-25T22:40:54,NEFT,success
T0014328,A001052,A000427,771,2026-06-25T22:41:47,IMPS,success
T0003174,A001053,A000255,830,2026-06-25T22:41:56,IMPS,success
T0006127,A000149,A001172,687,2026-06-25T22:42:17,UPI,success
T0010526,A001212,A000269,61865,2026-06-25T22:50:35,NEFT,success
T0009060,A001331,A000047,1660,2026-06-25T22:54:50,IMPS,success
T0007208,A001100,A000043,687,2026-06-25T22:56:55,NEFT,success
T0011559,A000065,A000832,411,2026-06-25T22:58:17,UPI,success
T0001214,A000575,A001205,57610,2026-06-25T22:59:52,IMPS,success
T0004371,A000355,A000285,610,2026-06-25T23:00:05,NEFT,success
T0011084,A001008,A000283,454,2026-06-25T23:01:04,NEFT,success
T0005006,A000241,A001253,766,2026-06-25T23:01:09,IMPS,success
T0014401,A000477,A000178,645,2026-06-25T23:01:55,IMPS,success
T0013852,A000557,A001281,1898,2026-06-25T23:08:20,IMPS,success
T0008419,A000289,A000720,1919,2026-06-25T23:18:38,IMPS,success
T0014090,A001068,A001141,31455,2026-06-25T23:20:11,IMPS,success
T0002330,A000217,A001156,12974,2026-06-25T23:20:34,IMPS,success
T0000602,A001143,A000957,10578,2026-06-25T23:22:36,UPI,success
T0009899,A000333,A000244,35000,2026-06-25T23:26:12,UPI,failed
T0012941,A000331,A000782,899,2026-06-25T23:27:05,NEFT,failed
T0004953,A001328,A000794,13075,2026-06-25T23:35:38,UPI,success
T0002095,A001127,A000234,13387,2026-06-25T23:36:14,UPI,success
T0010832,A001036,A000914,37928,2026-06-25T23:39:36,NEFT,success
T0002577,A000229,A000592,896,2026-06-25T23:42:43,IMPS,success
T0008242,A000740,A000230,772,2026-06-25T23:45:47,NEFT,success
T0009741,A000716,A000674,633,2026-06-25T23:49:48,IMPS,success
T0006789,A000579,A001042,10758,2026-06-25T23:50:56,NEFT,success
T0012640,A000696,A000736,24405,2026-06-25T23:52:33,IMPS,success
T0000731,A000841,A000174,32068,2026-06-25T23:53:00,NEFT,success
T0010129,A001117,A001051,12762,2026-06-25T23:57:39,UPI,success
T0007846,A000841,A000344,152,2026-06-25T23:59:40,NEFT,success
T0011966,A000929,A001333,631,2026-06-26T00:00:33,IMPS,success
T0006067,A001106,A000859,24708,2026-06-26T00:04:46,NEFT,success
T0007454,A001138,A001370,22504,2026-06-26T00:05:20,IMPS,success
T0013543,A000210,A000401,141,2026-06-26T00:05:39,IMPS,success
T0000955,A001284,A000216,2523,2026-06-26T00:08:23,UPI,success
T0002352,A000490,A000445,35000,2026-06-26T00:15:32,UPI,success
T0008978,A000494,A001189,2149,2026-06-26T00:19:59,UPI,success
T0009695,A000935,A000259,391,2026-06-26T00:21:48,UPI,success
T0012954,A000767,A000188,530,2026-06-26T00:28:22,NEFT,success
T0006642,A000150,A000577,4841,2026-06-26T00:30:35,NEFT,success
T0000747,A000462,A000405,1499,2026-06-26T00:30:49,NEFT,success
T0005172,A001004,A000591,65000,2026-06-26T00:37:59,UPI,success
T0009430,A000847,A000630,106,2026-06-26T00:39:16,NEFT,success
T0010700,A000864,A001037,551,2026-06-26T00:40:04,NEFT,success
T0010860,A000026,A000327,798,2026-06-26T00:41:47,IMPS,success
T0000868,A001356,A000985,806,2026-06-26T00:43:43,NEFT,success
T0007856,A000126,A000414,255,2026-06-26T00:44:08,NEFT,success
T0012663,A000703,A001254,633,2026-06-26T00:44:55,UPI,success
T0007412,A000259,A000144,25000,2026-06-26T00:49:41,UPI,success
T0009571,A000961,A000184,470,2026-06-26T00:49:42,IMPS,success
T0004368,A000156,A000402,313,2026-06-26T00:52:40,NEFT,success
T0003236,A000075,A000888,224,2026-06-26T00:52:41,UPI,success
T0000197,A001161,A000853,50000,2026-06-26T00:54:08,IMPS,success
T0012387,A000824,A000994,286,2026-06-26T00:59:50,UPI,success
T0007064,A000985,A001198,604,2026-06-26T00:59:51,NEFT,success
T0010890,A000419,A001022,18530,2026-06-26T01:05:46,NEFT,success
T0009551,A001026,A000133,6520,2026-06-26T01:05:59,NEFT,success
T0011311,A001326,A000527,566,2026-06-26T01:06:04,IMPS,success
T0008286,A000697,A000093,35000,2026-06-26T01:06:21,NEFT,success
T0006542,A000839,A000358,2279,2026-06-26T01:06:41,IMPS,success
T0006059,A000411,A000429,1167,2026-06-26T01:10:51,NEFT,success
T0006269,A000904,A000626,35000,2026-06-26T01:15:24,UPI,success
T0012456,A001305,A000602,345,2026-06-26T01:15:45,IMPS,success
T0010850,A000067,A000809,7359,2026-06-26T01:20:37,IMPS,success
T0000844,A000015,A000293,15458,2026-06-26T01:22:44,IMPS,success
T0005806,A000083,A001113,28254,2026-06-26T01:25:37,UPI,success
T0004031,A000934,A000502,28075,2026-06-26T01:29:00,NEFT,success
T0011906,A001299,A000647,9000,2026-06-26T01:33:32,NEFT,success
T0010264,A001071,A001311,18998,2026-06-26T01:33:52,IMPS,success
T0000811,A000319,A001344,369,2026-06-26T01:37:11,UPI,success
T0001752,A000038,A001157,301,2026-06-26T01:39:05,IMPS,success
T0005206,A000351,A000603,9121,2026-06-26T01:41:51,NEFT,success
T0010697,A000719,A000438,17839,2026-06-26T01:48:39,UPI,success
T0008583,A001139,A000976,3215,2026-06-26T01:50:22,UPI,success
T0002878,A001012,A000448,2545,2026-06-26T01:51:47,NEFT,success
T0000310,A001209,A000446,321,2026-06-26T01:55:30,UPI,success
T0008375,A001203,A000789,25000,2026-06-26T01:55:51,IMPS,success
T0005524,A000031,A001290,15000,2026-06-26T01:57:24,NEFT,success
T0010900,A000499,A000049,25616,2026-06-26T02:02:42,IMPS,success
T0005786,A000087,A000782,1599,2026-06-26T02:04:24,IMPS,success
T0014279,A001351,A000054,1321,2026-06-26T02:05:15,NEFT,success
T0007910,A000587,A001078,104,2026-06-26T02:05:29,UPI,success
T0000550,A000120,A000279,287,2026-06-26T02:06:33,NEFT,success
T0009641,A001187,A000226,4082,2026-06-26T02:13:07,UPI,success
T0009073,A000388,A000412,338,2026-06-26T02:13:37,UPI,success
T0002374,A000403,A000135,24771,2026-06-26T02:15:23,IMPS,success
T0006265,A000327,A001078,1039,2026-06-26T02:17:15,UPI,success
T0000292,A000962,A001281,881,2026-06-26T02:18:02,NEFT,success
T0008413,A001294,A000057,50000,2026-06-26T02:23:28,UPI,success
T0003860,A000435,A000688,29709,2026-06-26T02:26:25,UPI,success
T0004037,A000931,A000742,122132,2026-06-26T02:29:28,NEFT,success
T0007152,A000542,A000881,80000,2026-06-26T02:30:39,UPI,success
T0008063,A000828,A000155,1240,2026-06-26T02:31:41,UPI,success
T0006596,A001020,A000497,15000,2026-06-26T02:33:05,UPI,success
T0004934,A001052,A001049,22517,2026-06-26T02:37:22,IMPS,success
T0002748,A001307,A000135,835,2026-06-26T02:37:43,IMPS,success
T0002860,A000923,A000368,392,2026-06-26T02:38:08,NEFT,success
T0012953,A000852,A000550,14201,2026-06-26T02:39:25,NEFT,success
T0007917,A000573,A000174,374,2026-06-26T02:43:08,NEFT,success
T0013754,A000404,A000481,50000,2026-06-26T02:44:21,NEFT,success
T0000064,A001387,A001382,108151,2026-06-26T02:48:21,IMPS,success
T0000919,A001134,A000216,25000,2026-06-26T02:51:40,IMPS,success
T0009989,A000247,A000962,35000,2026-06-26T02:52:51,NEFT,success
T0000028,A001425,A001389,122448,2026-06-26T02:52:55,UPI,success
T0011643,A000380,A000054,1850,2026-06-26T02:53:11,UPI,success
T0003834,A000456,A001360,595,2026-06-26T02:55:40,IMPS,success
T0002769,A001283,A000363,334,2026-06-26T02:58:08,NEFT,success
T0013521,A000123,A000608,1485,2026-06-26T03:01:04,NEFT,success
T0004664,A000118,A000989,816,2026-06-26T03:02:36,IMPS,success
T0004782,A000529,A001170,36660,2026-06-26T03:07:32,IMPS,success
T0005337,A000920,A000549,408,2026-06-26T03:09:01,IMPS,success
T0012161,A000489,A000685,1395,2026-06-26T03:09:11,IMPS,success
T0013865,A000552,A000790,1847,2026-06-26T03:09:36,UPI,success
T0010806,A001122,A001366,54505,2026-06-26T03:11:23,UPI,success
T0006962,A001081,A000419,56451,2026-06-26T03:13:59,IMPS,success
T0003511,A001203,A000270,1100,2026-06-26T03:14:20,UPI,success
T0002632,A000297,A000214,4921,2026-06-26T03:20:02,NEFT,success
T0001889,A000099,A000635,536,2026-06-26T03:25:33,IMPS,success
T0008484,A000405,A000162,362,2026-06-26T03:25:58,UPI,success
T0003823,A001116,A000967,22393,2026-06-26T03:26:08,NEFT,success
T0010844,A000870,A001362,1163,2026-06-26T03:31:44,UPI,success
T0004008,A000118,A000032,996,2026-06-26T03:32:19,NEFT,success
T0003411,A000044,A000708,798,2026-06-26T03:32:52,NEFT,success
T0007700,A001309,A000552,466,2026-06-26T03:34:30,NEFT,success
T0001633,A000370,A001163,80000,2026-06-26T03:34:35,IMPS,success
T0010759,A000913,A001204,626,2026-06-26T03:36:55,UPI,success
T0011547,A000701,A000620,5608,2026-06-26T03:37:44,NEFT,failed
T0007772,A000882,A000667,10032,2026-06-26T03:38:28,NEFT,success
T0012612,A000766,A001046,430,2026-06-26T03:46:14,NEFT,success
T0014895,A000421,A000415,334,2026-06-26T03:48:21,UPI,success
T0007191,A000809,A000717,1802,2026-06-26T03:50:04,NEFT,success
T0003406,A000666,A000442,15401,2026-06-26T03:51:01,IMPS,success
T0002558,A000296,A000883,908,2026-06-26T03:51:28,NEFT,failed
T0007820,A000925,A001052,35000,2026-06-26T03:52:22,UPI,success
T0004692,A000240,A001355,536,2026-06-26T03:55:57,NEFT,success
T0001509,A000856,A001231,779,2026-06-26T03:58:55,IMPS,success
T0003182,A000102,A001330,15000,2026-06-26T04:03:18,IMPS,success
T0001540,A000349,A000249,1801,2026-06-26T04:03:54,IMPS,success
T0006050,A001105,A001301,15000,2026-06-26T04:05:57,UPI,success
T0005672,A000755,A000854,1587,2026-06-26T04:06:17,IMPS,success
T0003959,A000351,A000953,41642,2026-06-26T04:09:27,IMPS,success
T0010308,A001211,A000321,461,2026-06-26T04:11:48,IMPS,success
T0003770,A000544,A001318,80000,2026-06-26T04:18:23,UPI,success
T0013438,A000613,A000109,50000,2026-06-26T04:20:29,NEFT,success
T0005583,A001006,A001368,833,2026-06-26T04:23:12,IMPS,success
T0008578,A000399,A001225,25000,2026-06-26T04:23:39,IMPS,success
T0014596,A000104,A001102,8784,2026-06-26T04:27:08,NEFT,success
T0008822,A000982,A001134,1701,2026-06-26T04:30:15,IMPS,success
T0000533,A001071,A000028,1106,2026-06-26T04:32:00,IMPS,success
T0012464,A000227,A000245,51314,2026-06-26T04:33:07,NEFT,success
T0007499,A001271,A000375,9638,2026-06-26T04:41:53,NEFT,success
T0011652,A001261,A000703,330,2026-06-26T04:43:56,UPI,success
T0011264,A000708,A000624,80000,2026-06-26T04:43:58,NEFT,success
T0003623,A000861,A000159,14530,2026-06-26T04:44:07,IMPS,success
T0008005,A000805,A000787,2180,2026-06-26T04:48:45,NEFT,success
T0006833,A000829,A000922,13921,2026-06-26T04:49:36,UPI,success
T0006895,A001270,A001313,373,2026-06-26T04:51:37,UPI,success
T0006687,A000222,A001227,467,2026-06-26T04:54:21,IMPS,success
T0000595,A001111,A000440,1289,2026-06-26T04:55:14,UPI,success
T0014838,A000729,A000425,80000,2026-06-26T05:01:05,NEFT,success
T0008751,A001071,A000142,327,2026-06-26T05:08:00,UPI,success
T0003728,A001117,A000634,2005,2026-06-26T05:10:31,UPI,success
T0013998,A000772,A001337,618,2026-06-26T05:19:16,NEFT,success
T0008094,A001005,A001252,91079,2026-06-26T05:19:58,IMPS,failed
T0003680,A000978,A001266,20483,2026-06-26T05:28:34,IMPS,success
T0009212,A000395,A001354,569,2026-06-26T05:28:51,UPI,success
T0005944,A000793,A000325,19589,2026-06-26T05:29:45,UPI,success
T0007599,A000711,A000356,995,2026-06-26T05:33:34,IMPS,success
T0013678,A001157,A000473,645,2026-06-26T05:42:02,IMPS,success
T0011347,A001086,A000431,13980,2026-06-26T05:42:06,NEFT,success
T0014891,A001164,A000708,25315,2026-06-26T05:45:10,NEFT,success
T0012066,A000709,A000430,907,2026-06-26T05:45:18,NEFT,success
T0005169,A000708,A001096,602,2026-06-26T05:49:35,UPI,success
T0007274,A001192,A000858,2104,2026-06-26T05:51:16,UPI,success
T0011915,A001347,A000275,1576,2026-06-26T05:53:15,IMPS,success
T0013196,A000061,A000016,1252,2026-06-26T05:53:15,UPI,success
T0006223,A001346,A000919,15000,2026-06-26T05:53:22,IMPS,success
T0001472,A001284,A000475,205,2026-06-26T05:53:30,NEFT,success
T0014463,A001373,A000749,15000,2026-06-26T06:01:49,UPI,success
T0003919,A001282,A000021,816,2026-06-26T06:04:48,NEFT,success
T0013791,A000398,A000214,14530,2026-06-26T06:07:40,IMPS,success
T0012789,A000370,A000707,585,2026-06-26T06:15:06,IMPS,success
T0002620,A000604,A000372,5000,2026-06-26T06:15:39,IMPS,success
T0014758,A000899,A000847,220,2026-06-26T06:24:01,UPI,success
T0013084,A000534,A000560,1879,2026-06-26T06:24:10,UPI,success
T0012976,A001360,A001036,2629,2026-06-26T06:25:31,UPI,success
T0001487,A000835,A000775,279,2026-06-26T06:31:04,UPI,success
T0012706,A001061,A000469,63389,2026-06-26T06:31:58,NEFT,success
T0010030,A000877,A000528,2790,2026-06-26T06:32:04,IMPS,success
T0007986,A001306,A000474,156,2026-06-26T06:32:59,NEFT,success
T0002015,A000233,A000097,3489,2026-06-26T06:33:50,NEFT,success
T0005677,A001097,A000747,35000,2026-06-26T06:40:37,NEFT,success
T0014324,A001253,A000574,613,2026-06-26T06:44:22,UPI,success
T0007346,A000144,A001155,1169,2026-06-26T06:46:33,IMPS,success
T0009414,A000800,A001251,521,2026-06-26T06:48:37,UPI,success
T0012322,A000511,A000336,10829,2026-06-26T06:50:34,IMPS,success
T0007854,A000073,A001096,30900,2026-06-26T06:52:38,UPI,success
T0005485,A000102,A000219,537,2026-06-26T06:54:37,IMPS,success
T0007689,A000996,A000653,1197,2026-06-26T06:56:39,IMPS,success
T0007991,A000843,A000174,438,2026-06-26T06:58:00,NEFT,success
T0009202,A000375,A000301,50000,2026-06-26T07:02:48,NEFT,success
T0003069,A001213,A000590,1284,2026-06-26T07:07:08,IMPS,success
T0005551,A000341,A000790,25000,2026-06-26T07:09:46,IMPS,success
T0014783,A000578,A001354,526,2026-06-26T07:10:18,UPI,success
T0004958,A000152,A000639,50000,2026-06-26T07:11:26,IMPS,success
T0005472,A000471,A001326,50000,2026-06-26T07:12:11,UPI,success
T0000728,A001249,A000811,1079,2026-06-26T07:15:25,UPI,success
T0011366,A000061,A000786,25000,2026-06-26T07:15:52,NEFT,success
T0000043,A001440,A001395,49131,2026-06-26T07:22:35,UPI,success
T0004069,A001114,A000503,879,2026-06-26T07:23:14,NEFT,success
T0003801,A000770,A000757,10414,2026-06-26T07:23:29,NEFT,failed
T0004968,A000250,A001005,734,2026-06-26T07:26:33,NEFT,success
T0005296,A000262,A001006,25756,2026-06-26T07:27:29,IMPS,success
T0002848,A000474,A000299,15000,2026-06-26T07:27:46,UPI,success
T0008453,A000234,A000854,10806,2026-06-26T07:30:21,IMPS,success
T0002544,A000221,A000936,56251,2026-06-26T07:31:30,NEFT,success
T0012001,A000075,A000531,1155,2026-06-26T07:31:52,NEFT,success
T0000283,A000326,A001039,947,2026-06-26T07:35:27,UPI,success
T0011544,A000214,A001244,630,2026-06-26T07:35:49,IMPS,success
T0002051,A001037,A000020,15599,2026-06-26T07:35:58,UPI,success
T0005841,A000949,A000266,65000,2026-06-26T07:42:11,IMPS,success
T0013782,A000392,A000669,884,2026-06-26T07:44:42,UPI,success
T0014665,A001365,A000105,300,2026-06-26T07:55:42,NEFT,success
T0008974,A001369,A000500,80000,2026-06-26T08:01:32,IMPS,success
T0005064,A000308,A000015,495,2026-06-26T08:06:25,IMPS,success
T0009338,A000071,A000736,9726,2026-06-26T08:09:33,UPI,success
T0003692,A000717,A000779,6396,2026-06-26T08:10:08,NEFT,success
T0004583,A000218,A000735,28296,2026-06-26T08:11:34,UPI,success
T0000557,A000983,A000631,80000,2026-06-26T08:12:19,NEFT,failed
T0002458,A000226,A000846,327,2026-06-26T08:17:55,IMPS,success
T0000666,A000633,A000848,55701,2026-06-26T08:18:39,UPI,success
T0006959,A000943,A000240,14291,2026-06-26T08:20:51,NEFT,success
T0001219,A000375,A000546,875,2026-06-26T08:24:54,NEFT,success
T0008841,A000030,A000917,902,2026-06-26T08:24:54,UPI,success
T0014028,A000709,A001244,2109,2026-06-26T08:24:59,NEFT,success
T0013675,A000992,A000957,3131,2026-06-26T08:26:51,UPI,success
T0003311,A000063,A000857,1227,2026-06-26T08:27:10,NEFT,success
T0002203,A000045,A000032,131,2026-06-26T08:27:46,NEFT,success
T0001642,A000012,A000731,263,2026-06-26T08:31:38,IMPS,success
T0012946,A001186,A000846,1604,2026-06-26T08:34:34,NEFT,success
T0011784,A000175,A001118,41042,2026-06-26T08:34:35,IMPS,failed
T0009870,A000808,A001182,52597,2026-06-26T08:37:21,NEFT,success
T0011020,A001037,A000368,21948,2026-06-26T08:41:01,IMPS,success
T0001409,A000040,A000518,10129,2026-06-26T08:45:13,UPI,success
T0013132,A000432,A000372,176,2026-06-26T08:49:59,NEFT,success
T0001277,A000675,A000682,1762,2026-06-26T08:55:17,NEFT,success
T0012088,A001305,A001190,809,2026-06-26T09:09:04,UPI,success
T0006887,A001335,A000247,15000,2026-06-26T09:23:08,UPI,success
T0013948,A000418,A000173,1078,2026-06-26T09:24:42,IMPS,success
T0007903,A000902,A000892,21241,2026-06-26T09:26:51,IMPS,success
T0004044,A000322,A001183,5000,2026-06-26T09:40:56,NEFT,success
T0013552,A001172,A000324,662,2026-06-26T09:41:46,IMPS,success
T0014495,A001306,A000927,39796,2026-06-26T09:46:47,IMPS,success
T0005966,A000292,A000816,836,2026-06-26T09:50:43,IMPS,success
T0008684,A001274,A000292,381,2026-06-26T09:54:02,NEFT,success
T0001867,A000886,A001340,2062,2026-06-26T09:54:43,IMPS,success
T0000342,A001181,A000778,4516,2026-06-26T09:54:44,IMPS,success
T0013075,A001182,A001300,435,2026-06-26T09:56:27,IMPS,success
T0010656,A000772,A000924,80000,2026-06-26T09:56:29,UPI,success
T0001044,A000252,A000731,1037,2026-06-26T09:57:28,UPI,success
T0014351,A001020,A001251,318,2026-06-26T09:59:57,IMPS,success
T0013585,A000441,A000337,3329,2026-06-26T10:01:36,UPI,success
T0013606,A000655,A000779,364,2026-06-26T10:02:20,IMPS,success
T0008815,A000408,A000788,33870,2026-06-26T10:02:37,UPI,success
T0013590,A000905,A000136,470,2026-06-26T10:16:48,IMPS,success
T0007489,A000906,A000764,5524,2026-06-26T10:18:22,NEFT,success
T0006991,A000893,A000229,698,2026-06-26T10:20:12,IMPS,success
T0008423,A000912,A000155,181,2026-06-26T10:21:09,UPI,success
T0009938,A001017,A000097,22109,2026-06-26T10:23:08,IMPS,success
T0007908,A000580,A000039,12367,2026-06-26T10:23:39,UPI,success
T0014784,A000475,A001285,126683,2026-06-26T10:23:48,UPI,success
T0007648,A001329,A000824,170,2026-06-26T10:26:28,IMPS,success
T0012478,A001132,A000079,899,2026-06-26T10:27:40,UPI,success
T0004469,A000399,A000966,1301,2026-06-26T10:34:13,NEFT,success
T0008691,A000213,A000795,435,2026-06-26T10:37:51,IMPS,success
T0014268,A000524,A000439,24550,2026-06-26T10:39:50,UPI,success
T0003639,A001239,A001164,117,2026-06-26T10:45:30,UPI,success
T0001878,A001301,A001072,777,2026-06-26T10:45:45,UPI,success
T0005907,A000635,A000451,25000,2026-06-26T10:47:08,NEFT,success
T0009891,A000492,A000413,2114,2026-06-26T10:51:58,IMPS,success
T0001611,A000611,A000785,3081,2026-06-26T11:01:20,UPI,success
T0007830,A001358,A000550,743,2026-06-26T11:01:32,IMPS,success
T0012549,A000940,A000782,2498,2026-06-26T11:03:23,NEFT,success
T0005168,A000081,A000648,1641,2026-06-26T11:05:53,UPI,success
T0005310,A000672,A000386,1918,2026-06-26T11:10:31,IMPS,failed
T0005749,A000761,A000269,159,2026-06-26T11:22:54,NEFT,success
T0014005,A000849,A000746,6603,2026-06-26T11:23:25,UPI,success
T0002317,A000050,A000272,4635,2026-06-26T11:26:45,IMPS,success
T0014685,A001288,A000305,1037,2026-06-26T11:32:33,UPI,success
T0007806,A000457,A000433,2374,2026-06-26T11:34:13,UPI,success
T0006615,A001340,A001245,273,2026-06-26T11:35:18,UPI,success
T0014754,A000676,A001153,1033,2026-06-26T11:36:26,IMPS,success
T0008073,A000806,A000647,2206,2026-06-26T11:42:39,UPI,success
T0012838,A000383,A000365,2278,2026-06-26T11:43:21,UPI,success
T0013635,A000328,A000307,165,2026-06-26T11:46:49,IMPS,success
T0003172,A001144,A001110,547,2026-06-26T11:49:24,NEFT,success
T0008653,A001329,A000922,2157,2026-06-26T11:50:30,IMPS,success
T0000852,A000507,A001246,29973,2026-06-26T11:51:58,UPI,success
T0000902,A000359,A000546,4234,2026-06-26T11:54:55,IMPS,failed
T0005073,A000849,A000049,395,2026-06-26T11:58:16,NEFT,success
T0003677,A000810,A001192,307,2026-06-26T12:02:30,UPI,success
T0006611,A001126,A000724,3891,2026-06-26T12:05:36,NEFT,success
T0012661,A000798,A000749,18546,2026-06-26T12:11:16,NEFT,success
T0014101,A000366,A000999,1028,2026-06-26T12:12:22,NEFT,success
T0009136,A000364,A000322,441,2026-06-26T12:13:07,IMPS,success
T0006712,A000803,A000380,34324,2026-06-26T12:13:33,IMPS,success
T0006606,A000103,A000441,25000,2026-06-26T12:14:58,UPI,success
T0014847,A001193,A000791,403,2026-06-26T12:17:51,IMPS,success
T0004276,A000493,A001077,674,2026-06-26T12:22:55,UPI,success
T0010146,A001218,A000622,732,2026-06-26T12:27:46,IMPS,success
T0000994,A001353,A001165,12336,2026-06-26T12:28:55,NEFT,success
T0008673,A000880,A001315,108,2026-06-26T12:32:03,IMPS,success
T0009719,A000594,A000628,623,2026-06-26T12:32:25,IMPS,success
T0008556,A001161,A001352,167,2026-06-26T12:32:50,IMPS,success
T0008393,A000843,A001102,2073,2026-06-26T12:37:09,IMPS,success
T0010529,A001366,A000029,3274,2026-06-26T12:37:31,UPI,success
T0012400,A000410,A000464,126,2026-06-26T12:40:37,UPI,success
T0014801,A000187,A000156,622,2026-06-26T12:40:55,UPI,success
T0002272,A000298,A000237,1445,2026-06-26T12:44:09,NEFT,success
T0005311,A000605,A001356,5592,2026-06-26T12:46:01,IMPS,success
T0006248,A001293,A001203,15000,2026-06-26T12:46:54,UPI,success
T0002922,A001168,A000408,1956,2026-06-26T12:49:23,IMPS,success
T0013184,A000953,A000436,4698,2026-06-26T12:49:29,UPI,success
T0007613,A000801,A001035,18783,2026-06-26T12:50:54,UPI,success
T0009231,A000302,A001106,557,2026-06-26T12:56:45,IMPS,success
T0000712,A000473,A000289,1156,2026-06-26T13:02:02,UPI,success
T0011082,A000446,A000267,3141,2026-06-26T13:03:02,UPI,success
T0005754,A000828,A001021,17685,2026-06-26T13:04:24,IMPS,success
T0014375,A000125,A000404,13883,2026-06-26T13:05:23,NEFT,success
T0014413,A000332,A000385,824,2026-06-26T13:05:54,NEFT,success
T0006572,A001324,A000639,15128,2026-06-26T13:07:29,IMPS,success
T0000151,A000992,A000871,21491,2026-06-26T13:16:32,IMPS,success
T0009483,A000182,A000669,25000,2026-06-26T13:29:35,NEFT,success
T0010723,A001362,A000484,17558,2026-06-26T13:38:10,IMPS,success
T0005882,A000109,A000030,803,2026-06-26T13:40:08,NEFT,success
T0002799,A000525,A000122,1134,2026-06-26T13:44:06,NEFT,success
T0009319,A000377,A000129,19558,2026-06-26T13:46:40,IMPS,success
T0013274,A000672,A000561,1085,2026-06-26T13:46:58,NEFT,success
T0004470,A000708,A000894,1358,2026-06-26T13:48:05,UPI,success
T0001272,A001168,A000643,786,2026-06-26T13:48:15,NEFT,success
T0013816,A000327,A000855,80000,2026-06-26T13:50:16,UPI,success
T0014927,A000677,A001061,14067,2026-06-26T13:51:03,UPI,success
T0002507,A000131,A001056,301,2026-06-26T13:54:26,UPI,success
T0003120,A001239,A001156,22422,2026-06-26T13:59:26,NEFT,success
T0012457,A000753,A000702,50,2026-06-26T14:01:42,IMPS,success
T0009776,A000886,A000579,1491,2026-06-26T14:02:46,IMPS,success
T0014080,A000884,A000189,23118,2026-06-26T14:04:20,IMPS,success
T0012583,A000821,A000334,359,2026-06-26T14:09:16,UPI,success
T0012021,A000427,A001328,20557,2026-06-26T14:18:16,IMPS,success
T0011771,A000723,A000666,746,2026-06-26T14:22:05,NEFT,success
T0010141,A000696,A000318,547,2026-06-26T14:23:47,NEFT,success
T0009039,A000768,A000858,1937,2026-06-26T14:25:52,IMPS,success
T0002555,A000226,A000437,19430,2026-06-26T14:27:58,UPI,success
T0014550,A001303,A000023,565,2026-06-26T14:31:43,UPI,success
T0007949,A001082,A000385,1421,2026-06-26T14:31:59,IMPS,success
T0003985,A000374,A001352,1236,2026-06-26T14:32:27,NEFT,success
T0003375,A000323,A000219,699,2026-06-26T14:39:35,NEFT,success
T0006244,A001060,A000469,1259,2026-06-26T14:49:12,IMPS,success
T0005665,A000449,A000548,629,2026-06-26T14:51:10,NEFT,success
T0013679,A000983,A001099,80000,2026-06-26T15:02:39,UPI,success
T0011692,A000546,A001150,50000,2026-06-26T15:04:59,IMPS,success
T0011596,A001108,A000854,899,2026-06-26T15:07:07,UPI,success
T0007303,A000241,A001188,443,2026-06-26T15:08:11,UPI,success
T0004641,A001114,A000004,26860,2026-06-26T15:10:55,UPI,success
T0012008,A000091,A000203,982,2026-06-26T15:12:14,UPI,success
T0001249,A000416,A001346,2033,2026-06-26T15:12:59,UPI,success
T0007458,A000864,A000800,207,2026-06-26T15:14:38,NEFT,success
T0006436,A001138,A000108,34848,2026-06-26T15:14:59,IMPS,success
T0011089,A000178,A000971,777,2026-06-26T15:15:40,IMPS,success
T0000132,A000964,A001064,666,2026-06-26T15:16:01,IMPS,success
T0011742,A000848,A000368,283,2026-06-26T15:18:07,UPI,success
T0011155,A000184,A000734,14709,2026-06-26T15:18:17,NEFT,success
T0002754,A001118,A000999,1196,2026-06-26T15:18:34,UPI,success
T0008091,A000368,A000866,5176,2026-06-26T15:20:26,NEFT,success
T0014722,A001330,A000506,633,2026-06-26T15:22:02,UPI,success
T0008584,A000798,A000329,689,2026-06-26T15:22:11,NEFT,success
T0002448,A000237,A000031,59637,2026-06-26T15:24:25,NEFT,success
T0002422,A000757,A000508,133792,2026-06-26T15:27:24,IMPS,success
T0002683,A001343,A000342,486,2026-06-26T15:30:19,UPI,success
T0001557,A000332,A000898,196,2026-06-26T15:30:45,IMPS,success
T0006323,A000053,A000483,510,2026-06-26T15:30:48,IMPS,success
T0014302,A000784,A000211,1680,2026-06-26T15:31:36,NEFT,success
T0014554,A000532,A000518,1621,2026-06-26T15:34:26,IMPS,success
T0014123,A000152,A001122,2699,2026-06-26T15:38:18,IMPS,success
T0010936,A000774,A000820,7069,2026-06-26T15:47:39,IMPS,success
T0006320,A001222,A000685,167,2026-06-26T15:50:48,IMPS,success
T0008357,A000295,A001360,396,2026-06-26T15:59:00,UPI,success
T0008864,A000237,A001338,70283,2026-06-26T16:07:06,UPI,success
T0000176,A000716,A000162,50000,2026-06-26T16:07:11,UPI,success
T0002488,A001002,A000112,41598,2026-06-26T16:09:00,NEFT,failed
T0007835,A000937,A000485,97,2026-06-26T16:10:28,NEFT,success
T0011635,A000049,A001139,35893,2026-06-26T16:11:53,IMPS,success
T0002023,A000013,A000195,3920,2026-06-26T16:21:46,UPI,success
T0004554,A001025,A000448,529,2026-06-26T16:23:09,UPI,success
T0009499,A000318,A000394,25000,2026-06-26T16:24:15,IMPS,success
T0003496,A000177,A001071,1605,2026-06-26T16:25:58,NEFT,success
T0003787,A000752,A001195,25000,2026-06-26T16:31:10,IMPS,success
T0005858,A001127,A000742,798,2026-06-26T16:40:29,NEFT,success
T0002004,A000086,A001285,1161,2026-06-26T16:41:34,UPI,success
T0006076,A001205,A001346,255,2026-06-26T16:42:43,NEFT,success
T0008397,A001361,A001104,21040,2026-06-26T16:49:09,UPI,success
T0006570,A001370,A001079,17651,2026-06-26T16:50:43,NEFT,success
T0004822,A000667,A000017,2488,2026-06-26T16:51:29,UPI,success
T0008546,A000269,A000359,271,2026-06-26T16:54:16,UPI,success
T0012770,A000831,A000997,721,2026-06-26T16:54:31,NEFT,success
T0004862,A001351,A000995,1492,2026-06-26T16:54:36,IMPS,success
T0013781,A000819,A001113,23337,2026-06-26T16:54:41,NEFT,success
T0007751,A000619,A001286,42500,2026-06-26T16:54:45,UPI,success
T0001532,A000473,A000325,486,2026-06-26T16:54:49,NEFT,success
T0003851,A001216,A000431,25372,2026-06-26T17:01:36,IMPS,success
T0014093,A000609,A001313,2341,2026-06-26T17:02:01,IMPS,success
T0009209,A001256,A001322,2940,2026-06-26T17:05:28,NEFT,success
T0003206,A001172,A001156,65000,2026-06-26T17:05:54,IMPS,success
T0007243,A000937,A000477,1124,2026-06-26T17:08:25,IMPS,success
T0003608,A000543,A001232,342,2026-06-26T17:12:47,IMPS,success
T0010815,A001136,A001070,203,2026-06-26T17:12:59,UPI,success
T0002489,A001305,A000753,13944,2026-06-26T17:13:50,NEFT,success
T0006808,A000109,A000555,1457,2026-06-26T17:15:24,UPI,success
T0010040,A001040,A001079,181,2026-06-26T17:17:33,IMPS,success
T0003454,A000075,A001100,1100,2026-06-26T17:19:20,IMPS,success
T0003003,A000484,A000189,764,2026-06-26T17:20:10,NEFT,success
T0008350,A000082,A001139,582,2026-06-26T17:21:50,IMPS,success
T0009613,A000521,A000339,7483,2026-06-26T17:23:43,NEFT,success
T0000773,A000893,A000806,214,2026-06-26T17:24:41,IMPS,success
T0004378,A000770,A000782,595,2026-06-26T17:24:50,IMPS,success
T0005844,A000959,A000346,22155,2026-06-26T17:25:04,UPI,success
T0006240,A000039,A000932,35000,2026-06-26T17:25:37,IMPS,success
T0003855,A000132,A000829,281,2026-06-26T17:26:42,NEFT,success
T0011094,A001369,A000979,3730,2026-06-26T17:27:48,IMPS,success
T0000470,A001167,A000524,62953,2026-06-26T17:28:03,UPI,success
T0009247,A000943,A000818,631,2026-06-26T17:31:54,NEFT,success
T0007221,A001182,A000998,49154,2026-06-26T17:32:01,NEFT,success
T0011580,A000315,A000674,12773,2026-06-26T17:32:37,IMPS,success
T0004140,A000718,A000411,243,2026-06-26T17:34:01,UPI,success
T0002472,A000206,A000076,35000,2026-06-26T17:40:40,UPI,success
T0011034,A000652,A000593,354,2026-06-26T17:42:40,IMPS,success
T0006591,A001297,A000448,608,2026-06-26T17:45:41,NEFT,success
T0010386,A000541,A000055,3059,2026-06-26T17:48:50,UPI,success
T0007385,A001097,A000496,19154,2026-06-26T17:49:13,UPI,success
T0014756,A000410,A000431,1102,2026-06-26T17:51:54,UPI,success
T0010424,A000990,A001020,10514,2026-06-26T17:58:45,NEFT,success
T0001622,A000353,A000634,517,2026-06-26T17:59:34,UPI,success
T0013575,A000681,A001364,1288,2026-06-26T18:02:57,IMPS,success
T0011876,A000434,A000507,1588,2026-06-26T18:03:42,NEFT,success
T0009625,A000110,A000100,222,2026-06-26T18:04:32,UPI,success
T0002043,A000617,A000732,33387,2026-06-26T18:07:29,IMPS,success
T0013753,A000051,A000430,80000,2026-06-26T18:09:41,UPI,success
T0001963,A000636,A000589,750,2026-06-26T18:25:13,NEFT,success
T0013524,A001350,A000307,147,2026-06-26T18:28:30,UPI,success
T0013777,A001288,A001360,256,2026-06-26T18:37:07,NEFT,success
T0001213,A000093,A000176,38221,2026-06-26T18:37:49,UPI,success
T0011134,A000029,A000364,39118,2026-06-26T18:38:38,IMPS,success
T0007002,A001239,A001173,990,2026-06-26T18:39:04,IMPS,success
T0013341,A001296,A000615,1536,2026-06-26T18:43:51,UPI,success
T0003981,A000569,A000191,905,2026-06-26T18:46:24,IMPS,success
T0011481,A001055,A000267,1089,2026-06-26T18:48:00,UPI,success
T0011374,A000326,A000732,473,2026-06-26T18:51:02,UPI,success
T0002895,A000439,A000913,25370,2026-06-26T18:52:18,IMPS,success
T0006854,A000977,A000593,65000,2026-06-26T18:54:11,UPI,success
T0007235,A000024,A000138,80000,2026-06-26T18:55:09,IMPS,success
T0001430,A000094,A000103,439,2026-06-26T18:57:53,NEFT,success
T0012064,A001019,A000016,468,2026-06-26T18:59:13,IMPS,success
T0013801,A001350,A000180,15000,2026-06-26T19:03:25,IMPS,success
T0009581,A001372,A001200,11832,2026-06-26T19:13:33,IMPS,success
T0002858,A000093,A001021,14495,2026-06-26T19:19:23,NEFT,success
T0012070,A000378,A000538,20292,2026-06-26T19:20:09,IMPS,success
T0010230,A000664,A000957,39880,2026-06-26T19:26:56,NEFT,success
T0005733,A000321,A001082,80000,2026-06-26T19:29:47,UPI,success
T0006932,A001381,A000838,25000,2026-06-26T19:32:08,NEFT,success
T0003464,A000544,A001376,579,2026-06-26T19:33:26,NEFT,success
T0000995,A000077,A001167,2357,2026-06-26T19:34:07,UPI,success
T0012260,A000374,A001061,15000,2026-06-26T19:35:07,UPI,success
T0014972,A001030,A000884,243,2026-06-26T19:39:17,IMPS,success
T0000135,A000275,A001116,51478,2026-06-26T19:39:21,NEFT,success
T0000048,A001445,A001391,30129,2026-06-26T19:41:11,UPI,success
T0005318,A000496,A001150,2857,2026-06-26T19:46:36,IMPS,success
T0012813,A001273,A000229,1419,2026-06-26T19:47:23,IMPS,success
T0002803,A000122,A000057,18146,2026-06-26T19:48:26,IMPS,success
T0006928,A001192,A000117,1782,2026-06-26T19:52:44,IMPS,success
T0006587,A000530,A000945,50000,2026-06-26T20:01:20,UPI,success
T0005384,A001140,A001328,58897,2026-06-26T20:01:35,IMPS,success
T0007050,A001211,A000861,457,2026-06-26T20:11:43,NEFT,success
T0004740,A000391,A000703,510,2026-06-26T20:23:25,IMPS,success
T0011744,A000947,A000199,976,2026-06-26T20:24:27,UPI,success
T0002802,A000146,A000980,344,2026-06-26T20:31:21,IMPS,success
T0001921,A000606,A000283,479,2026-06-26T20:35:16,NEFT,success
T0013297,A000868,A000764,396,2026-06-26T20:41:27,NEFT,success
T0013360,A001009,A000001,2467,2026-06-26T20:42:24,IMPS,success
T0007032,A000005,A000537,80000,2026-06-26T20:49:52,NEFT,success
T0013711,A001296,A000749,15000,2026-06-26T20:50:25,NEFT,success
T0009738,A000631,A001309,374,2026-06-26T20:51:58,UPI,success
T0005034,A000810,A000578,50000,2026-06-26T20:53:12,IMPS,success
T0014280,A000062,A001047,3017,2026-06-26T20:53:21,UPI,success
T0002832,A001170,A000655,506,2026-06-26T20:58:10,IMPS,success
T0010306,A000930,A000015,2057,2026-06-26T21:04:03,UPI,success
T0006905,A000626,A000420,174,2026-06-26T21:04:14,NEFT,success
T0007922,A001030,A000923,633,2026-06-26T21:09:16,NEFT,success
T0013424,A001244,A000748,1722,2026-06-26T21:09:26,UPI,success
T0008075,A000652,A000844,901,2026-06-26T21:14:27,NEFT,success
T0003455,A001158,A000160,147,2026-06-26T21:16:13,UPI,success
T0003516,A000723,A000732,330,2026-06-26T21:17:30,IMPS,success
T0003548,A000254,A001214,1123,2026-06-26T21:17:41,NEFT,success
T0014472,A000856,A000634,564,2026-06-26T21:21:05,IMPS,success
T0002133,A000070,A000062,2390,2026-06-26T21:21:19,NEFT,success
T0008335,A000683,A000256,25000,2026-06-26T21:22:17,UPI,success
T0002323,A000286,A000114,25000,2026-06-26T21:30:04,UPI,success
T0013323,A000007,A000854,50000,2026-06-26T21:30:42,NEFT,failed
T0000810,A001364,A000032,55170,2026-06-26T21:32:00,IMPS,success
T0007756,A000580,A000512,869,2026-06-26T21:32:00,NEFT,success
T0010764,A000141,A001345,80000,2026-06-26T21:53:27,NEFT,success
T0010771,A000421,A000734,291,2026-06-26T21:54:18,IMPS,success
T0007931,A000598,A000816,2615,2026-06-26T21:54:36,UPI,success
T0008109,A000175,A000289,8289,2026-06-26T21:54:53,UPI,success
T0004648,A000524,A000212,108,2026-06-26T21:57:00,UPI,success
T0013293,A000724,A000839,561,2026-06-26T21:58:17,IMPS,success
T0009979,A001334,A001156,290,2026-06-26T21:58:23,NEFT,success
T0011404,A000898,A000113,358,2026-06-26T22:01:12,UPI,success
T0011460,A000305,A000210,16986,2026-06-26T22:01:42,IMPS,success
T0010663,A000350,A001021,23856,2026-06-26T22:02:59,UPI,success
T0002365,A000894,A000075,367,2026-06-26T22:06:06,NEFT,success
T0011739,A000458,A001160,418,2026-06-26T22:17:24,NEFT,success
T0004448,A000743,A000075,3039,2026-06-26T22:23:46,UPI,success
T0010207,A000121,A000543,1084,2026-06-26T22:31:01,UPI,success
T0008775,A000418,A000153,2198,2026-06-26T22:31:38,NEFT,success
T0001232,A001233,A001148,1129,2026-06-26T22:32:17,NEFT,success
T0003472,A000078,A000076,86254,2026-06-26T22:35:20,NEFT,success
T0002202,A001270,A000708,22302,2026-06-26T22:41:34,NEFT,success
T0007871,A000939,A000083,2243,2026-06-26T22:45:24,NEFT,success
T0002382,A000814,A000435,96,2026-06-26T22:47:32,NEFT,success
T0007994,A000513,A000744,1985,2026-06-26T22:47:56,NEFT,success
T0013471,A000486,A001192,799,2026-06-26T22:50:54,NEFT,success
T0012849,A000222,A001046,23294,2026-06-26T22:56:50,IMPS,success
T0012543,A000393,A001085,65000,2026-06-26T22:59:34,IMPS,success
T0009619,A001104,A000422,15199,2026-06-26T23:09:14,NEFT,success
T0004306,A000828,A000055,1735,2026-06-26T23:09:55,IMPS,success
T0004875,A000667,A001172,35000,2026-06-26T23:10:39,IMPS,success
T0004960,A000799,A000398,50000,2026-06-26T23:15:41,NEFT,success
T0002360,A000594,A000827,35000,2026-06-26T23:19:51,UPI,success
T0009611,A000193,A000360,1814,2026-06-26T23:20:08,IMPS,success
T0007468,A000239,A001110,139,2026-06-26T23:21:15,IMPS,failed
T0013741,A000020,A000774,2507,2026-06-26T23:21:50,NEFT,success
T0007691,A001035,A001347,176,2026-06-26T23:22:09,IMPS,success
T0000565,A001223,A000879,243,2026-06-26T23:23:16,NEFT,success
T0011713,A000057,A000476,10864,2026-06-26T23:27:18,UPI,success
T0005815,A001026,A000033,13425,2026-06-26T23:33:06,IMPS,success
T0000047,A001444,A001390,35075,2026-06-26T23:34:01,UPI,success
T0003212,A001332,A000931,50000,2026-06-26T23:37:04,IMPS,success
T0008531,A000731,A000636,1059,2026-06-26T23:41:29,IMPS,success
T0013270,A001097,A000322,224,2026-06-26T23:42:52,UPI,success
T0007883,A000965,A000266,812,2026-06-26T23:42:55,NEFT,success
T0002145,A000280,A000524,891,2026-06-26T23:44:05,UPI,success
T0005192,A000129,A000909,393,2026-06-26T23:44:26,UPI,success
T0007337,A001270,A000037,509,2026-06-26T23:45:15,IMPS,success
T0007096,A000169,A000160,2197,2026-06-26T23:46:46,IMPS,success
T0005188,A000458,A000924,25000,2026-06-26T23:49:29,IMPS,success
T0001517,A000752,A001123,745,2026-06-26T23:49:33,UPI,success
T0011691,A000519,A001353,9360,2026-06-26T23:56:42,NEFT,success
T0014602,A000949,A000549,4059,2026-06-27T00:05:15,NEFT,success
T0012695,A001262,A001165,1122,2026-06-27T00:05:18,NEFT,success
T0006178,A000824,A000433,25460,2026-06-27T00:10:54,IMPS,success
T0014382,A000120,A001223,35000,2026-06-27T00:11:27,UPI,success
T0008325,A001214,A000414,585,2026-06-27T00:17:24,IMPS,success
T0007504,A000409,A000013,87518,2026-06-27T00:17:51,IMPS,success
T0007161,A001089,A001058,50000,2026-06-27T00:20:35,UPI,success
T0014305,A001164,A000864,452,2026-06-27T00:24:28,NEFT,success
T0011162,A000325,A000602,628,2026-06-27T00:30:26,IMPS,success
T0011634,A000623,A000432,870,2026-06-27T00:31:35,IMPS,success
T0002692,A001254,A000528,5000,2026-06-27T00:31:36,NEFT,success
T0006390,A000685,A000155,54,2026-06-27T00:33:16,UPI,success
T0011267,A001151,A000068,9138,2026-06-27T00:34:23,NEFT,success
T0004485,A000844,A000555,15000,2026-06-27T00:36:57,UPI,success
T0008018,A000069,A000970,25000,2026-06-27T00:39:17,IMPS,success
T0005762,A000663,A000392,15000,2026-06-27T00:42:06,IMPS,failed
T0000815,A000482,A000241,768,2026-06-27T00:42:34,NEFT,success
T0004867,A000942,A001296,31141,2026-06-27T00:43:32,IMPS,success
T0002371,A000352,A000961,25000,2026-06-27T00:44:23,UPI,success
T0014405,A000325,A001360,1318,2026-06-27T00:45:05,IMPS,success
T0006701,A001301,A001264,2089,2026-06-27T00:45:52,NEFT,success
T0006251,A000746,A000533,690,2026-06-27T00:56:14,UPI,success
T0000032,A001429,A001393,212811,2026-06-27T00:58:25,UPI,success
T0008168,A000310,A000324,80000,2026-06-27T01:00:15,UPI,success
T0003352,A000951,A000697,1521,2026-06-27T01:03:47,UPI,success
T0011819,A001268,A000638,3880,2026-06-27T01:03:53,NEFT,success
T0012870,A001299,A000841,65000,2026-06-27T01:04:55,IMPS,success
T0007837,A000843,A000256,50000,2026-06-27T01:05:03,IMPS,success
T0000651,A000190,A000374,24594,2026-06-27T01:07:27,IMPS,success
T0010615,A000238,A000208,13699,2026-06-27T01:25:35,IMPS,success
T0010869,A000189,A000979,53072,2026-06-27T01:30:09,NEFT,success
T0009225,A000827,A000424,35000,2026-06-27T01:31:34,UPI,success
T0009162,A001197,A001236,1285,2026-06-27T01:33:08,UPI,success
T0007550,A000261,A000921,404,2026-06-27T01:37:41,UPI,success
T0000934,A001340,A001086,65000,2026-06-27T01:38:35,UPI,success
T0009421,A001108,A000746,50000,2026-06-27T01:42:01,UPI,success
T0006012,A000464,A000335,359,2026-06-27T01:43:09,UPI,success
T0000363,A000289,A001048,998,2026-06-27T01:44:43,UPI,success
T0002611,A000952,A000687,1388,2026-06-27T01:47:21,UPI,success
T0003291,A001308,A000657,19320,2026-06-27T01:47:28,UPI,success
T0006892,A000959,A000252,216,2026-06-27T01:47:39,UPI,success
T0012824,A000852,A000690,1909,2026-06-27T01:48:06,IMPS,success
T0003469,A000231,A000325,80000,2026-06-27T01:51:40,UPI,success
T0004947,A001287,A001051,11607,2026-06-27T01:55:25,IMPS,success
T0001768,A000493,A000362,1310,2026-06-27T01:57:15,UPI,success
T0004970,A000158,A000131,348,2026-06-27T02:03:16,UPI,success
T0002985,A000512,A000757,689,2026-06-27T02:06:21,IMPS,success
T0000991,A000164,A000697,727,2026-06-27T02:09:24,UPI,success
T0003101,A000818,A001159,1223,2026-06-27T02:11:00,IMPS,success
T0013487,A000516,A001137,22742,2026-06-27T02:11:00,NEFT,success
T0012286,A000798,A000391,25000,2026-06-27T02:12:47,UPI,success
T0013591,A000945,A000740,1917,2026-06-27T02:14:00,UPI,success
T0000603,A001312,A001184,5000,2026-06-27T02:16:59,IMPS,success
T0010814,A000203,A000587,1380,2026-06-27T02:21:24,NEFT,success
T0014096,A000670,A000870,402,2026-06-27T02:24:00,UPI,success
T0014990,A000903,A000992,50000,2026-06-27T02:24:16,IMPS,success
T0014824,A000086,A000848,1710,2026-06-27T02:24:59,NEFT,success
T0014267,A001352,A001073,1048,2026-06-27T02:30:42,IMPS,failed
T0002994,A000715,A000698,3627,2026-06-27T02:32:02,NEFT,success
T0005153,A000639,A001305,65000,2026-06-27T02:33:42,IMPS,success
T0008437,A000987,A000338,701,2026-06-27T02:41:56,IMPS,success
T0000923,A000596,A000121,1018,2026-06-27T02:48:08,NEFT,success
T0002899,A000453,A000932,306,2026-06-27T02:51:13,UPI,success
T0002952,A001165,A000987,15748,2026-06-27T02:51:28,NEFT,success
T0009630,A000202,A001361,4455,2026-06-27T02:51:54,IMPS,success
T0008057,A000995,A000382,443,2026-06-27T02:53:49,IMPS,success
T0001295,A000747,A000596,15000,2026-06-27T02:53:58,UPI,success
T0001240,A000460,A001058,21941,2026-06-27T02:57:40,IMPS,success
T0011782,A001329,A001284,708,2026-06-27T03:04:54,IMPS,success
T0011465,A000175,A000211,1003,2026-06-27T03:10:01,IMPS,success
T0001518,A000010,A001341,2693,2026-06-27T03:21:36,IMPS,success
T0002249,A000445,A000337,25000,2026-06-27T03:24:27,IMPS,success
T0000215,A000564,A001315,1161,2026-06-27T03:25:12,IMPS,failed
T0007913,A000854,A000951,267,2026-06-27T03:26:24,UPI,success
T0006262,A001332,A001263,80000,2026-06-27T03:27:52,IMPS,success
T0005776,A001236,A000163,35000,2026-06-27T03:28:28,NEFT,success
T0007690,A000482,A000446,11134,2026-06-27T03:30:58,UPI,success
T0005523,A001278,A000770,25000,2026-06-27T03:31:17,NEFT,success
T0001269,A000345,A000744,1106,2026-06-27T03:37:25,IMPS,success
T0002728,A000873,A001268,7653,2026-06-27T03:39:07,UPI,success
T0001609,A000354,A000116,940,2026-06-27T03:39:10,NEFT,success
T0006294,A000061,A001145,314,2026-06-27T03:44:30,IMPS,success
T0008269,A000825,A000423,1064,2026-06-27T03:52:57,IMPS,success
T0014582,A000555,A001103,1316,2026-06-27T03:55:47,IMPS,success
T0012328,A000914,A001365,783,2026-06-27T03:59:19,UPI,success
T0009582,A000348,A000790,402,2026-06-27T04:08:19,IMPS,success
T0002665,A000530,A000419,36240,2026-06-27T04:11:49,UPI,success
T0000758,A001074,A000668,10075,2026-06-27T04:12:39,IMPS,success
T0013182,A000855,A000180,622,2026-06-27T04:14:04,IMPS,success
T0014648,A001046,A000243,1072,2026-06-27T04:15:02,NEFT,success
T0000719,A000556,A001272,13216,2026-06-27T04:17:54,UPI,success
T0011473,A000618,A000754,648,2026-06-27T04:18:51,NEFT,success
T0013282,A000574,A000900,964,2026-06-27T04:20:26,NEFT,success
T0012371,A001275,A001353,3724,2026-06-27T04:26:09,UPI,success
T0012769,A000456,A001128,15422,2026-06-27T04:27:47,UPI,success
T0002391,A000240,A000214,50000,2026-06-27T04:29:05,UPI,success
T0000524,A001061,A000329,963,2026-06-27T04:33:03,UPI,success
T0010571,A001297,A000911,1155,2026-06-27T04:36:44,IMPS,success
T0011191,A001059,A001260,15000,2026-06-27T04:38:08,UPI,success
T0007439,A000423,A000833,530,2026-06-27T04:40:32,IMPS,success
T0010312,A000257,A000873,599,2026-06-27T04:43:24,NEFT,success
T0002959,A001335,A000911,35000,2026-06-27T04:52:24,IMPS,success
T0006982,A000402,A000324,1239,2026-06-27T05:00:20,UPI,success
T0014677,A001031,A000137,31797,2026-06-27T05:02:21,UPI,success
T0014828,A001076,A001099,80000,2026-06-27T05:05:54,NEFT,success
T0008607,A001061,A000425,1413,2026-06-27T05:07:53,IMPS,success
T0012320,A000472,A001323,969,2026-06-27T05:14:09,IMPS,success
T0005128,A001168,A000889,25000,2026-06-27T05:16:01,IMPS,success
T0004869,A000375,A001258,1057,2026-06-27T05:17:12,UPI,success
T0011627,A000880,A001026,2528,2026-06-27T05:18:23,IMPS,success
T0013406,A000493,A000724,23359,2026-06-27T05:19:45,UPI,success
T0002010,A000635,A001131,80000,2026-06-27T05:24:35,UPI,success
T0001655,A000823,A000225,1196,2026-06-27T05:24:45,UPI,success
T0010187,A001233,A000295,624,2026-06-27T05:25:47,UPI,success
T0010696,A000621,A000166,371,2026-06-27T05:26:35,NEFT,success
T0014315,A001084,A000640,19120,2026-06-27T05:29:25,IMPS,success
T0010453,A000571,A001150,3658,2026-06-27T05:35:00,UPI,success
T0001761,A000412,A000192,479,2026-06-27T05:43:55,NEFT,success
T0012853,A001036,A000301,54682,2026-06-27T05:46:09,IMPS,success
T0007482,A000225,A000084,50000,2026-06-27T05:53:41,NEFT,success
T0010338,A000244,A000029,2308,2026-06-27T05:53:44,IMPS,success
T0014490,A000545,A000719,1061,2026-06-27T05:57:15,NEFT,success
T0008785,A000855,A000588,37684,2026-06-27T05:58:10,IMPS,success
T0009934,A000297,A001311,417,2026-06-27T06:00:31,UPI,success
T0008601,A000633,A000196,36354,2026-06-27T06:01:08,IMPS,success
T0010798,A000616,A001360,1609,2026-06-27T06:03:00,UPI,success
T0009460,A000273,A000699,40896,2026-06-27T06:03:38,UPI,success
T0001583,A000365,A000572,1009,2026-06-27T06:07:07,IMPS,success
T0005889,A000992,A000078,94,2026-06-27T06:08:33,UPI,success
T0012679,A001068,A000314,20454,2026-06-27T06:14:27,NEFT,success
T0000967,A000333,A000694,15000,2026-06-27T06:15:41,UPI,success
T0003581,A000248,A000377,16023,2026-06-27T06:19:21,NEFT,success
T0007862,A000726,A000483,481,2026-06-27T06:22:46,UPI,success
T0002605,A000506,A000001,1408,2026-06-27T06:22:50,IMPS,success
T0000408,A000083,A000937,1044,2026-06-27T06:23:52,UPI,success
T0009959,A001263,A001223,27283,2026-06-27T06:23:55,UPI,success
T0008436,A000479,A000301,50000,2026-06-27T06:26:25,UPI,success
T0012309,A000654,A000750,677,2026-06-27T06:37:50,UPI,success
T0010721,A000646,A001045,169,2026-06-27T06:38:52,UPI,success
T0010212,A001062,A000935,1789,2026-06-27T06:48:08,UPI,success
T0009376,A001238,A000154,1295,2026-06-27T06:52:00,UPI,success
T0012960,A001343,A000133,46214,2026-06-27T06:52:57,IMPS,success
T0013279,A001342,A000384,129,2026-06-27T06:53:17,NEFT,success
T0000181,A001172,A000138,795,2026-06-27T06:54:23,IMPS,success
T0000278,A000584,A000057,2560,2026-06-27T06:59:08,IMPS,success
T0010368,A000400,A000202,5170,2026-06-27T07:07:32,NEFT,success
T0006169,A001178,A000007,7422,2026-06-27T07:09:44,UPI,success
T0010318,A000926,A000788,50577,2026-06-27T07:14:00,IMPS,success
T0003609,A000216,A001088,24457,2026-06-27T07:20:47,NEFT,success
T0006617,A000486,A000296,234,2026-06-27T07:25:53,IMPS,success
T0009422,A000143,A000870,1079,2026-06-27T07:26:25,IMPS,success
T0005402,A000864,A000407,10514,2026-06-27T07:28:34,UPI,success
T0009529,A000039,A000191,11652,2026-06-27T07:29:22,NEFT,success
T0014717,A000973,A001329,15000,2026-06-27T07:32:14,IMPS,success
T0006475,A000553,A000408,72535,2026-06-27T07:33:05,NEFT,success
T0010019,A000652,A000229,15930,2026-06-27T07:38:10,IMPS,success
T0006844,A000533,A000770,5160,2026-06-27T07:38:14,UPI,success
T0013671,A001154,A000857,357,2026-06-27T07:42:12,IMPS,success
T0013970,A001108,A001207,1742,2026-06-27T07:42:26,NEFT,success
T0011243,A000620,A001108,1582,2026-06-27T07:45:53,UPI,success
T0007836,A000509,A000288,25000,2026-06-27T07:53:27,NEFT,success
T0007128,A000368,A001354,80000,2026-06-27T07:57:31,UPI,success
T0010186,A001241,A000494,685,2026-06-27T08:01:08,UPI,success
T0009906,A000623,A000932,4599,2026-06-27T08:05:31,IMPS,success
T0007627,A000372,A001272,940,2026-06-27T08:07:03,UPI,success
T0013862,A000283,A001175,16872,2026-06-27T08:09:43,NEFT,success
T0013654,A001324,A000853,4150,2026-06-27T08:10:12,NEFT,success
T0003403,A000616,A000818,4523,2026-06-27T08:10:59,UPI,success
T0005825,A001351,A000025,1347,2026-06-27T08:11:00,NEFT,success
T0006738,A000986,A001342,680,2026-06-27T08:16:53,NEFT,success
T0012239,A000740,A000161,375,2026-06-27T08:17:02,IMPS,success
T0006563,A000058,A001140,65000,2026-06-27T08:17:28,NEFT,success
T0014136,A000130,A000224,11324,2026-06-27T08:20:32,UPI,success
T0009996,A000412,A000967,25000,2026-06-27T08:24:53,NEFT,success
T0008078,A000399,A000869,35000,2026-06-27T08:31:04,UPI,success
T0002721,A001105,A001167,923,2026-06-27T08:31:53,NEFT,success
T0009980,A000850,A000829,713,2026-06-27T08:40:12,IMPS,success
T0004812,A000100,A001292,65000,2026-06-27T08:44:04,NEFT,success
T0009835,A000869,A001261,1686,2026-06-27T08:46:31,NEFT,success
T0010934,A000272,A000797,1109,2026-06-27T08:46:32,IMPS,success
T0009675,A000609,A001033,35000,2026-06-27T08:52:22,IMPS,success
T0010501,A000918,A001057,5000,2026-06-27T08:56:41,NEFT,success
T0002855,A000236,A000029,34938,2026-06-27T08:58:49,UPI,success
T0006980,A000121,A000444,602,2026-06-27T09:09:29,UPI,success
T0007301,A001331,A001125,7466,2026-06-27T09:13:59,UPI,success
T0013685,A001354,A000038,7784,2026-06-27T09:15:05,IMPS,success
T0007134,A000057,A001177,945,2026-06-27T09:20:20,UPI,success
T0008293,A000077,A001097,15000,2026-06-27T09:25:19,UPI,success
T0013560,A001321,A000152,1165,2026-06-27T09:26:43,IMPS,success
T0000514,A000250,A000350,50000,2026-06-27T09:37:26,UPI,success
T0002556,A000594,A000763,414,2026-06-27T09:37:31,UPI,success
T0013683,A000945,A001294,1392,2026-06-27T09:39:12,UPI,success
T0007938,A000350,A000651,398,2026-06-27T09:40:14,UPI,success
T0006891,A000681,A000991,2291,2026-06-27T09:41:49,IMPS,success
T0001387,A000184,A000542,47729,2026-06-27T09:42:46,UPI,success
T0007017,A001162,A001170,22033,2026-06-27T09:43:11,NEFT,success
T0003138,A000734,A000940,188,2026-06-27T09:43:37,IMPS,success
T0003998,A001208,A001092,1710,2026-06-27T09:50:39,NEFT,success
T0014747,A001225,A000026,764,2026-06-27T09:54:38,NEFT,success
T0004297,A000127,A000981,17117,2026-06-27T10:02:14,UPI,success
T0004689,A000523,A000518,65000,2026-06-27T10:03:00,NEFT,success
T0008341,A000696,A000973,887,2026-06-27T10:03:25,UPI,success
T0010350,A001275,A000280,249,2026-06-27T10:04:57,NEFT,success
T0006637,A000251,A001283,2390,2026-06-27T10:05:23,UPI,success
T0000212,A000903,A000469,19900,2026-06-27T10:05:32,IMPS,success
T0008410,A000237,A000928,253,2026-06-27T10:08:36,NEFT,success
T0013357,A001339,A000663,679,2026-06-27T10:16:48,UPI,success
T0010655,A000118,A000595,1156,2026-06-27T10:17:53,UPI,success
T0014877,A001149,A000442,414,2026-06-27T10:19:58,NEFT,success
T0001445,A001110,A000985,1819,2026-06-27T10:20:27,IMPS,success
T0013607,A000443,A000974,841,2026-06-27T10:23:00,IMPS,success
T0014786,A000060,A000704,307,2026-06-27T10:24:27,IMPS,success
T0004507,A001338,A000566,436,2026-06-27T10:27:36,NEFT,success
T0012555,A001263,A001078,47139,2026-06-27T10:32:40,NEFT,success
T0009908,A000272,A000018,382,2026-06-27T10:32:42,IMPS,success
T0012519,A000439,A000744,91992,2026-06-27T10:39:30,NEFT,success
T0001352,A000794,A000471,10039,2026-06-27T10:40:54,NEFT,success
T0005722,A001101,A000371,1667,2026-06-27T10:42:12,NEFT,success
T0002009,A001214,A000157,13774,2026-06-27T10:43:28,IMPS,success
T0002385,A001150,A000018,20032,2026-06-27T10:44:13,UPI,success
T0003046,A001324,A000478,1562,2026-06-27T10:44:48,IMPS,failed
T0001525,A001179,A001263,960,2026-06-27T10:45:52,NEFT,success
T0000143,A000577,A001171,44781,2026-06-27T10:46:01,IMPS,success
T0005256,A001042,A001264,617,2026-06-27T10:48:43,NEFT,success
T0005253,A000745,A000320,596,2026-06-27T10:49:37,UPI,success
T0008427,A001364,A000412,2751,2026-06-27T10:49:41,UPI,success
T0000383,A000317,A001337,9406,2026-06-27T10:53:28,NEFT,success
T0009386,A000366,A001142,69401,2026-06-27T10:58:43,IMPS,success
T0000019,A001416,A001389,49400,2026-06-27T11:02:24,UPI,success
T0009227,A001246,A001016,1053,2026-06-27T11:04:23,UPI,success
T0000136,A000136,A000152,1037,2026-06-27T11:10:18,IMPS,success
T0011496,A001267,A000961,1532,2026-06-27T11:10:50,UPI,success
T0004385,A001056,A001228,17476,2026-06-27T11:16:40,NEFT,success
T0002972,A001220,A001125,9608,2026-06-27T11:17:52,UPI,success
T0000205,A000595,A001310,15000,2026-06-27T11:21:03,NEFT,success
T0009241,A000980,A000388,1446,2026-06-27T11:28:47,UPI,success
T0013808,A000836,A000081,5606,2026-06-27T11:38:24,UPI,success
T0014643,A000401,A000917,65000,2026-06-27T11:39:08,IMPS,success
T0008308,A000030,A000220,606,2026-06-27T11:40:18,IMPS,success
T0000456,A000999,A001221,595,2026-06-27T11:41:34,UPI,success
T0013800,A000404,A000345,1096,2026-06-27T11:43:15,UPI,success
T0002229,A000651,A000853,2467,2026-06-27T11:44:27,UPI,success
T0010819,A001038,A000563,80000,2026-06-27T11:44:34,IMPS,success
T0008171,A000229,A000311,10441,2026-06-27T11:46:13,IMPS,success
T0004803,A000662,A000161,704,2026-06-27T11:46:40,UPI,success
T0007141,A000966,A000780,20875,2026-06-27T11:51:54,NEFT,success
T0010136,A000065,A000873,581,2026-06-27T11:53:55,NEFT,success
T0013965,A000876,A000457,933,2026-06-27T12:10:26,NEFT,success
T0008467,A001369,A000712,1156,2026-06-27T12:11:02,NEFT,success
T0009293,A001153,A000868,1686,2026-06-27T12:12:11,IMPS,success
T0009291,A000923,A000196,141,2026-06-27T12:16:42,IMPS,success
T0011178,A000528,A000397,244,2026-06-27T12:19:22,IMPS,success
T0004636,A000088,A001377,25000,2026-06-27T12:20:12,IMPS,success
T0000016,A001413,A001395,100667,2026-06-27T12:21:08,UPI,success
T0008826,A001033,A001160,3080,2026-06-27T12:24:58,NEFT,success
T0012733,A000482,A000976,257,2026-06-27T12:26:12,IMPS,success
T0003911,A000532,A000696,65000,2026-06-27T12:27:32,UPI,success
T0014638,A000502,A000797,1574,2026-06-27T12:28:05,UPI,success
T0000209,A000321,A000589,114,2026-06-27T12:39:09,UPI,success
T0008156,A000008,A000901,1026,2026-06-27T12:45:22,UPI,success
T0007387,A001189,A000871,50000,2026-06-27T12:49:13,UPI,success
T0012465,A000316,A001108,2855,2026-06-27T12:49:22,UPI,success
T0005862,A000272,A001115,19526,2026-06-27T12:53:50,IMPS,success
T0005499,A000293,A000797,384,2026-06-27T12:54:20,UPI,success
T0011104,A000123,A000843,730,2026-06-27T12:54:56,NEFT,success
T0000793,A000997,A000514,105827,2026-06-27T12:56:09,NEFT,success
T0009994,A001313,A000557,268,2026-06-27T13:03:09,UPI,success
T0006520,A001038,A000918,4858,2026-06-27T13:10:46,UPI,success
T0002213,A000746,A000420,19713,2026-06-27T13:12:49,UPI,success
T0012199,A001312,A000426,200,2026-06-27T13:13:19,UPI,success
T0011521,A001107,A001322,15000,2026-06-27T13:13:37,IMPS,success
T0006781,A000202,A000268,1043,2026-06-27T13:16:07,NEFT,success
T0007825,A000772,A000761,25000,2026-06-27T13:19:55,IMPS,success
T0009547,A001346,A001109,39741,2026-06-27T13:37:58,IMPS,success
T0008834,A000504,A001370,254,2026-06-27T13:40:31,NEFT,success
T0007703,A000226,A000711,726,2026-06-27T13:48:31,UPI,success
T0011146,A000783,A000753,44122,2026-06-27T13:51:19,UPI,success
T0006822,A000372,A001345,19429,2026-06-27T13:54:28,NEFT,success
T0008516,A000228,A000613,11706,2026-06-27T13:58:49,UPI,success
T0011802,A000563,A000284,15591,2026-06-27T13:59:27,UPI,success
T0000287,A000179,A000191,7683,2026-06-27T14:00:50,IMPS,success
T0002337,A000315,A000294,83873,2026-06-27T14:09:07,NEFT,success
T0010289,A000181,A000455,1071,2026-06-27T14:10:05,IMPS,success
T0010730,A000680,A001185,1350,2026-06-27T14:12:39,IMPS,success
T0003208,A000007,A000989,80000,2026-06-27T14:19:02,UPI,success
T0008294,A000088,A000306,5206,2026-06-27T14:19:32,UPI,success
T0001662,A000890,A000024,1554,2026-06-27T14:23:08,UPI,success
T0006797,A000189,A001270,32059,2026-06-27T14:25:03,IMPS,success
T0009888,A000500,A001089,686,2026-06-27T14:30:28,NEFT,success
T0000993,A001043,A000425,27578,2026-06-27T14:33:02,IMPS,success
T0010913,A000723,A000904,113,2026-06-27T14:33:50,UPI,success
T0009517,A000798,A000853,49141,2026-06-27T14:39:01,NEFT,success
T0006698,A000924,A000268,153,2026-06-27T14:39:34,UPI,success
T0007676,A001238,A001291,55,2026-06-27T14:41:46,UPI,success
T0009758,A001256,A001111,267,2026-06-27T14:46:42,IMPS,success
T0004789,A000325,A000542,1965,2026-06-27T14:49:51,UPI,success
T0009845,A000613,A000836,456,2026-06-27T14:57:08,UPI,success
T0009542,A000091,A000036,35000,2026-06-27T15:00:28,IMPS,success
T0003709,A000164,A000910,943,2026-06-27T15:08:07,UPI,success
T0000306,A000559,A001155,1074,2026-06-27T15:08:33,NEFT,success
T0009784,A000761,A000285,465,2026-06-27T15:16:14,NEFT,success
T0005953,A000923,A001003,2409,2026-06-27T15:26:59,NEFT,success
T0006717,A000018,A000420,11089,2026-06-27T15:27:16,UPI,success
T0014746,A001240,A001381,862,2026-06-27T15:31:46,IMPS,success
T0007224,A001031,A001166,80000,2026-06-27T15:33:43,UPI,success
T0004330,A000138,A000712,16874,2026-06-27T15:37:11,NEFT,success
T0013318,A001054,A000350,527,2026-06-27T15:37:39,NEFT,success
T0012292,A000800,A000009,1173,2026-06-27T15:44:06,UPI,success
T0005980,A000213,A000699,347,2026-06-27T15:47:13,NEFT,success
T0014953,A000384,A001175,68609,2026-06-27T15:48:18,UPI,success
T0006217,A000328,A001369,878,2026-06-27T15:49:14,IMPS,success
T0003546,A000348,A000420,65000,2026-06-27T15:49:57,UPI,success
T0009473,A000284,A001089,1896,2026-06-27T15:56:30,NEFT,success
T0005244,A000758,A001126,15000,2026-06-27T15:59:09,NEFT,success
T0001555,A001255,A000034,1226,2026-06-27T15:59:56,NEFT,success
T0002778,A001380,A000148,25000,2026-06-27T16:01:55,IMPS,success
T0012643,A001285,A000755,13922,2026-06-27T16:01:57,NEFT,success
T0007867,A001270,A000078,152,2026-06-27T16:15:16,NEFT,success
T0002981,A000878,A000416,194,2026-06-27T16:20:05,NEFT,success
T0008598,A000263,A000714,62313,2026-06-27T16:20:21,UPI,success
T0004893,A001074,A000476,453,2026-06-27T16:21:41,UPI,success
T0008732,A001236,A000894,35000,2026-06-27T16:22:26,NEFT,success
T0003392,A000721,A000631,65000,2026-06-27T16:24:51,NEFT,success
T0003647,A001189,A001295,1522,2026-06-27T16:27:08,NEFT,success
T0005941,A000267,A001291,917,2026-06-27T16:28:38,IMPS,success
T0009015,A001212,A000943,653,2026-06-27T16:39:40,NEFT,success
T0006235,A000397,A000693,46700,2026-06-27T16:44:27,IMPS,success
T0010192,A000142,A000897,1120,2026-06-27T16:55:30,IMPS,success
T0006415,A000289,A001035,897,2026-06-27T16:58:24,UPI,success
T0012945,A000677,A000349,658,2026-06-27T17:01:06,IMPS,success
T0007675,A000559,A000438,1296,2026-06-27T17:01:20,NEFT,failed
T0008954,A000130,A000405,65000,2026-06-27T17:01:27,NEFT,success
T0013845,A001329,A000772,506,2026-06-27T17:02:54,NEFT,success
T0005857,A000885,A000420,1001,2026-06-27T17:04:21,IMPS,success
T0002241,A001099,A000761,1112,2026-06-27T17:04:47,UPI,success
T0006175,A000657,A000216,1031,2026-06-27T17:06:17,UPI,success
T0004749,A001188,A000136,329,2026-06-27T17:08:12,NEFT,success
T0008552,A000626,A000980,20724,2026-06-27T17:08:40,NEFT,success
T0001545,A000226,A001012,233,2026-06-27T17:11:04,IMPS,success
T0004573,A000369,A001144,35000,2026-06-27T17:11:38,IMPS,success
T0011929,A000839,A000607,354,2026-06-27T17:12:22,NEFT,success
T0012377,A001177,A001067,2573,2026-06-27T17:17:59,IMPS,success
T0012618,A000236,A001130,753,2026-06-27T17:22:07,UPI,success
T0006672,A000305,A000022,15000,2026-06-27T17:23:23,IMPS,success
T0009114,A001275,A001287,662,2026-06-27T17:27:10,IMPS,success
T0013980,A001145,A000790,49610,2026-06-27T17:31:39,IMPS,success
T0008665,A000122,A000134,6489,2026-06-27T17:32:19,UPI,success
T0000621,A001117,A000515,15000,2026-06-27T17:33:44,NEFT,success
T0014662,A000941,A000097,65000,2026-06-27T17:35:48,IMPS,success
T0008572,A000346,A000085,1444,2026-06-27T17:38:26,IMPS,success
T0012365,A000985,A000656,64641,2026-06-27T17:40:15,UPI,success
T0011500,A001034,A000572,18365,2026-06-27T17:40:29,UPI,success
T0012808,A001229,A000285,88310,2026-06-27T17:46:49,IMPS,success
T0010653,A000052,A000463,812,2026-06-27T17:47:51,IMPS,success
T0011320,A000224,A000908,880,2026-06-27T17:48:03,NEFT,success
T0010626,A000556,A000228,553,2026-06-27T17:49:05,NEFT,success
T0004964,A000305,A000596,198,2026-06-27T17:49:51,NEFT,success
T0013825,A000347,A000843,35000,2026-06-27T17:50:03,IMPS,success
T0010443,A000955,A000273,751,2026-06-27T17:55:42,IMPS,success
T0006507,A000110,A001107,21193,2026-06-27T17:56:24,NEFT,success
T0010554,A001128,A000496,65000,2026-06-27T17:57:08,UPI,success
T0011683,A000315,A001092,26842,2026-06-27T18:00:02,NEFT,success
T0004431,A000110,A001287,35000,2026-06-27T18:07:31,UPI,success
T0005742,A000624,A001285,509,2026-06-27T18:17:06,NEFT,success
T0004908,A001196,A001342,34472,2026-06-27T18:22:07,IMPS,success
T0010762,A000848,A000219,442,2026-06-27T18:22:39,IMPS,success
T0007237,A001301,A000741,293,2026-06-27T18:28:13,UPI,success
T0007644,A000794,A000138,498,2026-06-27T18:29:10,UPI,success
T0013695,A000961,A000661,25000,2026-06-27T18:34:23,NEFT,success
T0002601,A000219,A000873,505,2026-06-27T18:35:17,IMPS,success
T0009124,A000644,A000805,25000,2026-06-27T18:44:34,IMPS,success
T0014313,A000267,A000669,175,2026-06-27T18:47:12,UPI,success
T0011584,A001069,A001104,25000,2026-06-27T18:49:11,UPI,success
T0014520,A000727,A000671,823,2026-06-27T18:50:58,UPI,success
T0005871,A001129,A000075,470,2026-06-27T18:54:13,IMPS,success
T0014196,A000151,A001378,625,2026-06-27T18:54:17,NEFT,success
T0003068,A000481,A000793,24350,2026-06-27T18:59:25,UPI,success
T0000835,A001215,A001222,1235,2026-06-27T19:01:48,NEFT,success
T0012385,A000822,A001065,11403,2026-06-27T19:01:50,UPI,success
T0009508,A000498,A001236,80000,2026-06-27T19:03:18,IMPS,success
T0009217,A000545,A000068,1237,2026-06-27T19:04:52,UPI,success
T0005215,A001015,A000363,2677,2026-06-27T19:06:06,IMPS,success
T0014573,A001132,A000629,594,2026-06-27T19:08:57,NEFT,success
T0004796,A001341,A000346,227,2026-06-27T19:09:18,NEFT,success
T0009315,A000431,A000291,860,2026-06-27T19:10:53,IMPS,success
T0014168,A001214,A001014,405,2026-06-27T19:15:13,NEFT,success
T0007859,A000706,A000134,39114,2026-06-27T19:18:26,UPI,success
T0003690,A000472,A000293,1316,2026-06-27T19:19:09,UPI,success
T0014844,A000101,A000502,5000,2026-06-27T19:19:25,IMPS,success
T0008725,A000045,A000772,133,2026-06-27T19:19:34,UPI,success
T0004776,A000852,A000362,1432,2026-06-27T19:19:51,UPI,success
T0007106,A001229,A001184,25000,2026-06-27T19:24:58,NEFT,success
T0000165,A001294,A000387,3236,2026-06-27T19:25:54,UPI,success
T0014883,A000805,A000864,863,2026-06-27T19:27:53,NEFT,success
T0007192,A000469,A000464,6282,2026-06-27T19:30:18,UPI,success
T0002833,A000439,A000602,25000,2026-06-27T19:33:18,NEFT,success
T0001216,A000848,A000798,1505,2026-06-27T19:33:23,IMPS,success
T0002624,A001282,A000858,85740,2026-06-27T19:33:44,UPI,success
T0014871,A000024,A000919,7930,2026-06-27T19:36:11,NEFT,success
T0004120,A000628,A000458,2611,2026-06-27T19:39:29,IMPS,success
T0012172,A000319,A000419,428,2026-06-27T19:45:04,UPI,success
T0004567,A000071,A000533,426,2026-06-27T19:56:58,UPI,success
T0012023,A000934,A000492,989,2026-06-27T19:58:13,NEFT,success
T0013792,A000460,A000232,12768,2026-06-27T20:00:59,UPI,success
T0007405,A001014,A001170,863,2026-06-27T20:05:16,IMPS,success
T0003832,A001254,A000838,49242,2026-06-27T20:07:21,UPI,success
T0014084,A001243,A000876,13127,2026-06-27T20:07:26,IMPS,success
T0000937,A000242,A000933,152,2026-06-27T20:23:16,NEFT,success
T0011158,A000533,A000966,24561,2026-06-27T20:26:15,IMPS,success
T0010341,A000719,A000715,1914,2026-06-27T20:26:33,NEFT,success
T0006949,A000892,A000611,11755,2026-06-27T20:26:54,UPI,success
T0001818,A001095,A000866,18249,2026-06-27T20:31:14,NEFT,success
T0006945,A000101,A000516,15000,2026-06-27T20:33:15,IMPS,success
T0010949,A000037,A001274,776,2026-06-27T20:34:04,IMPS,success
T0009546,A000864,A000708,1353,2026-06-27T20:34:11,UPI,success
T0000268,A001130,A000422,291,2026-06-27T20:35:22,UPI,success
T0013960,A001122,A000298,15000,2026-06-27T20:36:30,IMPS,success
T0005753,A000048,A000170,81617,2026-06-27T20:37:01,UPI,success
T0013141,A000333,A000562,466,2026-06-27T20:39:01,IMPS,success
T0001309,A000299,A000491,275,2026-06-27T20:39:56,IMPS,success
T0006601,A000435,A000484,3468,2026-06-27T20:41:42,UPI,success
T0006691,A000010,A000299,50000,2026-06-27T20:48:15,UPI,success
T0009727,A000405,A000640,65000,2026-06-27T20:52:18,UPI,success
T0000691,A000207,A001309,120,2026-06-27T20:54:50,NEFT,success
T0014869,A001039,A000831,195,2026-06-27T21:02:33,NEFT,success
T0009957,A000110,A001107,2085,2026-06-27T21:10:46,NEFT,success
T0000294,A000975,A001164,737,2026-06-27T21:12:03,IMPS,success
T0010275,A000593,A000446,37259,2026-06-27T21:12:16,UPI,success
T0004838,A001157,A000537,1746,2026-06-27T21:17:04,UPI,success
T0013085,A000006,A001152,11926,2026-06-27T21:20:59,NEFT,success
T0002646,A000511,A000223,80000,2026-06-27T21:23:09,IMPS,success
T0014122,A000283,A000855,625,2026-06-27T21:26:21,IMPS,success
T0012448,A000105,A000840,460,2026-06-27T21:29:21,IMPS,success
T0000656,A000260,A000591,1324,2026-06-27T21:29:29,IMPS,success
T0004870,A001081,A000163,179,2026-06-27T21:34:42,UPI,success
T0013448,A000737,A000188,308,2026-06-27T21:38:30,IMPS,success
T0007660,A000875,A000493,2100,2026-06-27T21:40:28,UPI,success
T0008925,A000834,A000879,48164,2026-06-27T21:40:41,IMPS,success
T0009896,A000753,A001351,638,2026-06-27T21:41:20,UPI,success
T0007307,A001112,A000932,25000,2026-06-27T21:43:00,UPI,success
T0005710,A000226,A000009,353,2026-06-27T21:43:27,NEFT,success
T0011335,A000220,A000962,9000,2026-06-27T21:44:05,NEFT,success
T0006850,A001094,A001321,65000,2026-06-27T21:45:26,UPI,success
T0007870,A000362,A000458,80000,2026-06-27T21:50:00,UPI,success
T0008439,A001013,A001240,25000,2026-06-27T21:53:33,IMPS,success
T0014476,A001052,A001114,547,2026-06-27T21:54:45,UPI,success
T0012404,A000703,A001233,149,2026-06-27T21:56:27,IMPS,success
T0013986,A000268,A000010,28965,2026-06-27T21:58:32,IMPS,success
T0006966,A000931,A000960,35000,2026-06-27T21:59:28,IMPS,success
T0006280,A001305,A000296,5000,2026-06-27T21:59:52,UPI,success
T0004311,A000785,A000033,73,2026-06-27T22:00:20,NEFT,success
T0004418,A000697,A000213,546,2026-06-27T22:06:17,IMPS,success
T0001203,A001265,A001129,65000,2026-06-27T22:08:23,UPI,success
T0007326,A000390,A001215,1698,2026-06-27T22:18:20,NEFT,success
T0001992,A001148,A001003,5000,2026-06-27T22:24:38,UPI,success
T0007621,A000481,A000781,299,2026-06-27T22:25:26,UPI,success
T0003370,A001051,A000222,25112,2026-06-27T22:27:15,IMPS,success
T0008776,A000541,A000718,184,2026-06-27T22:27:34,IMPS,success
T0007532,A000864,A001188,1040,2026-06-27T22:28:08,UPI,success
T0005115,A000749,A001204,461,2026-06-27T22:28:44,IMPS,success
T0002139,A000954,A001206,935,2026-06-27T22:29:13,IMPS,success
T0009078,A000616,A000886,80000,2026-06-27T22:34:01,NEFT,success
T0013616,A000090,A000507,1016,2026-06-27T22:35:48,IMPS,success
T0008450,A000571,A000235,26517,2026-06-27T22:36:29,IMPS,success
T0010836,A000739,A000205,48494,2026-06-27T22:37:52,UPI,success
T0010716,A001293,A001235,4875,2026-06-27T22:38:57,UPI,success
T0000424,A001325,A000154,23118,2026-06-27T22:43:52,NEFT,success
T0007634,A000298,A000705,10115,2026-06-27T22:48:08,IMPS,success
T0006011,A001290,A000817,2167,2026-06-27T22:51:33,IMPS,success
T0001897,A000527,A001034,5790,2026-06-27T22:55:24,IMPS,success
T0006057,A001377,A001321,1104,2026-06-27T22:58:18,NEFT,success
T0000297,A000383,A000074,613,2026-06-27T22:59:28,NEFT,success
T0013922,A001100,A000710,130,2026-06-27T23:01:54,NEFT,success
T0002027,A000805,A001196,13573,2026-06-27T23:08:00,IMPS,success
T0013774,A001324,A000858,640,2026-06-27T23:09:05,IMPS,success
T0000986,A000537,A000320,1119,2026-06-27T23:11:53,NEFT,success
T0003676,A001151,A000638,5717,2026-06-27T23:12:09,IMPS,success
T0002951,A000091,A000212,123,2026-06-27T23:14:47,UPI,success
T0011135,A000615,A000256,524,2026-06-27T23:16:23,UPI,success
T0013617,A000794,A000980,335,2026-06-27T23:17:27,NEFT,success
T0008829,A000539,A000541,17179,2026-06-27T23:18:24,UPI,success
T0004450,A000567,A000168,971,2026-06-27T23:19:33,UPI,success
T0005569,A000465,A000505,12268,2026-06-27T23:20:17,IMPS,success
T0004492,A001076,A000862,25000,2026-06-27T23:22:38,IMPS,success
T0001494,A000911,A000115,15000,2026-06-27T23:25:27,IMPS,success
T0008298,A000739,A000504,3787,2026-06-27T23:27:21,UPI,success
T0005196,A001170,A000306,295,2026-06-27T23:28:20,IMPS,success
T0007678,A000594,A000830,462,2026-06-27T23:38:33,NEFT,success
T0006295,A000186,A000241,5310,2026-06-27T23:39:07,IMPS,success
T0010238,A000598,A000944,842,2026-06-27T23:40:13,UPI,success
T0010679,A000910,A001126,260,2026-06-27T23:40:32,UPI,success
T0002307,A001341,A001078,27953,2026-06-27T23:41:27,IMPS,success
T0006580,A000191,A000360,652,2026-06-27T23:44:10,UPI,success
T0012756,A000382,A000980,14556,2026-06-27T23:47:48,IMPS,success
T0002563,A001187,A000795,200000,2026-06-27T23:48:16,NEFT,success
T0008477,A001235,A000617,853,2026-06-27T23:50:21,IMPS,success
T0000836,A000060,A000531,479,2026-06-27T23:51:18,NEFT,success
T0011859,A000788,A000329,798,2026-06-27T23:53:08,NEFT,success
T0010872,A001275,A001252,683,2026-06-27T23:55:57,UPI,success
T0004853,A001288,A000841,878,2026-06-27T23:59:35,UPI,success
T0011250,A000756,A001321,215,2026-06-28T00:05:39,IMPS,success
T0005400,A001143,A000492,541,2026-06-28T00:07:50,NEFT,success
T0012265,A000641,A001344,66,2026-06-28T00:12:17,UPI,success
T0010266,A000988,A001317,933,2026-06-28T00:16:35,UPI,success
T0010294,A000200,A001017,15000,2026-06-28T00:18:42,NEFT,success
T0007481,A000039,A000322,162,2026-06-28T00:20:02,IMPS,success
T0001823,A000573,A000095,65000,2026-06-28T00:20:41,NEFT,success
T0004131,A000890,A000483,15000,2026-06-28T00:22:14,IMPS,success
T0002487,A000906,A001191,1652,2026-06-28T00:24:12,NEFT,failed
T0006538,A000202,A000903,601,2026-06-28T00:36:05,IMPS,success
T0003836,A000500,A000524,28994,2026-06-28T00:39:12,UPI,success
T0006705,A001372,A000650,1058,2026-06-28T00:43:40,IMPS,success
T0005404,A001272,A000558,1211,2026-06-28T00:46:22,UPI,success
T0011332,A001277,A000220,551,2026-06-28T00:55:16,IMPS,success
T0014016,A000688,A000052,378,2026-06-28T01:00:08,UPI,success
T0008449,A000274,A000518,200000,2026-06-28T01:05:44,NEFT,success
T0004805,A001047,A000561,75193,2026-06-28T01:10:08,IMPS,success
T0002094,A000343,A001083,35000,2026-06-28T01:14:41,UPI,success
T0012625,A000512,A000024,8928,2026-06-28T01:18:23,NEFT,success
T0013752,A001301,A000105,818,2026-06-28T01:18:55,UPI,success
T0007113,A000299,A001194,349,2026-06-28T01:27:28,IMPS,success
T0008929,A000093,A000986,28683,2026-06-28T01:28:25,IMPS,success
T0014436,A000429,A000137,760,2026-06-28T01:29:33,NEFT,success
T0006858,A000796,A000792,828,2026-06-28T01:32:52,IMPS,success
T0004015,A000356,A001276,5000,2026-06-28T01:35:56,UPI,success
T0012963,A000348,A000675,567,2026-06-28T01:38:11,IMPS,success
T0010585,A000626,A000941,65,2026-06-28T01:38:23,IMPS,success
T0003362,A000424,A001006,962,2026-06-28T01:41:36,IMPS,success
T0007592,A001332,A001363,13765,2026-06-28T01:41:56,NEFT,success
T0010494,A000348,A000444,589,2026-06-28T01:52:30,UPI,success
T0009751,A000809,A000706,7571,2026-06-28T01:53:00,UPI,success
T0008095,A001079,A000603,306,2026-06-28T01:55:45,UPI,success
T0004987,A000485,A000254,241,2026-06-28T01:57:39,IMPS,success
T0010604,A000740,A000810,80000,2026-06-28T01:58:54,NEFT,success
T0014236,A000810,A000183,25061,2026-06-28T02:00:47,IMPS,success
T0008006,A001242,A000074,441,2026-06-28T02:02:42,IMPS,success
T0011420,A000625,A000184,3548,2026-06-28T02:06:46,UPI,success
T0000416,A000715,A000255,1615,2026-06-28T02:09:21,UPI,success
T0002776,A000755,A001242,310,2026-06-28T02:09:53,NEFT,success
T0005231,A001250,A000199,4980,2026-06-28T02:09:56,UPI,success
T0010618,A000156,A000388,16638,2026-06-28T02:14:21,NEFT,success
T0014651,A000742,A000379,15000,2026-06-28T02:14:37,UPI,success
T0008922,A000146,A000570,130,2026-06-28T02:17:31,IMPS,success
T0005370,A000059,A001347,1003,2026-06-28T02:18:38,NEFT,failed
T0002075,A000097,A001141,689,2026-06-28T02:22:53,NEFT,success
T0007680,A001311,A000349,77616,2026-06-28T02:24:50,IMPS,success
T0008916,A000494,A000301,186,2026-06-28T02:26:49,NEFT,success
T0009000,A000780,A000393,271,2026-06-28T02:26:52,NEFT,success
T0007725,A000035,A000561,443,2026-06-28T02:35:55,IMPS,success
T0014556,A000264,A000761,2299,2026-06-28T02:36:11,NEFT,success
T0005259,A000658,A000076,25000,2026-06-28T02:38:11,UPI,success
T0013120,A000867,A000896,1172,2026-06-28T02:38:41,UPI,success
T0001103,A001291,A000157,5000,2026-06-28T02:40:35,IMPS,success
T0011156,A000410,A000699,304,2026-06-28T02:42:57,IMPS,success
T0014553,A001016,A001124,80000,2026-06-28T02:49:07,UPI,success
T0004115,A000463,A000845,20560,2026-06-28T02:49:12,NEFT,success
T0009928,A000234,A001263,29473,2026-06-28T02:50:27,IMPS,success
T0004976,A001220,A001048,8473,2026-06-28T02:58:52,UPI,success
T0001163,A000520,A000779,965,2026-06-28T02:59:00,NEFT,success
T0002340,A001010,A000820,50000,2026-06-28T03:00:16,IMPS,success
T0009352,A000958,A000012,39332,2026-06-28T03:00:47,UPI,success
T0012110,A000777,A001322,1104,2026-06-28T03:03:20,NEFT,success
T0003092,A000879,A000006,14378,2026-06-28T03:04:13,NEFT,success
T0014774,A000821,A000163,313,2026-06-28T03:09:59,NEFT,success
T0002193,A001218,A000571,44401,2026-06-28T03:13:03,IMPS,success
T0012507,A000742,A001248,34596,2026-06-28T03:14:13,UPI,success
T0004730,A000204,A000895,80000,2026-06-28T03:24:43,NEFT,success
T0001792,A001370,A000898,80000,2026-06-28T03:25:49,IMPS,success
T0007918,A000785,A000168,1246,2026-06-28T03:27:17,IMPS,success
T0005543,A001260,A000431,390,2026-06-28T03:31:05,NEFT,success
T0005661,A001083,A000202,274,2026-06-28T03:33:20,IMPS,success
T0011384,A000535,A000451,2621,2026-06-28T03:39:42,NEFT,success
T0000976,A000529,A000264,18163,2026-06-28T03:40:15,NEFT,success
T0000620,A000136,A000063,30754,2026-06-28T03:41:40,IMPS,success
T0013627,A000734,A000524,3103,2026-06-28T03:46:24,IMPS,success
T0007308,A000125,A000488,12094,2026-06-28T03:48:14,UPI,success
T0012481,A001221,A000001,519,2026-06-28T03:49:59,UPI,success
T0005918,A001181,A001079,269,2026-06-28T03:52:19,NEFT,success
T0013647,A001223,A000197,1405,2026-06-28T03:56:41,IMPS,success
T0011788,A001133,A000126,50000,2026-06-28T03:58:30,UPI,success
T0007166,A000723,A001226,2094,2026-06-28T04:01:25,IMPS,success
T0007623,A000105,A000219,1519,2026-06-28T04:01:40,NEFT,success
T0013450,A000165,A001220,5099,2026-06-28T04:08:39,UPI,success
T0010995,A001361,A000277,824,2026-06-28T04:10:35,IMPS,success
T0013783,A000699,A000258,745,2026-06-28T04:13:12,UPI,success
T0001294,A000879,A000661,5000,2026-06-28T04:14:52,NEFT,success
T0008466,A001100,A000578,25000,2026-06-28T04:16:22,UPI,success
T0009221,A000036,A001206,5000,2026-06-28T04:16:54,NEFT,success
T0005039,A000093,A000928,94,2026-06-28T04:17:14,IMPS,success
T0005264,A001304,A000229,50000,2026-06-28T04:23:14,UPI,success
T0004783,A000113,A000330,1438,2026-06-28T04:24:46,IMPS,success
T0014632,A001319,A001160,35000,2026-06-28T04:25:49,UPI,success
T0012104,A001199,A000728,2962,2026-06-28T04:27:35,NEFT,success
T0005663,A000915,A001008,2023,2026-06-28T04:30:57,UPI,success
T0007494,A000396,A000886,20775,2026-06-28T04:33:50,IMPS,success
T0006252,A000619,A000843,11456,2026-06-28T04:54:06,IMPS,success
T0007122,A000071,A001202,21350,2026-06-28T04:54:32,NEFT,success
T0010691,A000676,A000931,642,2026-06-28T04:55:08,NEFT,success
T0010767,A000937,A000814,333,2026-06-28T04:56:19,IMPS,success
T0014695,A000839,A001106,393,2026-06-28T04:59:43,UPI,success
T0001459,A000476,A000720,996,2026-06-28T05:01:18,NEFT,success
T0014205,A000321,A001240,16857,2026-06-28T05:01:19,NEFT,success
T0013613,A001074,A000052,50000,2026-06-28T05:06:01,IMPS,success
T0007674,A001213,A000057,1665,2026-06-28T05:09:04,UPI,success
T0010690,A001352,A000582,1288,2026-06-28T05:09:40,UPI,success
T0013109,A000828,A000902,1032,2026-06-28T05:17:17,NEFT,success
T0001159,A000550,A000738,14370,2026-06-28T05:20:14,UPI,success
T0001654,A000378,A000908,15208,2026-06-28T05:22:21,NEFT,success
T0012694,A001027,A001365,448,2026-06-28T05:27:13,UPI,success
T0012942,A000053,A000303,39094,2026-06-28T05:28:05,IMPS,success
T0004387,A001115,A000983,13560,2026-06-28T05:32:46,NEFT,success
T0002341,A000041,A000821,4332,2026-06-28T05:32:59,IMPS,success
T0001595,A000995,A000154,35175,2026-06-28T05:35:29,IMPS,success
T0002386,A000732,A001314,347,2026-06-28T05:36:24,NEFT,success
T0011450,A001351,A001304,35000,2026-06-28T05:40:59,NEFT,success
T0005266,A000122,A000624,5000,2026-06-28T05:43:18,NEFT,success
T0002515,A000794,A000626,279,2026-06-28T05:44:06,NEFT,success
T0000664,A000945,A000570,10301,2026-06-28T05:49:21,UPI,success
T0003317,A000834,A001378,435,2026-06-28T05:51:00,NEFT,success
T0008194,A000816,A000245,792,2026-06-28T05:52:01,NEFT,success
T0012450,A001224,A000160,1743,2026-06-28T05:54:07,NEFT,success
T0014270,A001265,A000731,9339,2026-06-28T06:00:14,NEFT,success
T0003425,A000018,A000800,6707,2026-06-28T06:05:44,NEFT,success
T0011962,A001032,A000137,26641,2026-06-28T06:05:45,UPI,success
T0003603,A000776,A000388,42857,2026-06-28T06:07:05,IMPS,success
T0007317,A000559,A000459,35000,2026-06-28T06:10:08,NEFT,success
T0006682,A000863,A000387,838,2026-06-28T06:11:17,IMPS,success
T0000021,A001418,A001391,69933,2026-06-28T06:13:20,UPI,success
T0003119,A000363,A000045,25000,2026-06-28T06:13:28,NEFT,success
T0013705,A000734,A000747,2861,2026-06-28T06:14:17,UPI,success
T0005368,A000650,A000091,437,2026-06-28T06:16:19,NEFT,success
T0007250,A000422,A001086,7166,2026-06-28T06:20:57,IMPS,success
T0005326,A001000,A000240,338,2026-06-28T06:27:40,UPI,success
T0005651,A000371,A001341,116,2026-06-28T06:28:07,UPI,success
T0014595,A000474,A001162,13815,2026-06-28T06:32:23,UPI,success
T0012086,A000257,A000461,76025,2026-06-28T06:35:21,NEFT,success
T0012720,A001017,A001108,1834,2026-06-28T06:40:58,UPI,success
T0005571,A000651,A000200,25000,2026-06-28T06:41:16,NEFT,success
T0000062,A001385,A001382,33046,2026-06-28T06:43:19,IMPS,success
T0012177,A000716,A001005,1861,2026-06-28T06:54:31,IMPS,success
T0009746,A000293,A000537,2761,2026-06-28T07:00:53,NEFT,success
T0007642,A000050,A001051,864,2026-06-28T07:03:26,IMPS,success
T0011177,A001143,A000321,151,2026-06-28T07:06:41,NEFT,success
T0011119,A000540,A000736,2419,2026-06-28T07:08:11,IMPS,success
T0004358,A000757,A001158,1437,2026-06-28T07:09:07,IMPS,success
T0008346,A001061,A000270,1079,2026-06-28T07:09:15,IMPS,success
T0008602,A000144,A000567,765,2026-06-28T07:09:53,IMPS,success
T0000231,A000048,A001262,4024,2026-06-28T07:14:11,IMPS,success
T0002318,A000181,A000113,329,2026-06-28T07:16:22,IMPS,success
T0001262,A001148,A000043,15312,2026-06-28T07:18:14,NEFT,success
T0008179,A001135,A000474,454,2026-06-28T07:21:16,NEFT,success
T0002188,A000737,A001322,845,2026-06-28T07:22:18,IMPS,success
T0008323,A000521,A001071,942,2026-06-28T07:26:13,NEFT,success
T0014105,A000195,A000726,2872,2026-06-28T07:28:54,NEFT,success
T0002983,A000160,A000006,816,2026-06-28T07:30:26,UPI,success
T0008634,A000739,A000952,15000,2026-06-28T07:31:22,IMPS,success
T0006373,A000744,A000413,14697,2026-06-28T07:33:51,IMPS,success
T0011057,A001114,A001268,1371,2026-06-28T07:36:27,IMPS,success
T0010911,A001291,A000781,3020,2026-06-28T07:39:54,UPI,success
T0012823,A001124,A000661,80000,2026-06-28T07:40:14,IMPS,success
T0006827,A000859,A000623,10808,2026-06-28T07:43:00,NEFT,failed
T0004002,A000592,A000512,4851,2026-06-28T07:45:51,UPI,success
T0012605,A000204,A001278,35000,2026-06-28T07:45:51,IMPS,success
T0013707,A000700,A000037,284,2026-06-28T07:46:03,IMPS,success
T0007105,A001193,A000931,8231,2026-06-28T07:51:05,UPI,success
T0003807,A000328,A000564,47666,2026-06-28T07:56:03,NEFT,success
T0008010,A000531,A000759,15000,2026-06-28T07:58:32,IMPS,success
T0002949,A001316,A000352,482,2026-06-28T07:58:53,NEFT,success
T0001347,A000447,A000532,80000,2026-06-28T08:05:39,IMPS,success
T0005770,A001124,A001079,35000,2026-06-28T08:09:34,NEFT,success
T0000710,A001335,A000085,25000,2026-06-28T08:12:52,IMPS,success
T0009947,A000142,A000657,80000,2026-06-28T08:14:38,IMPS,success
T0009881,A000500,A000344,35000,2026-06-28T08:20:04,NEFT,success
T0000364,A001182,A000431,156,2026-06-28T08:22:40,NEFT,success
T0002496,A000581,A000016,315,2026-06-28T08:22:46,NEFT,success
T0004245,A000195,A000489,677,2026-06-28T08:23:21,UPI,success
T0006042,A000674,A000832,65000,2026-06-28T08:23:27,NEFT,success
T0010789,A000850,A000122,2497,2026-06-28T08:27:31,IMPS,success
T0012607,A000603,A000654,1200,2026-06-28T08:27:50,NEFT,success
T0000658,A001340,A001137,2579,2026-06-28T08:29:12,NEFT,success
T0013104,A000588,A000742,10611,2026-06-28T08:30:30,UPI,success
T0006233,A001263,A001028,748,2026-06-28T08:31:37,NEFT,success
T0002779,A000266,A000535,778,2026-06-28T08:34:19,NEFT,success
T0009682,A001378,A000414,5014,2026-06-28T08:40:35,NEFT,success
T0014966,A000903,A000508,257,2026-06-28T08:42:17,NEFT,success
T0001302,A000972,A000354,501,2026-06-28T08:42:29,NEFT,success
T0007459,A000011,A000889,65000,2026-06-28T08:43:17,UPI,success
T0007726,A000112,A000986,1230,2026-06-28T08:45:43,NEFT,success
T0010382,A000585,A000148,242,2026-06-28T08:45:59,IMPS,success
T0011871,A000527,A001168,397,2026-06-28T08:53:05,IMPS,success
T0012785,A000527,A001074,15000,2026-06-28T08:55:16,UPI,success
T0001928,A000941,A000164,1360,2026-06-28T08:59:26,UPI,failed
T0005035,A000517,A000882,1176,2026-06-28T09:08:45,NEFT,success
T0010357,A000153,A000620,30087,2026-06-28T09:09:30,IMPS,success
T0012968,A000461,A000009,390,2026-06-28T09:10:37,UPI,success
T0011824,A000837,A001328,460,2026-06-28T09:19:35,NEFT,success
T0002061,A000487,A000963,485,2026-06-28T09:20:41,IMPS,success
T0011424,A000627,A000022,50,2026-06-28T09:21:00,UPI,success
T0001507,A001345,A001235,134624,2026-06-28T09:24:26,UPI,success
T0006031,A000071,A000652,323,2026-06-28T09:27:26,IMPS,success
T0009789,A000500,A000999,517,2026-06-28T09:28:21,NEFT,success
T0000038,A001435,A001390,51437,2026-06-28T09:31:23,UPI,success
T0000840,A000745,A000070,1723,2026-06-28T09:32:34,IMPS,success
T0006623,A000767,A000023,50000,2026-06-28T09:32:40,IMPS,success
T0000368,A000298,A000858,2118,2026-06-28T09:37:38,NEFT,failed
T0003916,A000107,A000726,65000,2026-06-28T09:40:11,NEFT,success
T0013864,A000966,A000771,20940,2026-06-28T09:41:34,UPI,success
T0012013,A001285,A000111,298,2026-06-28T09:41:55,UPI,success
T0009310,A000753,A000922,18356,2026-06-28T09:55:44,IMPS,success
T0005877,A001211,A001001,5000,2026-06-28T09:59:07,UPI,success
T0007942,A001049,A000333,2700,2026-06-28T10:02:10,IMPS,success
T0004739,A001245,A000074,46643,2026-06-28T10:03:02,IMPS,success
T0001344,A000592,A000955,238,2026-06-28T10:03:08,IMPS,success
T0004243,A001341,A001249,450,2026-06-28T10:04:42,NEFT,success
T0001312,A000667,A000067,344,2026-06-28T10:07:34,UPI,success
T0014296,A000423,A001282,413,2026-06-28T10:08:59,UPI,success
T0014905,A001056,A000327,1761,2026-06-28T10:09:57,UPI,success
T0000756,A000329,A000688,9000,2026-06-28T10:10:34,NEFT,success
T0004040,A000328,A001293,684,2026-06-28T10:16:05,UPI,success
T0002029,A001280,A001042,12206,2026-06-28T10:17:27,IMPS,success
T0003310,A001278,A000056,1241,2026-06-28T10:17:30,IMPS,success
T0009427,A000301,A000087,320,2026-06-28T10:27:11,IMPS,success
T0013058,A000502,A001009,287,2026-06-28T10:27:36,NEFT,success
T0003312,A001262,A000839,2315,2026-06-28T10:28:21,NEFT,success
T0012431,A001216,A000943,37402,2026-06-28T10:33:10,NEFT,success
T0003180,A000848,A000588,40479,2026-06-28T10:34:22,UPI,success
T0010606,A000130,A000612,676,2026-06-28T10:35:04,NEFT,success
T0009556,A000173,A000582,1026,2026-06-28T10:35:46,UPI,success
T0006316,A000783,A001258,10022,2026-06-28T10:38:05,IMPS,success
T0005470,A000551,A000727,35000,2026-06-28T10:38:18,NEFT,success
T0013068,A000595,A000113,15751,2026-06-28T10:41:53,UPI,success
T0007284,A001185,A000557,65000,2026-06-28T10:47:05,NEFT,success
T0004477,A000926,A000477,50000,2026-06-28T10:48:56,NEFT,success
T0009513,A001294,A000205,915,2026-06-28T10:50:22,NEFT,success
T0005040,A000996,A000252,179,2026-06-28T10:56:53,NEFT,success
T0007709,A001219,A000009,15000,2026-06-28T10:56:58,UPI,success
T0008821,A000489,A000008,1163,2026-06-28T11:02:51,NEFT,success
T0009670,A000218,A000026,27147,2026-06-28T11:04:50,IMPS,success
T0006224,A000231,A000362,35000,2026-06-28T11:09:29,NEFT,success
T0003061,A000772,A000157,177,2026-06-28T11:10:18,NEFT,success
T0009146,A000451,A000923,126,2026-06-28T11:12:39,NEFT,success
T0012319,A000410,A000821,15000,2026-06-28T11:13:00,NEFT,success
T0014281,A001349,A001211,65000,2026-06-28T11:15:19,NEFT,success
T0013886,A000131,A000698,519,2026-06-28T11:15:23,IMPS,success
T0013530,A001235,A000546,10517,2026-06-28T11:16:54,IMPS,success
T0012611,A000789,A000775,1694,2026-06-28T11:21:16,UPI,success
T0000011,A001408,A001390,72999,2026-06-28T11:24:18,UPI,success
T0001075,A000498,A000322,467,2026-06-28T11:27:06,UPI,success
T0005560,A000776,A000577,591,2026-06-28T11:30:45,IMPS,success
T0005089,A000175,A001024,377,2026-06-28T11:35:04,IMPS,success
T0007115,A000918,A000811,197,2026-06-28T11:41:08,UPI,success
T0010213,A000227,A000596,50000,2026-06-28T11:41:27,UPI,success
T0009623,A000916,A001326,25412,2026-06-28T11:42:22,UPI,success
T0011613,A000021,A000283,25000,2026-06-28T11:43:38,NEFT,success
T0013240,A000871,A001194,2159,2026-06-28T11:46:41,UPI,success
T0012936,A000621,A000820,25000,2026-06-28T11:47:53,NEFT,success
T0011957,A000710,A000486,8742,2026-06-28T11:48:21,NEFT,success
T0006778,A000149,A000485,27473,2026-06-28T11:48:34,IMPS,success
T0006409,A000347,A000763,2466,2026-06-28T11:50:02,UPI,success
T0006259,A000029,A000079,21122,2026-06-28T11:51:28,IMPS,success
T0002277,A000553,A001093,604,2026-06-28T11:55:30,NEFT,success
T0002591,A000031,A001044,253,2026-06-28T11:55:50,IMPS,success
T0009167,A001089,A000155,3306,2026-06-28T11:57:49,UPI,success
T0014272,A000706,A000185,1379,2026-06-28T11:57:55,IMPS,success
T0013118,A001116,A000610,4902,2026-06-28T11:58:01,NEFT,success
T0006675,A001099,A000253,147,2026-06-28T11:59:45,IMPS,success
T0001098,A000500,A000862,732,2026-06-28T12:10:13,NEFT,success
T0014809,A000459,A001193,298,2026-06-28T12:10:25,IMPS,success
T0009336,A001356,A001364,6225,2026-06-28T12:11:24,UPI,success
T0013546,A000259,A000899,2415,2026-06-28T12:12:33,UPI,success
T0014706,A000272,A000037,994,2026-06-28T12:13:27,NEFT,success
T0008083,A000836,A001342,448,2026-06-28T12:14:51,IMPS,success
T0008339,A001091,A000888,1511,2026-06-28T12:15:01,UPI,success
T0007080,A001201,A001364,400,2026-06-28T12:16:49,IMPS,success
T0014484,A000169,A000077,2678,2026-06-28T12:18:40,UPI,success
T0003318,A000093,A000684,51152,2026-06-28T12:21:29,IMPS,success
T0001702,A000160,A001358,3272,2026-06-28T12:24:58,UPI,success
T0002535,A000841,A001296,485,2026-06-28T12:26:12,UPI,success
T0011562,A000216,A000623,1321,2026-06-28T12:26:45,UPI,success
T0006720,A000808,A000128,35000,2026-06-28T12:30:30,UPI,success
T0003734,A000329,A000932,1325,2026-06-28T12:31:36,IMPS,success
T0013839,A000363,A000738,942,2026-06-28T12:32:01,UPI,success
T0004075,A000212,A001003,10221,2026-06-28T12:32:29,IMPS,success
T0013733,A000235,A000970,1975,2026-06-28T12:33:37,IMPS,success
T0002565,A000804,A000957,80000,2026-06-28T12:37:11,NEFT,success
T0013576,A000485,A000389,20003,2026-06-28T12:38:55,IMPS,success
T0000572,A000781,A001062,200,2026-06-28T12:48:35,IMPS,success
T0008540,A000280,A000106,3718,2026-06-28T12:48:39,IMPS,success
T0002183,A000084,A000629,1176,2026-06-28T12:50:05,NEFT,success
T0011003,A000870,A001342,182,2026-06-28T12:50:43,IMPS,success
T0000370,A000578,A000727,29271,2026-06-28T12:52:13,IMPS,success
T0001510,A001067,A000353,435,2026-06-28T12:53:31,IMPS,success
T0011710,A000519,A000601,119577,2026-06-28T13:04:05,IMPS,success
T0008159,A000540,A000972,5092,2026-06-28T13:12:26,IMPS,success
T0013722,A000694,A000337,419,2026-06-28T13:12:55,IMPS,success
T0011418,A001148,A000084,170,2026-06-28T13:16:40,UPI,success
T0012999,A000478,A000764,641,2026-06-28T13:17:00,UPI,success
T0003971,A001135,A001004,80000,2026-06-28T13:19:24,NEFT,success
T0004484,A000917,A000111,1320,2026-06-28T13:25:34,IMPS,success
T0008945,A000253,A000432,39567,2026-06-28T13:25:53,IMPS,success
T0010884,A000382,A000628,2359,2026-06-28T13:26:16,IMPS,success
T0010200,A000166,A000828,8404,2026-06-28T13:30:38,IMPS,success
T0012542,A001234,A001073,358,2026-06-28T13:32:33,NEFT,success
T0011799,A001127,A000940,10206,2026-06-28T13:33:28,UPI,success
T0011974,A001019,A000067,893,2026-06-28T13:34:12,NEFT,success
T0003390,A000484,A000344,361,2026-06-28T13:34:18,UPI,success
T0014894,A000586,A001156,35000,2026-06-28T13:35:39,UPI,success
T0012224,A000121,A001354,35736,2026-06-28T13:35:43,NEFT,success
T0004764,A001081,A000691,1860,2026-06-28T13:36:08,NEFT,success
T0003616,A000823,A000146,1043,2026-06-28T13:39:34,NEFT,success
T0005250,A001378,A000567,1195,2026-06-28T13:39:43,UPI,success
T0006458,A001273,A001213,249,2026-06-28T13:40:02,UPI,success
T0010829,A000741,A000293,80000,2026-06-28T13:42:28,UPI,success
T0000804,A001315,A000154,1408,2026-06-28T13:42:45,NEFT,success
T0008487,A000944,A000764,823,2026-06-28T13:43:55,NEFT,success
T0004531,A001043,A000143,2075,2026-06-28T13:44:02,UPI,success
T0007246,A000810,A000110,196,2026-06-28T13:45:52,UPI,success
T0006112,A000660,A000848,3776,2026-06-28T13:47:17,UPI,success
T0008382,A000377,A001272,631,2026-06-28T13:49:42,NEFT,success
T0012633,A000211,A000999,41247,2026-06-28T13:50:14,NEFT,success
T0013379,A001177,A001065,65000,2026-06-28T13:55:11,IMPS,success
T0000379,A000604,A000518,2547,2026-06-28T13:59:22,NEFT,success
T0005223,A001215,A000161,8721,2026-06-28T14:05:36,IMPS,success
T0009445,A001215,A001136,5000,2026-06-28T14:06:00,NEFT,success
T0014032,A000844,A000976,533,2026-06-28T14:06:09,UPI,success
T0008164,A000369,A000524,1367,2026-06-28T14:07:36,NEFT,success
T0008266,A001182,A000339,14189,2026-06-28T14:08:59,UPI,success
T0003292,A000410,A000261,638,2026-06-28T14:12:10,UPI,success
T0009237,A000258,A000617,1538,2026-06-28T14:12:38,NEFT,success
T0012041,A000232,A000388,44080,2026-06-28T14:15:19,UPI,success
T0003451,A001062,A000120,2653,2026-06-28T14:19:55,IMPS,success
T0008452,A000656,A000863,65000,2026-06-28T14:22:24,NEFT,success
T0002265,A000203,A000494,65000,2026-06-28T14:23:19,IMPS,success
T0003983,A001172,A000790,351,2026-06-28T14:34:27,IMPS,success
T0009875,A000764,A000649,18911,2026-06-28T14:35:19,NEFT,success
T0001091,A000174,A000025,35000,2026-06-28T14:37:38,UPI,success
T0014669,A000979,A000068,486,2026-06-28T14:39:21,UPI,success
T0014056,A001193,A000723,940,2026-06-28T14:48:32,NEFT,success
T0006449,A000719,A000335,92,2026-06-28T14:55:05,UPI,success
T0002142,A001050,A000919,185,2026-06-28T15:05:02,UPI,success
T0003355,A000417,A000077,65000,2026-06-28T15:07:38,UPI,success
T0005258,A000824,A000540,300,2026-06-28T15:18:39,UPI,success
T0000748,A001123,A000889,61538,2026-06-28T15:22:26,UPI,success
T0012116,A000709,A000747,80000,2026-06-28T15:22:58,UPI,success
T0014387,A000177,A000703,20848,2026-06-28T15:24:30,NEFT,success
T0003717,A001180,A000336,220,2026-06-28T15:26:16,IMPS,success
T0009657,A000846,A000576,1435,2026-06-28T15:29:46,NEFT,success
T0011552,A000107,A000830,43179,2026-06-28T15:32:47,IMPS,success
T0001906,A000475,A000683,50000,2026-06-28T15:33:05,UPI,success
T0009453,A000997,A000763,521,2026-06-28T15:38:58,IMPS,success
T0001258,A000203,A000324,2295,2026-06-28T15:41:34,IMPS,success
T0011270,A001141,A000975,1437,2026-06-28T15:42:06,UPI,success
T0003036,A001256,A000299,515,2026-06-28T15:47:12,IMPS,success
T0010594,A000214,A000781,3224,2026-06-28T15:48:44,UPI,success
T0011935,A000665,A000709,844,2026-06-28T15:51:17,IMPS,success
T0003859,A000095,A000029,11921,2026-06-28T15:52:42,NEFT,success
T0011950,A001241,A000814,3794,2026-06-28T15:54:47,NEFT,success
T0008532,A001181,A000369,265,2026-06-28T15:56:46,IMPS,success
T0006960,A000779,A001223,694,2026-06-28T15:57:29,NEFT,failed
T0007270,A001093,A000635,35000,2026-06-28T15:58:31,IMPS,success
T0003989,A000240,A000395,140,2026-06-28T16:01:10,IMPS,success
T0006049,A000568,A000195,835,2026-06-28T16:02:50,IMPS,success
T0006080,A000431,A000528,417,2026-06-28T16:03:56,IMPS,success
T0005029,A000104,A000862,2255,2026-06-28T16:04:18,IMPS,success
T0014708,A000408,A000916,50000,2026-06-28T16:04:40,NEFT,success
T0008647,A001349,A000262,805,2026-06-28T16:10:23,NEFT,success
T0013905,A000691,A001205,66048,2026-06-28T16:13:32,IMPS,success
T0008395,A000191,A000705,917,2026-06-28T16:16:32,UPI,success
T0012915,A000929,A000030,20616,2026-06-28T16:30:22,UPI,success
T0004775,A001287,A000814,65000,2026-06-28T16:35:20,UPI,success
T0007759,A000339,A000829,80000,2026-06-28T16:37:17,IMPS,success
T0014083,A000503,A000716,70905,2026-06-28T16:43:20,UPI,success
T0009461,A000050,A000100,9000,2026-06-28T16:43:37,NEFT,success
T0008593,A001151,A000426,678,2026-06-28T16:45:11,IMPS,success
T0012154,A000404,A000763,25000,2026-06-28T16:56:21,IMPS,success
T0003365,A000110,A001073,1182,2026-06-28T16:59:59,IMPS,success
T0009373,A000965,A000261,1458,2026-06-28T17:01:16,NEFT,success
T0011297,A000433,A000428,27978,2026-06-28T17:15:05,IMPS,success
T0011589,A000015,A001016,20632,2026-06-28T17:25:05,IMPS,success
T0004055,A001225,A001280,2040,2026-06-28T17:25:33,NEFT,success
T0001793,A000346,A000038,25000,2026-06-28T17:32:21,NEFT,success
T0002597,A001241,A000587,2113,2026-06-28T17:38:05,IMPS,success
T0002478,A000862,A001208,65000,2026-06-28T17:38:25,NEFT,success
T0007259,A000343,A000027,330,2026-06-28T17:47:01,IMPS,success
T0013483,A001196,A001011,38513,2026-06-28T17:52:17,UPI,success
T0006976,A000892,A000631,530,2026-06-28T17:54:37,IMPS,success
T0013021,A000934,A000077,432,2026-06-28T17:55:09,UPI,success
T0004975,A001175,A000176,5000,2026-06-28T17:56:05,IMPS,success
T0008219,A000861,A000327,2495,2026-06-28T17:56:27,IMPS,success
T0004635,A000347,A000327,55530,2026-06-28T17:57:43,IMPS,success
T0000948,A000860,A000847,15000,2026-06-28T17:59:58,UPI,success
T0003283,A000868,A000296,50000,2026-06-28T18:01:43,NEFT,success
T0013882,A000829,A000484,79581,2026-06-28T18:01:54,NEFT,success
T0003349,A001158,A001170,770,2026-06-28T18:03:13,IMPS,success
T0014118,A000627,A001097,13913,2026-06-28T18:03:22,UPI,success
T0012414,A000374,A000258,2178,2026-06-28T18:04:42,IMPS,success
T0001503,A000724,A000362,15812,2026-06-28T18:07:50,NEFT,success
T0007356,A000646,A000808,6175,2026-06-28T18:13:57,IMPS,success
T0007590,A000040,A000342,3366,2026-06-28T18:25:01,NEFT,success
T0005007,A000579,A000726,3078,2026-06-28T18:28:52,UPI,success
T0009387,A000999,A000957,35000,2026-06-28T18:29:23,NEFT,success
T0002587,A000699,A000294,36090,2026-06-28T18:32:26,UPI,success
T0000556,A000221,A000421,1581,2026-06-28T18:32:50,NEFT,success
T0007665,A000345,A000756,16803,2026-06-28T18:34:48,UPI,success
T0008993,A001177,A000539,3286,2026-06-28T18:36:45,NEFT,success
T0009077,A001158,A000931,667,2026-06-28T18:40:27,NEFT,success
T0014853,A000131,A000045,10763,2026-06-28T18:43:30,IMPS,success
T0014649,A001065,A001159,576,2026-06-28T18:43:53,IMPS,success
T0007548,A000294,A000514,31933,2026-06-28T18:47:20,IMPS,success
T0010354,A000581,A001182,35000,2026-06-28T18:48:25,NEFT,success
T0008597,A000404,A000071,35030,2026-06-28T18:52:38,NEFT,success
T0006203,A001020,A000822,1829,2026-06-28T18:56:22,UPI,success
T0007407,A000704,A001043,6346,2026-06-28T18:56:40,IMPS,success
T0005561,A000059,A000684,9091,2026-06-28T18:57:15,NEFT,success
T0004014,A001018,A001046,1526,2026-06-28T18:59:11,NEFT,success
T0000862,A000418,A000973,65000,2026-06-28T19:00:34,NEFT,success
T0005189,A001311,A000100,34911,2026-06-28T19:07:02,UPI,success
T0009859,A000538,A000163,464,2026-06-28T19:09:45,IMPS,success
T0014743,A001077,A000064,543,2026-06-28T19:10:03,NEFT,success
T0000905,A000860,A000965,17299,2026-06-28T19:10:04,IMPS,success
T0006592,A000003,A001224,492,2026-06-28T19:10:18,UPI,success
T0001245,A000967,A001160,320,2026-06-28T19:12:35,UPI,success
T0007612,A000070,A001191,1385,2026-06-28T19:14:51,IMPS,success
T0007094,A000021,A001095,573,2026-06-28T19:19:44,UPI,success
T0011688,A000559,A000791,609,2026-06-28T19:24:44,IMPS,success
T0003947,A001201,A000588,26044,2026-06-28T19:27:01,NEFT,success
T0012873,A001006,A000453,402,2026-06-28T19:27:06,NEFT,success
T0007514,A000168,A000341,9085,2026-06-28T19:27:47,UPI,success
T0007058,A001292,A000014,4707,2026-06-28T19:28:59,NEFT,success
T0011960,A001365,A001219,31528,2026-06-28T19:30:04,IMPS,success
T0005783,A000319,A001029,2046,2026-06-28T19:31:23,NEFT,success
T0001888,A001363,A000125,2162,2026-06-28T19:32:06,UPI,success
T0013501,A000995,A001097,118840,2026-06-28T19:32:27,UPI,success
T0005456,A001346,A001282,3177,2026-06-28T19:34:23,UPI,success
T0010285,A000012,A000414,678,2026-06-28T19:37:12,NEFT,success
T0000516,A000993,A000150,335,2026-06-28T19:40:34,NEFT,success
T0009801,A001284,A000525,13116,2026-06-28T19:45:37,UPI,success
T0001574,A000532,A001374,653,2026-06-28T19:49:36,UPI,success
T0012592,A000604,A000067,37932,2026-06-28T19:54:31,UPI,success
T0008174,A000649,A000412,29488,2026-06-28T19:57:34,UPI,success
T0006668,A000665,A000373,10061,2026-06-28T20:03:04,IMPS,success
T0009648,A000875,A000249,50000,2026-06-28T20:04:35,NEFT,success
T0006356,A000166,A001193,1688,2026-06-28T20:04:47,NEFT,success
T0001858,A000019,A001319,60882,2026-06-28T20:09:13,IMPS,success
T0001613,A000113,A001050,35000,2026-06-28T20:13:56,NEFT,success
T0014455,A000858,A000324,270,2026-06-28T20:14:17,IMPS,success
T0010079,A000994,A001032,59477,2026-06-28T20:15:29,UPI,success
T0011327,A000206,A000756,574,2026-06-28T20:18:56,IMPS,success
T0004102,A001036,A001278,971,2026-06-28T20:23:27,IMPS,success
T0010159,A000756,A000577,946,2026-06-28T20:25:46,IMPS,success
T0010134,A001006,A000809,7850,2026-06-28T20:26:02,IMPS,success
T0007084,A000409,A000123,397,2026-06-28T20:31:09,IMPS,success
T0000162,A000301,A001336,65000,2026-06-28T20:33:20,NEFT,success
T0011209,A000844,A001032,25000,2026-06-28T20:42:29,IMPS,success
T0011751,A001243,A000267,1758,2026-06-28T20:46:46,UPI,success
T0001552,A001023,A000971,1091,2026-06-28T20:49:20,NEFT,success
T0012421,A000117,A000923,1072,2026-06-28T20:52:20,IMPS,success
T0012987,A001212,A000972,2212,2026-06-28T20:55:49,IMPS,success
T0002211,A000163,A000742,1469,2026-06-28T20:59:41,NEFT,success
T0013872,A001079,A000062,15000,2026-06-28T21:03:22,NEFT,success
T0010785,A000586,A000744,11157,2026-06-28T21:06:12,NEFT,success
T0012898,A000666,A000978,173,2026-06-28T21:09:51,IMPS,success
T0001675,A001207,A001006,25000,2026-06-28T21:10:36,NEFT,success
T0004184,A000872,A001353,11677,2026-06-28T21:12:08,NEFT,success
T0006977,A000430,A000304,311,2026-06-28T21:20:07,UPI,success
T0009258,A000074,A000266,65672,2026-06-28T21:24:37,NEFT,success
T0004751,A000561,A001292,33581,2026-06-28T21:27:44,IMPS,success
T0001983,A000658,A000993,85,2026-06-28T21:28:47,IMPS,success
T0005961,A000793,A000396,7397,2026-06-28T21:34:38,IMPS,success
T0005491,A000500,A001101,223,2026-06-28T21:36:01,IMPS,success
T0010310,A000120,A000179,1986,2026-06-28T21:36:15,IMPS,success
T0000819,A000814,A000302,287,2026-06-28T21:37:45,NEFT,success
T0012525,A000611,A000483,174,2026-06-28T21:42:20,UPI,success
T0009365,A000496,A000358,48860,2026-06-28T21:50:10,NEFT,success
T0008134,A000325,A001015,712,2026-06-28T21:52:07,NEFT,success
T0009347,A000513,A000348,2079,2026-06-28T21:54:43,UPI,success
T0001470,A000201,A000064,2531,2026-06-28T21:57:23,NEFT,success
T0003586,A000163,A001038,8326,2026-06-28T21:59:25,IMPS,success
T0014902,A000909,A000198,444,2026-06-28T22:00:16,NEFT,success
T0003140,A001304,A000089,1904,2026-06-28T22:03:35,IMPS,success
T0008297,A000907,A000911,50000,2026-06-28T22:03:59,UPI,success
T0012748,A000647,A000589,1359,2026-06-28T22:04:45,IMPS,success
T0012226,A000348,A000912,604,2026-06-28T22:09:56,UPI,success
T0006988,A000128,A000113,58918,2026-06-28T22:10:50,UPI,success
T0008701,A000341,A000449,80000,2026-06-28T22:14:32,UPI,success
T0007951,A000404,A001366,1843,2026-06-28T22:15:53,IMPS,success
T0013261,A000007,A001133,67337,2026-06-28T22:17:07,NEFT,success
T0013990,A000276,A001240,668,2026-06-28T22:22:22,UPI,success
T0006208,A001121,A000307,31193,2026-06-28T22:23:39,IMPS,success
T0005284,A000879,A000338,50000,2026-06-28T22:26:19,NEFT,success
T0010511,A000209,A001102,626,2026-06-28T22:28:35,UPI,success
T0002661,A001268,A000810,661,2026-06-28T22:29:03,NEFT,success
T0003912,A000786,A000054,604,2026-06-28T22:29:14,UPI,success
T0007902,A000105,A000312,16478,2026-06-28T22:32:02,NEFT,success
T0008165,A000610,A000904,1975,2026-06-28T22:34:40,UPI,success
T0007930,A001353,A001173,725,2026-06-28T22:37:43,UPI,success
T0013758,A000976,A000648,641,2026-06-28T22:40:18,NEFT,success
T0006433,A000791,A000045,15000,2026-06-28T22:44:15,UPI,success
T0013915,A000634,A001184,386,2026-06-28T22:46:01,IMPS,success
T0012741,A000200,A000400,965,2026-06-28T22:48:31,IMPS,success
T0003556,A000145,A000366,609,2026-06-28T22:52:19,NEFT,success
T0009915,A000512,A000169,25000,2026-06-28T22:54:35,IMPS,success
T0010638,A001125,A000136,596,2026-06-28T22:55:22,IMPS,success
T0012158,A000570,A000374,520,2026-06-28T22:55:41,IMPS,success
T0003759,A000692,A000780,51030,2026-06-28T22:58:08,NEFT,success
T0014081,A000367,A001120,196,2026-06-28T23:00:35,UPI,success
T0009474,A000782,A000866,12401,2026-06-28T23:03:14,UPI,success
T0004616,A000285,A001160,1177,2026-06-28T23:05:08,IMPS,success
T0002178,A000022,A000812,1097,2026-06-28T23:16:42,NEFT,success
T0008766,A000836,A000152,719,2026-06-28T23:22:00,UPI,success
T0003457,A000721,A000350,1846,2026-06-28T23:22:26,UPI,success
T0005597,A000443,A000112,9579,2026-06-28T23:23:38,IMPS,success
T0004512,A001222,A001305,352,2026-06-28T23:27:28,IMPS,success
T0014839,A000380,A001264,60,2026-06-28T23:27:47,IMPS,success
T0012411,A000784,A001032,736,2026-06-28T23:34:46,IMPS,success
T0002266,A000055,A000337,1040,2026-06-28T23:35:29,IMPS,success
T0013134,A000169,A000999,417,2026-06-28T23:36:12,UPI,success
T0000555,A000034,A000009,2309,2026-06-28T23:36:33,NEFT,success
T0006551,A000821,A000958,111,2026-06-28T23:39:01,UPI,success
T0011777,A000568,A000469,262,2026-06-28T23:44:36,NEFT,success
T0011172,A000979,A000092,94921,2026-06-28T23:47:48,IMPS,success
T0008255,A001155,A000923,2362,2026-06-28T23:48:48,IMPS,success
T0012103,A000213,A001365,12780,2026-06-28T23:52:37,IMPS,success
T0006934,A000481,A000261,30190,2026-06-28T23:55:20,NEFT,failed
T0011672,A000086,A000871,341,2026-06-29T00:01:35,UPI,success
T0011564,A000845,A000372,2414,2026-06-29T00:09:32,UPI,success
T0011367,A000656,A000852,729,2026-06-29T00:12:01,IMPS,success
T0012357,A000118,A000532,484,2026-06-29T00:13:21,NEFT,success
T0002231,A001360,A000633,213,2026-06-29T00:17:15,NEFT,success
T0009391,A000356,A000502,2043,2026-06-29T00:18:04,NEFT,success
T0009838,A000962,A000314,14917,2026-06-29T00:20:29,IMPS,success
T0007021,A000980,A001251,953,2026-06-29T00:23:04,UPI,success
T0014097,A001022,A000218,401,2026-06-29T00:23:10,UPI,success
T0007990,A001188,A000202,334,2026-06-29T00:27:36,IMPS,success
T0007605,A000804,A000498,593,2026-06-29T00:31:44,IMPS,success
T0007109,A000990,A000687,2664,2026-06-29T00:32:56,IMPS,success
T0007394,A001190,A001062,1019,2026-06-29T00:37:16,UPI,success
T0004226,A000769,A000075,1417,2026-06-29T00:37:20,UPI,success
T0009112,A000515,A001318,6505,2026-06-29T00:40:20,IMPS,success
T0012582,A001237,A000624,488,2026-06-29T00:44:05,UPI,success
T0000957,A000064,A000002,15000,2026-06-29T00:55:39,UPI,success
T0009050,A001380,A001230,18053,2026-06-29T00:55:45,NEFT,success
T0005295,A001375,A000461,314,2026-06-29T01:09:07,UPI,success
T0011840,A001153,A001167,860,2026-06-29T01:10:59,NEFT,success
T0006588,A000356,A000771,616,2026-06-29T01:11:23,IMPS,success
T0007978,A000319,A001230,442,2026-06-29T01:11:50,IMPS,success
T0007300,A000616,A001341,3163,2026-06-29T01:15:25,IMPS,success
T0013828,A000746,A000853,571,2026-06-29T01:22:12,UPI,success
T0008885,A000471,A000396,1784,2026-06-29T01:24:02,NEFT,success
T0003397,A001244,A001313,6131,2026-06-29T01:27:19,UPI,success
T0002609,A000218,A000064,1739,2026-06-29T01:29:37,UPI,success
T0005521,A000230,A001230,978,2026-06-29T01:29:45,IMPS,success
T0013236,A000353,A000888,16157,2026-06-29T01:31:36,NEFT,success
T0002827,A000101,A000329,65000,2026-06-29T01:32:13,NEFT,success
T0002997,A000150,A000101,1569,2026-06-29T01:35:31,NEFT,success
T0007536,A000716,A000409,80000,2026-06-29T01:38:08,IMPS,success
T0006222,A000871,A000920,1157,2026-06-29T01:39:10,UPI,success
T0013179,A000399,A000631,17926,2026-06-29T01:39:22,NEFT,success
T0013041,A001184,A000209,987,2026-06-29T01:48:13,NEFT,success
T0006569,A000828,A001302,50000,2026-06-29T01:49:11,IMPS,success
T0002719,A001189,A001163,50109,2026-06-29T01:50:10,UPI,success
T0002649,A000463,A000574,50000,2026-06-29T01:50:27,NEFT,success
T0001316,A000705,A001199,983,2026-06-29T01:55:05,NEFT,success
T0010307,A001056,A000811,990,2026-06-29T01:55:09,NEFT,success
T0007056,A000805,A001258,35000,2026-06-29T01:59:08,UPI,success
T0002724,A001272,A001046,13623,2026-06-29T02:00:05,NEFT,success
T0007010,A001005,A000910,38323,2026-06-29T02:01:02,UPI,failed
T0013867,A001143,A000175,5000,2026-06-29T02:01:14,IMPS,success
T0012845,A000246,A001333,1705,2026-06-29T02:14:11,UPI,success
T0013370,A000288,A000704,804,2026-06-29T02:15:15,NEFT,success
T0000504,A000034,A001339,50000,2026-06-29T02:18:05,IMPS,success
T0008239,A000283,A000066,7050,2026-06-29T02:20:00,NEFT,success
T0009868,A000996,A000574,281,2026-06-29T02:21:30,UPI,success
T0007967,A000938,A000441,25000,2026-06-29T02:25:44,IMPS,success
T0006199,A001120,A000622,1261,2026-06-29T02:27:37,UPI,success
T0007214,A000508,A000889,5000,2026-06-29T02:29:52,NEFT,success
T0011711,A001145,A000734,10766,2026-06-29T02:33:23,NEFT,success
T0002727,A000691,A000351,84,2026-06-29T02:33:28,UPI,success
T0012570,A001299,A001311,15000,2026-06-29T02:33:37,IMPS,success
T0013644,A000216,A000170,398,2026-06-29T02:34:19,IMPS,success
T0003602,A000341,A001310,8414,2026-06-29T02:34:33,UPI,success
T0003084,A001285,A000119,6545,2026-06-29T02:42:36,UPI,success
T0002702,A000536,A000204,1527,2026-06-29T02:42:55,IMPS,success
T0004441,A001149,A000279,211,2026-06-29T02:44:08,NEFT,failed
T0001989,A000519,A000338,16308,2026-06-29T02:46:31,NEFT,success
T0012610,A000109,A001037,2346,2026-06-29T02:50:18,UPI,success
T0002217,A001136,A000404,804,2026-06-29T02:54:03,NEFT,success
T0004181,A000973,A001281,65000,2026-06-29T02:57:36,IMPS,success
T0009340,A000550,A001217,20228,2026-06-29T02:58:02,UPI,success
T0003388,A000392,A000087,893,2026-06-29T03:02:54,NEFT,success
T0011170,A000265,A001135,749,2026-06-29T03:03:50,NEFT,success
T0002547,A000212,A000616,65000,2026-06-29T03:05:53,IMPS,success
T0011393,A001129,A000498,44028,2026-06-29T03:05:53,IMPS,success
T0009367,A000044,A000085,11207,2026-06-29T03:08:20,IMPS,success
T0005376,A000821,A000413,20334,2026-06-29T03:09:50,UPI,success
T0013303,A001321,A001084,12927,2026-06-29T03:11:40,UPI,success
T0000668,A000360,A000342,273,2026-06-29T03:12:31,NEFT,success
T0004594,A000537,A000463,434,2026-06-29T03:19:19,UPI,success
T0004961,A000563,A000906,80000,2026-06-29T03:22:38,NEFT,success
T0007350,A000753,A001165,35000,2026-06-29T03:24:55,NEFT,success
T0006870,A000257,A000107,20248,2026-06-29T03:25:24,UPI,success
T0001458,A000236,A000138,35000,2026-06-29T03:25:42,IMPS,success
T0005990,A001065,A000666,45910,2026-06-29T03:27:17,NEFT,success
T0007684,A000615,A001068,951,2026-06-29T03:27:56,UPI,success
T0005760,A001081,A000301,350,2026-06-29T03:28:04,NEFT,success
T0008895,A000765,A000077,13250,2026-06-29T03:29:39,IMPS,success
T0000426,A000445,A000993,667,2026-06-29T03:32:38,NEFT,success
T0008037,A001375,A000964,158772,2026-06-29T03:40:01,IMPS,success
T0007052,A000480,A000231,14395,2026-06-29T03:42:02,IMPS,success
T0006081,A000368,A001343,50000,2026-06-29T03:46:29,UPI,success
T0010562,A001167,A000325,256,2026-06-29T03:47:00,UPI,success
T0006440,A001301,A000475,2088,2026-06-29T03:50:24,IMPS,success
T0013053,A000727,A001254,377,2026-06-29T03:50:39,UPI,success
T0010862,A000036,A000819,51274,2026-06-29T03:53:37,UPI,success
T0005309,A000867,A001082,9000,2026-06-29T03:58:25,UPI,success
T0007217,A000129,A001217,372,2026-06-29T04:00:30,UPI,success
T0000107,A001498,A001483,94337,2026-06-29T04:03:55,UPI,success
T0004663,A000533,A000723,5000,2026-06-29T04:08:32,UPI,success
T0005086,A001084,A000190,1650,2026-06-29T04:16:05,UPI,success
T0002901,A001031,A000490,50000,2026-06-29T04:20:13,NEFT,success
T0004703,A000002,A000917,15635,2026-06-29T04:20:19,UPI,success
T0011685,A000463,A000112,18059,2026-06-29T04:21:56,UPI,success
T0001821,A001048,A000179,85153,2026-06-29T04:23:26,UPI,success
T0011368,A000580,A000520,9000,2026-06-29T04:30:40,UPI,success
T0011741,A001149,A000733,1636,2026-06-29T04:31:55,UPI,success
T0003910,A000567,A001298,1300,2026-06-29T04:34:31,UPI,success
T0012878,A000001,A000298,50000,2026-06-29T04:37:10,NEFT,success
T0008316,A001172,A000043,736,2026-06-29T04:38:51,NEFT,success
T0013988,A001041,A000627,50000,2026-06-29T04:45:42,IMPS,success
T0003571,A001014,A000513,394,2026-06-29T04:47:45,IMPS,success
T0014254,A001294,A000373,1785,2026-06-29T04:49:23,IMPS,success
T0000714,A000242,A000756,35000,2026-06-29T04:50:36,NEFT,success
T0007886,A001185,A000414,192,2026-06-29T04:51:38,IMPS,success
T0002344,A000178,A000044,23004,2026-06-29T04:53:10,IMPS,success
T0000131,A000989,A001338,359,2026-06-29T04:56:20,NEFT,success
T0012244,A000685,A001026,2175,2026-06-29T05:00:21,UPI,success
T0006782,A000434,A000058,442,2026-06-29T05:02:14,NEFT,success
T0014977,A001253,A000905,693,2026-06-29T05:06:54,NEFT,success
T0013074,A000375,A001334,30416,2026-06-29T05:08:13,NEFT,success
T0009692,A000771,A000641,461,2026-06-29T05:10:07,IMPS,success
T0006306,A000055,A001307,1016,2026-06-29T05:11:47,UPI,success
T0010376,A000505,A001160,1585,2026-06-29T05:15:10,UPI,success
T0009864,A000413,A000347,2001,2026-06-29T05:17:46,IMPS,success
T0013742,A000166,A001368,273,2026-06-29T05:21:15,UPI,success
T0012855,A000152,A000086,2353,2026-06-29T05:23:42,NEFT,success
T0001051,A000472,A000440,1171,2026-06-29T05:24:23,IMPS,success
T0010114,A000785,A000728,20304,2026-06-29T05:25:24,NEFT,success
T0003524,A000984,A000164,698,2026-06-29T05:28:49,NEFT,success
T0009192,A000347,A001173,88,2026-06-29T05:35:40,NEFT,success
T0000036,A001433,A001397,71813,2026-06-29T05:38:03,UPI,success
T0007028,A000341,A000112,25000,2026-06-29T05:39:19,NEFT,success
T0006630,A000922,A000135,35667,2026-06-29T05:43:17,UPI,success
T0001571,A000619,A000048,97,2026-06-29T05:44:34,UPI,success
T0004213,A000919,A000748,55176,2026-06-29T05:46:50,NEFT,success
T0003482,A000399,A001370,785,2026-06-29T05:48:59,UPI,success
T0013416,A000387,A000009,56030,2026-06-29T05:54:10,UPI,success
T0007463,A001354,A000630,3080,2026-06-29T05:55:16,IMPS,success
T0011909,A001369,A000790,348,2026-06-29T05:56:38,IMPS,success
T0000025,A001422,A001395,49061,2026-06-29T06:00:40,UPI,success
T0006855,A000469,A001318,36437,2026-06-29T06:02:52,IMPS,success
T0000859,A000724,A001368,13585,2026-06-29T06:05:03,IMPS,success
T0011312,A001106,A001284,3918,2026-06-29T06:09:17,UPI,success
T0011614,A000453,A000471,546,2026-06-29T06:10:03,IMPS,success
T0012306,A000017,A001067,801,2026-06-29T06:12:12,UPI,success
T0006875,A000711,A000675,80000,2026-06-29T06:13:50,UPI,success
T0001548,A000453,A001073,598,2026-06-29T06:17:16,IMPS,success
T0011088,A001030,A000400,35000,2026-06-29T06:18:31,NEFT,success
T0006194,A001122,A001358,13396,2026-06-29T06:29:25,IMPS,success
T0002310,A000413,A001301,48512,2026-06-29T06:29:49,IMPS,success
T0012907,A000665,A000587,661,2026-06-29T06:31:35,NEFT,failed
T0002677,A000320,A001087,1744,2026-06-29T06:35:40,IMPS,success
T0008090,A001256,A001294,35000,2026-06-29T06:36:39,UPI,success
T0012666,A000128,A000892,1173,2026-06-29T06:37:08,UPI,success
T0005060,A001254,A000441,29984,2026-06-29T06:37:21,IMPS,success
T0002537,A000893,A000737,36033,2026-06-29T06:37:31,UPI,success
T0010693,A000028,A000449,27250,2026-06-29T06:40:04,IMPS,success
T0005356,A000802,A000059,65000,2026-06-29T06:44:10,IMPS,success
T0013049,A000918,A001322,592,2026-06-29T06:48:17,IMPS,success
T0002801,A000169,A000221,181,2026-06-29T06:49:12,IMPS,success
T0011536,A000322,A001216,35000,2026-06-29T06:52:19,UPI,success
T0004196,A001165,A000430,1195,2026-06-29T06:52:38,UPI,success
T0012215,A000048,A001203,645,2026-06-29T06:52:58,UPI,success
T0006719,A000027,A001249,43760,2026-06-29T06:53:51,IMPS,success
T0008404,A000231,A000967,1127,2026-06-29T07:04:31,UPI,success
T0002134,A000123,A000265,1815,2026-06-29T07:06:07,NEFT,success
T0008312,A000207,A001033,30177,2026-06-29T07:06:54,IMPS,success
T0013484,A000684,A001174,2344,2026-06-29T07:09:27,UPI,success
T0002570,A000858,A001279,13572,2026-06-29T07:10:33,UPI,success
T0009633,A001074,A000556,38899,2026-06-29T07:10:47,UPI,success
T0001817,A000644,A000204,2345,2026-06-29T07:16:00,IMPS,success
T0002286,A000373,A000368,1449,2026-06-29T07:17:58,UPI,success
T0010569,A001301,A001083,275,2026-06-29T07:18:33,IMPS,success
T0001610,A000404,A001016,109,2026-06-29T07:24:11,UPI,success
T0013716,A000034,A000256,280,2026-06-29T07:25:50,IMPS,success
T0004138,A000427,A000583,35000,2026-06-29T07:27:29,UPI,success
T0010321,A001030,A000752,9000,2026-06-29T07:29:40,UPI,success
T0001956,A001227,A000222,50000,2026-06-29T07:32:28,UPI,success
T0004899,A001236,A000141,25000,2026-06-29T07:34:26,NEFT,success
T0003261,A000194,A001071,48315,2026-06-29T07:51:43,IMPS,success
T0011265,A000925,A000646,375,2026-06-29T07:52:48,IMPS,failed
T0014307,A000890,A000626,503,2026-06-29T07:54:10,UPI,success
T0000559,A000767,A000747,1559,2026-06-29T07:59:12,IMPS,success
T0001747,A000912,A001339,714,2026-06-29T08:04:38,NEFT,success
T0003133,A000846,A000384,247,2026-06-29T08:14:37,UPI,success
T0002757,A000659,A001241,50000,2026-06-29T08:15:16,NEFT,success
T0007142,A001125,A001302,5765,2026-06-29T08:16:19,IMPS,success
T0012045,A000439,A000941,1368,2026-06-29T08:16:23,IMPS,success
T0011702,A000955,A000691,45126,2026-06-29T08:22:43,UPI,success
T0008995,A000827,A000960,1486,2026-06-29T08:25:18,IMPS,success
T0001626,A000627,A000665,1020,2026-06-29T08:28:11,IMPS,success
T0007741,A001369,A000354,1024,2026-06-29T08:29:08,NEFT,success
T0010327,A000699,A000648,113,2026-06-29T08:29:24,IMPS,success
T0003325,A000443,A000423,2449,2026-06-29T08:31:39,NEFT,success
T0007444,A000992,A000186,50000,2026-06-29T08:41:55,UPI,success
T0008981,A001319,A000383,419,2026-06-29T08:43:28,NEFT,success
T0010689,A001303,A000643,996,2026-06-29T08:48:42,IMPS,success
T0000730,A000498,A001322,588,2026-06-29T08:49:34,IMPS,success
T0002162,A001105,A001310,35000,2026-06-29T08:51:36,IMPS,success
T0011445,A000669,A001349,1558,2026-06-29T08:53:52,NEFT,success
T0009599,A000758,A000390,1018,2026-06-29T08:56:01,IMPS,success
T0008746,A000343,A000258,15000,2026-06-29T08:56:23,NEFT,success
T0013999,A000708,A000454,1641,2026-06-29T08:59:53,NEFT,success
T0003175,A000305,A001020,694,2026-06-29T09:06:35,NEFT,success
T0005059,A000137,A000104,226,2026-06-29T09:08:41,UPI,success
T0014197,A000576,A000846,50000,2026-06-29T09:15:43,IMPS,success
T0001019,A000866,A000953,80000,2026-06-29T09:18:59,IMPS,success
T0011761,A000513,A000352,67821,2026-06-29T09:19:34,UPI,success
T0010420,A000190,A000689,15000,2026-06-29T09:21:08,IMPS,success
T0011991,A000359,A000651,746,2026-06-29T09:24:27,NEFT,success
T0014492,A001131,A000799,628,2026-06-29T09:24:54,UPI,success
T0014065,A001221,A000440,1026,2026-06-29T09:25:14,IMPS,success
T0004779,A000682,A001265,50000,2026-06-29T09:26:14,UPI,success
T0011832,A000597,A000372,648,2026-06-29T09:28:14,UPI,success
T0008909,A000295,A000495,3507,2026-06-29T09:29:35,IMPS,success
T0009485,A000039,A000646,33857,2026-06-29T09:31:33,IMPS,success
T0000942,A000622,A001311,1460,2026-06-29T09:37:46,NEFT,success
T0007318,A001337,A000294,2678,2026-06-29T09:44:41,UPI,success
T0001676,A001027,A000967,922,2026-06-29T09:46:51,NEFT,success
T0010610,A000736,A000992,3661,2026-06-29T09:57:05,IMPS,success
T0005357,A000778,A000197,374,2026-06-29T09:57:16,UPI,success
T0010795,A001164,A000485,470,2026-06-29T09:59:19,UPI,success
T0006334,A000366,A000231,88058,2026-06-29T10:04:18,NEFT,success
T0003179,A000090,A000790,35000,2026-06-29T10:22:08,UPI,success
T0009802,A001154,A000062,1893,2026-06-29T10:25:27,IMPS,success
T0004564,A001181,A001020,319,2026-06-29T10:28:34,NEFT,success
T0014568,A000767,A000617,53,2026-06-29T10:31:40,IMPS,success
T0013625,A000574,A000526,831,2026-06-29T10:35:12,NEFT,failed
T0012584,A001020,A000458,407,2026-06-29T10:37:54,IMPS,success
T0001519,A001340,A000098,35000,2026-06-29T10:42:58,UPI,success
T0006936,A000780,A000354,1094,2026-06-29T10:44:50,UPI,success
T0001568,A000685,A000611,80000,2026-06-29T10:45:21,UPI,success
T0010520,A000642,A000422,901,2026-06-29T10:46:52,NEFT,success
T0010380,A000733,A000659,776,2026-06-29T10:47:23,NEFT,success
T0009841,A000430,A001115,5513,2026-06-29T10:47:35,NEFT,success
T0006345,A000700,A001188,38236,2026-06-29T10:48:08,IMPS,success
T0001406,A000717,A000856,27470,2026-06-29T10:53:40,IMPS,success
T0011595,A000005,A000833,154018,2026-06-29T10:54:42,IMPS,success
T0014246,A000954,A000974,719,2026-06-29T10:54:51,IMPS,success
T0009686,A000029,A000686,303,2026-06-29T10:59:05,IMPS,success
T0003651,A000228,A000877,19665,2026-06-29T10:59:30,NEFT,success
T0004804,A000118,A001368,80000,2026-06-29T11:00:40,IMPS,success
T0000945,A001036,A000204,946,2026-06-29T11:04:34,UPI,success
T0001987,A000369,A001066,484,2026-06-29T11:05:38,NEFT,success
T0012194,A001008,A000891,373,2026-06-29T11:13:38,UPI,success
T0008706,A000076,A001084,1620,2026-06-29T11:16:50,UPI,success
T0011923,A000920,A000540,80000,2026-06-29T11:21:47,NEFT,success
T0007576,A001321,A001089,19726,2026-06-29T11:22:46,IMPS,success
T0013180,A001068,A000513,50000,2026-06-29T11:26:27,IMPS,success
T0011454,A001030,A000405,80000,2026-06-29T11:29:53,UPI,success
T0013437,A000117,A000050,611,2026-06-29T11:30:16,NEFT,success
T0001106,A000671,A001280,12184,2026-06-29T11:31:15,IMPS,success
T0002298,A000383,A000801,21766,2026-06-29T11:31:59,NEFT,success
T0010587,A000159,A000827,1949,2026-06-29T11:35:44,NEFT,success
T0003227,A000030,A000632,84927,2026-06-29T11:37:27,UPI,success
T0008793,A000795,A000269,5538,2026-06-29T11:38:58,NEFT,success
T0008499,A000506,A001172,1594,2026-06-29T11:52:34,UPI,success
T0007525,A000330,A000893,15000,2026-06-29T11:56:58,IMPS,success
T0006505,A000022,A001169,3949,2026-06-29T11:57:19,IMPS,success
T0005071,A000103,A000743,1057,2026-06-29T11:59:16,NEFT,success
T0006116,A000839,A001120,1836,2026-06-29T11:59:27,IMPS,success
T0008177,A000575,A001112,1144,2026-06-29T12:04:48,NEFT,success
T0004390,A000725,A000244,2518,2026-06-29T12:04:56,IMPS,success
T0003417,A000311,A001223,552,2026-06-29T12:11:30,NEFT,success
T0001724,A000512,A000301,910,2026-06-29T12:11:43,UPI,success
T0008534,A000697,A000845,538,2026-06-29T12:20:12,NEFT,success
T0009927,A000602,A000714,162511,2026-06-29T12:23:11,NEFT,success
T0005977,A000229,A001249,700,2026-06-29T12:26:00,IMPS,success
T0012049,A000892,A000353,9235,2026-06-29T12:27:25,NEFT,success
T0013650,A000070,A000700,50000,2026-06-29T12:28:14,NEFT,success
T0006589,A000027,A001051,880,2026-06-29T12:35:38,NEFT,success
T0004195,A001023,A000278,703,2026-06-29T12:41:11,IMPS,success
T0007654,A000894,A000395,426,2026-06-29T12:43:20,UPI,success
T0008749,A000938,A000053,981,2026-06-29T12:43:22,UPI,success
T0009040,A001113,A000575,1149,2026-06-29T12:47:51,UPI,success
T0011035,A000903,A000806,29720,2026-06-29T12:51:05,IMPS,success
T0007801,A000224,A000310,94331,2026-06-29T12:51:10,NEFT,success
T0000828,A001156,A000913,35000,2026-06-29T12:52:59,NEFT,success
T0003202,A000520,A001082,35000,2026-06-29T12:53:58,UPI,success
T0012697,A000700,A000839,1006,2026-06-29T12:55:39,UPI,success
T0010115,A000389,A001186,65000,2026-06-29T12:57:41,IMPS,success
T0008009,A000270,A000988,1071,2026-06-29T13:04:05,NEFT,success
T0002214,A001016,A000810,680,2026-06-29T13:06:25,UPI,success
T0001877,A000108,A001279,80000,2026-06-29T13:06:38,IMPS,success
T0005778,A000446,A000956,1946,2026-06-29T13:09:00,UPI,success
T0001284,A001184,A000881,271,2026-06-29T13:09:58,IMPS,success
T0012817,A000839,A000795,50000,2026-06-29T13:12:17,NEFT,success
T0014952,A000193,A000472,50000,2026-06-29T13:13:05,IMPS,success
T0002047,A000770,A000521,614,2026-06-29T13:15:15,IMPS,success
T0002424,A000647,A001270,7082,2026-06-29T13:17:33,UPI,success
T0003904,A000876,A000120,302,2026-06-29T13:18:06,UPI,success
T0005129,A000033,A000863,1418,2026-06-29T13:20:49,NEFT,success
T0006086,A000203,A000603,472,2026-06-29T13:25:08,UPI,success
T0002755,A000382,A000202,9430,2026-06-29T13:33:57,IMPS,success
T0008130,A000975,A000902,50000,2026-06-29T13:35:20,UPI,success
T0012336,A001304,A000621,4484,2026-06-29T13:40:09,NEFT,success
T0010826,A000837,A001208,322,2026-06-29T13:43:08,UPI,success
T0007347,A000319,A001067,489,2026-06-29T13:45:45,NEFT,success
T0002687,A000055,A000768,295,2026-06-29T13:46:49,UPI,success
T0000694,A001061,A000040,674,2026-06-29T13:47:33,IMPS,success
T0002910,A000783,A000172,7169,2026-06-29T13:48:10,IMPS,success
T0011524,A001190,A000393,1894,2026-06-29T13:51:24,NEFT,success
T0010760,A000042,A001265,842,2026-06-29T13:51:36,NEFT,success
T0002050,A000110,A001214,1038,2026-06-29T14:02:51,UPI,success
T0001950,A000961,A000314,50000,2026-06-29T14:05:05,IMPS,success
T0008808,A000735,A001118,25000,2026-06-29T14:05:30,NEFT,success
T0005240,A000738,A000426,20965,2026-06-29T14:05:41,IMPS,success
T0010342,A001313,A000886,17515,2026-06-29T14:06:12,IMPS,success
T0014051,A000064,A000419,1820,2026-06-29T14:07:28,NEFT,success
T0006130,A000299,A000829,33133,2026-06-29T14:10:00,NEFT,success
T0000498,A000592,A001066,15000,2026-06-29T14:17:59,NEFT,success
T0000493,A001127,A001319,1120,2026-06-29T14:19:05,IMPS,success
T0010107,A000814,A000674,12599,2026-06-29T14:19:29,IMPS,success
T0002172,A000949,A000929,75272,2026-06-29T14:19:38,IMPS,success
T0006759,A000756,A000544,870,2026-06-29T14:20:45,IMPS,success
T0006463,A000366,A001021,1068,2026-06-29T14:20:52,IMPS,success
T0014129,A000799,A000391,158,2026-06-29T14:20:53,IMPS,success
T0010255,A000168,A000603,14482,2026-06-29T14:21:13,UPI,success
T0002777,A001190,A000236,793,2026-06-29T14:23:54,IMPS,success
T0002795,A000359,A000889,1413,2026-06-29T14:31:17,NEFT,success
T0004917,A000581,A000005,328,2026-06-29T14:34:29,UPI,success
T0005837,A000686,A000599,35000,2026-06-29T14:34:51,UPI,success
T0013140,A000488,A000674,721,2026-06-29T14:35:59,IMPS,success
T0014045,A000227,A000720,529,2026-06-29T14:37:25,UPI,success
T0009586,A000294,A001171,17951,2026-06-29T14:38:46,UPI,success
T0000769,A000744,A000363,138,2026-06-29T14:45:01,IMPS,success
T0010262,A000548,A001124,25000,2026-06-29T14:45:26,UPI,success
T0002085,A000509,A000983,80000,2026-06-29T14:46:28,UPI,success
T0004886,A000226,A001343,276,2026-06-29T14:48:45,IMPS,success
T0012297,A000713,A001301,1572,2026-06-29T14:49:35,IMPS,success
T0007975,A000906,A000244,809,2026-06-29T14:52:52,UPI,success
T0006084,A001097,A000726,38102,2026-06-29T14:54:14,UPI,success
T0014811,A000284,A000888,12750,2026-06-29T14:54:28,UPI,success
T0010793,A000147,A001019,936,2026-06-29T14:59:01,IMPS,success
T0008704,A000202,A001355,3003,2026-06-29T15:00:10,IMPS,success
T0007688,A001119,A001094,324,2026-06-29T15:04:41,UPI,success
T0007280,A000324,A000034,43649,2026-06-29T15:07:39,IMPS,success
T0014416,A000616,A001009,16042,2026-06-29T15:09:06,IMPS,success
T0012427,A000771,A000158,11244,2026-06-29T15:10:34,UPI,success
T0003837,A001267,A001196,2243,2026-06-29T15:11:51,IMPS,success
T0006048,A001322,A001199,50000,2026-06-29T15:13:35,NEFT,success
T0009448,A000534,A000268,647,2026-06-29T15:19:59,UPI,success
T0000121,A001480,A001476,70015,2026-06-29T15:20:57,IMPS,success
T0010963,A001108,A000180,25000,2026-06-29T15:25:10,NEFT,success
T0002574,A000839,A001004,2043,2026-06-29T15:25:30,NEFT,success
T0007722,A000022,A000319,15000,2026-06-29T15:32:52,NEFT,success
T0007449,A000580,A000787,976,2026-06-29T15:33:25,UPI,success
T0004129,A000931,A000242,92835,2026-06-29T15:41:29,IMPS,success
T0001078,A000097,A000356,2456,2026-06-29T15:43:27,UPI,success
T0005773,A001003,A000411,517,2026-06-29T15:44:32,UPI,success
T0010510,A000664,A000533,2372,2026-06-29T15:47:09,IMPS,success
T0014681,A000105,A001169,1969,2026-06-29T15:47:43,UPI,success
T0006013,A000943,A000954,140,2026-06-29T15:50:20,IMPS,success
T0011510,A000158,A001301,650,2026-06-29T15:52:10,UPI,success
T0004681,A000762,A000529,5000,2026-06-29T15:53:24,IMPS,success
T0005110,A000726,A000563,35218,2026-06-29T15:54:03,IMPS,success
T0012358,A001077,A000630,50000,2026-06-29T15:54:11,NEFT,success
T0005850,A001078,A000374,3265,2026-06-29T15:54:59,NEFT,success
T0011542,A000793,A001298,24667,2026-06-29T15:59:53,IMPS,success
T0008344,A000754,A000288,701,2026-06-29T15:59:56,NEFT,success
T0002423,A001236,A000044,152,2026-06-29T16:00:05,IMPS,success
T0001512,A000768,A001347,636,2026-06-29T16:02:39,UPI,success
T0006540,A001231,A000599,178,2026-06-29T16:03:32,UPI,success
T0012394,A001329,A001183,143439,2026-06-29T16:07:06,UPI,success
T0006666,A000492,A000341,1951,2026-06-29T16:09:25,IMPS,success
T0011173,A000303,A000023,651,2026-06-29T16:09:50,IMPS,success
T0006137,A000330,A001300,65000,2026-06-29T16:14:16,NEFT,success
T0004122,A000981,A000667,1342,2026-06-29T16:14:28,IMPS,success
T0009327,A000763,A001203,308,2026-06-29T16:14:38,UPI,success
T0001965,A001148,A001014,25000,2026-06-29T16:18:08,NEFT,success
T0011887,A000641,A000347,365,2026-06-29T16:18:53,IMPS,success
T0011461,A000733,A000899,700,2026-06-29T16:23:27,NEFT,success
T0007461,A001235,A000236,31216,2026-06-29T16:28:33,NEFT,success
T0014223,A000908,A001260,24000,2026-06-29T16:33:14,UPI,success
T0014975,A000095,A000710,242,2026-06-29T16:35:31,UPI,success
T0008275,A000476,A000916,261,2026-06-29T16:41:54,IMPS,success
T0012339,A000426,A000220,761,2026-06-29T16:46:19,NEFT,success
T0004212,A000834,A001237,50000,2026-06-29T16:46:43,UPI,success
T0002607,A001116,A000597,510,2026-06-29T16:52:36,IMPS,success
T0000745,A000370,A000228,325,2026-06-29T16:54:25,NEFT,success
T0005070,A000698,A001151,5861,2026-06-29T16:55:14,IMPS,success
T0014813,A000393,A001230,50000,2026-06-29T16:56:34,UPI,success
T0009097,A001379,A000970,772,2026-06-29T16:56:47,IMPS,success
T0005516,A000111,A001175,36547,2026-06-29T16:57:38,UPI,success
T0002807,A000388,A000655,173,2026-06-29T16:58:17,NEFT,success
T0014336,A000004,A000397,25000,2026-06-29T17:01:42,NEFT,success
T0010345,A000212,A000246,993,2026-06-29T17:02:41,IMPS,success
T0002294,A000599,A000661,858,2026-06-29T17:21:12,UPI,success
T0000280,A001293,A000051,22679,2026-06-29T17:26:05,NEFT,success
T0009610,A000014,A000765,12690,2026-06-29T17:27:31,UPI,success
T0013228,A000706,A000256,2156,2026-06-29T17:29:25,IMPS,success
T0000644,A000033,A001360,1748,2026-06-29T17:30:30,IMPS,success
T0001234,A000585,A001286,35000,2026-06-29T17:36:21,IMPS,success
T0007038,A000483,A000396,815,2026-06-29T17:36:45,IMPS,success
T0003857,A001204,A000744,788,2026-06-29T17:37:40,NEFT,success
T0008215,A000751,A000181,3384,2026-06-29T17:49:33,NEFT,success
T0007443,A001197,A000655,3555,2026-06-29T17:51:38,UPI,success
T0012056,A000607,A000030,570,2026-06-29T17:52:26,NEFT,success
T0013354,A000467,A000072,574,2026-06-29T17:54:30,IMPS,success
T0013563,A001106,A001325,10894,2026-06-29T17:59:27,IMPS,failed
T0013535,A001047,A000782,1866,2026-06-29T18:03:12,IMPS,success
T0013623,A000987,A001051,2393,2026-06-29T18:03:52,IMPS,success
T0000321,A001157,A000190,42580,2026-06-29T18:07:08,NEFT,success
T0012847,A001137,A001031,50000,2026-06-29T18:11:45,UPI,success
T0012332,A000031,A000502,135,2026-06-29T18:11:49,NEFT,success
T0014166,A001368,A000769,430,2026-06-29T18:11:55,NEFT,success
T0004530,A000462,A001111,4441,2026-06-29T18:12:06,UPI,success
T0011512,A000263,A000075,1037,2026-06-29T18:25:43,IMPS,success
T0014989,A000063,A001005,80000,2026-06-29T18:28:53,UPI,success
T0005976,A000830,A001217,560,2026-06-29T18:31:08,IMPS,success
T0012532,A001312,A000510,1825,2026-06-29T18:36:14,NEFT,success
T0009397,A000307,A001256,2166,2026-06-29T18:41:20,NEFT,success
T0006242,A000540,A000148,2107,2026-06-29T18:41:50,UPI,success
T0009028,A001314,A000099,838,2026-06-29T18:43:59,UPI,success
T0011240,A000456,A000461,381,2026-06-29T18:44:18,UPI,success
T0002456,A000847,A001097,25000,2026-06-29T18:46:46,UPI,success
T0011605,A001137,A001186,922,2026-06-29T18:50:41,IMPS,success
T0001586,A001194,A000575,2818,2026-06-29T18:53:11,UPI,success
T0003743,A001145,A000328,80000,2026-06-29T18:55:30,NEFT,success
T0000245,A000078,A000189,444,2026-06-29T18:56:30,NEFT,success
T0011138,A000593,A000073,18904,2026-06-29T18:57:39,NEFT,success
T0010103,A000749,A001365,28006,2026-06-29T19:02:06,UPI,success
T0012473,A000299,A000356,8419,2026-06-29T19:02:09,NEFT,success
T0008677,A001252,A001102,30497,2026-06-29T19:05:13,UPI,failed
T0006784,A001215,A000751,91083,2026-06-29T19:07:14,NEFT,success
T0001733,A000295,A000332,9781,2026-06-29T19:07:28,IMPS,success
T0010229,A000089,A000489,462,2026-06-29T19:08:09,NEFT,failed
T0007183,A000625,A001088,39021,2026-06-29T19:10:24,IMPS,success
T0011812,A001070,A000116,591,2026-06-29T19:10:51,NEFT,success
T0009053,A000876,A000693,2442,2026-06-29T19:11:15,UPI,failed
T0012768,A000372,A001101,75,2026-06-29T19:11:43,UPI,success
T0010439,A000233,A000099,25000,2026-06-29T19:12:10,NEFT,success
T0011336,A001263,A000990,3392,2026-06-29T19:13:02,NEFT,success
T0003973,A001234,A000019,229,2026-06-29T19:13:08,NEFT,success
T0014856,A001020,A001265,65000,2026-06-29T19:13:33,IMPS,success
T0005178,A000277,A000194,994,2026-06-29T19:15:36,IMPS,success
T0004227,A001307,A000214,5773,2026-06-29T19:22:58,NEFT,success
T0004973,A001061,A000840,42824,2026-06-29T19:23:28,NEFT,success
T0013463,A000259,A000390,415,2026-06-29T19:38:38,IMPS,success
T0004809,A000060,A000793,643,2026-06-29T19:41:04,UPI,success
T0003204,A000921,A000520,35000,2026-06-29T19:45:51,UPI,success
T0004613,A000643,A001199,65000,2026-06-29T19:47:39,NEFT,success
T0001637,A000968,A000035,23993,2026-06-29T19:53:20,IMPS,success
T0004879,A000941,A000898,74740,2026-06-29T19:53:21,NEFT,success
T0004784,A001105,A000547,18661,2026-06-29T19:53:32,NEFT,success
T0010753,A000630,A000384,24757,2026-06-29T19:54:14,IMPS,success
T0006185,A000613,A000555,182,2026-06-29T19:54:31,NEFT,success
T0003021,A000228,A000179,1001,2026-06-29T20:03:38,UPI,success
T0013401,A001367,A000592,459,2026-06-29T20:04:23,IMPS,success
T0014957,A000650,A001293,65000,2026-06-29T20:06:49,IMPS,success
T0013362,A000062,A000867,1447,2026-06-29T20:09:05,UPI,success
T0001450,A000336,A000117,25000,2026-06-29T20:10:33,UPI,success
T0010517,A001315,A001115,1780,2026-06-29T20:10:34,NEFT,success
T0002450,A000681,A000575,1576,2026-06-29T20:10:58,NEFT,success
T0003988,A000946,A000063,792,2026-06-29T20:16:55,NEFT,success
T0013143,A001357,A000746,2166,2026-06-29T20:17:41,NEFT,success
T0008259,A001293,A000316,25000,2026-06-29T20:19:09,UPI,success
T0006225,A000171,A001041,320,2026-06-29T20:19:15,IMPS,success
T0010054,A000946,A000193,7285,2026-06-29T20:22:02,NEFT,success
T0008796,A000806,A000814,3005,2026-06-29T20:22:47,NEFT,success
T0011141,A000727,A000249,456,2026-06-29T20:23:18,UPI,success
T0009008,A000948,A001236,80000,2026-06-29T20:27:47,UPI,success
T0006553,A001030,A000765,31229,2026-06-29T20:29:00,IMPS,success
T0007717,A000687,A000374,1566,2026-06-29T20:33:54,NEFT,success
T0008823,A000489,A000134,9000,2026-06-29T20:36:19,UPI,success
T0002440,A000460,A000345,513,2026-06-29T20:38:42,IMPS,success
T0014772,A000180,A000137,903,2026-06-29T20:40:11,IMPS,success
T0002945,A000357,A000059,17932,2026-06-29T20:40:23,NEFT,success
T0012132,A000874,A001200,2283,2026-06-29T20:40:38,NEFT,success
T0010360,A000738,A000621,2251,2026-06-29T20:41:29,IMPS,success
T0004034,A001330,A000383,323,2026-06-29T20:41:54,UPI,success
T0011690,A000462,A000175,50000,2026-06-29T20:41:54,IMPS,success
T0012040,A001004,A000792,36721,2026-06-29T20:41:54,UPI,success
T0004537,A000839,A000473,302,2026-06-29T20:43:15,UPI,success
T0001558,A001254,A000391,1237,2026-06-29T20:47:38,UPI,failed
T0000539,A000986,A000692,9906,2026-06-29T20:49:48,UPI,success
T0013656,A000954,A001325,241,2026-06-29T20:50:14,IMPS,success
T0006942,A000716,A001048,11948,2026-06-29T21:02:22,NEFT,success
T0013639,A000765,A000217,35000,2026-06-29T21:02:58,UPI,success
T0013680,A000741,A000513,5524,2026-06-29T21:04:27,IMPS,success
T0002854,A000129,A000512,80000,2026-06-29T21:08:14,IMPS,success
T0000333,A001320,A000876,862,2026-06-29T21:16:00,NEFT,success
T0012521,A000192,A000134,841,2026-06-29T21:16:20,IMPS,success
T0003675,A000908,A000847,753,2026-06-29T21:19:28,IMPS,success
T0005531,A000471,A000544,50000,2026-06-29T21:23:22,UPI,success
T0005645,A000799,A000454,29630,2026-06-29T21:25:31,IMPS,success
T0009133,A001260,A000312,7358,2026-06-29T21:28:32,IMPS,success
T0001515,A000841,A001088,683,2026-06-29T21:29:28,UPI,success
T0002282,A000658,A000701,357,2026-06-29T21:34:56,NEFT,success
T0002567,A000521,A000276,502,2026-06-29T21:35:33,IMPS,success
T0008854,A000300,A001017,1152,2026-06-29T21:37:40,UPI,success
T0011869,A001124,A000891,30094,2026-06-29T21:39:02,UPI,success
T0008830,A000108,A000120,275,2026-06-29T21:39:05,UPI,success
T0006237,A000485,A001215,974,2026-06-29T21:41:46,IMPS,success
T0014182,A001255,A001130,13265,2026-06-29T21:43:51,IMPS,success
T0013384,A000024,A000072,178,2026-06-29T21:46:45,NEFT,success
T0006983,A000443,A000370,59671,2026-06-29T21:49:00,NEFT,success
T0010320,A000393,A000428,30027,2026-06-29T21:52:15,IMPS,success
T0009866,A000642,A001252,35371,2026-06-29T21:52:50,IMPS,success
T0007566,A000595,A000597,498,2026-06-29T21:53:00,IMPS,success
T0005262,A001082,A000043,2106,2026-06-29T21:53:18,UPI,success
T0008648,A000433,A000612,18089,2026-06-29T21:54:42,NEFT,success
T0002623,A000766,A000019,42585,2026-06-29T21:55:14,NEFT,success
T0007076,A000976,A000403,2413,2026-06-29T21:56:04,UPI,success
T0003826,A001194,A000163,14269,2026-06-29T21:56:54,IMPS,success
T0002689,A001174,A000030,614,2026-06-29T21:59:22,NEFT,failed
T0003712,A000540,A000855,28855,2026-06-29T22:11:03,UPI,success
T0003668,A000019,A001267,45844,2026-06-29T22:13:53,NEFT,failed
T0011298,A000364,A000782,25738,2026-06-29T22:14:27,IMPS,success
T0005819,A000111,A001145,505,2026-06-29T22:16:26,UPI,success
T0005079,A001167,A001356,339,2026-06-29T22:19:22,NEFT,success
T0010018,A001055,A001126,50000,2026-06-29T22:25:06,IMPS,success
T0014039,A001250,A000791,6445,2026-06-29T22:29:06,IMPS,success
T0014410,A000182,A000150,71432,2026-06-29T22:32:19,UPI,success
T0006974,A000426,A000460,62096,2026-06-29T22:36:38,IMPS,success
T0000419,A000257,A001091,878,2026-06-29T22:37:48,UPI,success
T0011268,A001330,A000720,15000,2026-06-29T22:38:03,IMPS,success
T0006140,A000142,A000269,12203,2026-06-29T22:41:42,IMPS,success
T0008698,A001027,A000502,163,2026-06-29T22:48:38,NEFT,success
T0012639,A001256,A000401,317,2026-06-29T22:49:20,IMPS,success
T0014258,A000544,A001111,198,2026-06-29T22:56:37,UPI,success
T0008504,A000227,A000611,1720,2026-06-29T22:57:12,IMPS,success
T0008855,A001131,A000069,473,2026-06-29T22:57:14,UPI,success
T0013338,A000624,A000028,654,2026-06-29T22:57:16,NEFT,success
T0010536,A001314,A000780,1754,2026-06-29T23:04:58,IMPS,success
T0006189,A001112,A000325,5173,2026-06-29T23:06:08,IMPS,success
T0011428,A000319,A001059,72,2026-06-29T23:08:44,UPI,success
T0012708,A000701,A000599,1022,2026-06-29T23:11:55,NEFT,success
T0000163,A001157,A000848,716,2026-06-29T23:19:30,NEFT,success
T0011835,A001035,A001029,198,2026-06-29T23:20:25,UPI,success
T0010299,A000235,A000092,18500,2026-06-29T23:26:06,UPI,success
T0008498,A001009,A000688,37125,2026-06-29T23:26:07,NEFT,success
T0010664,A000874,A000636,12309,2026-06-29T23:29:31,UPI,success
T0008622,A001283,A001019,15000,2026-06-29T23:29:57,IMPS,success
T0012934,A000499,A001021,25000,2026-06-29T23:31:33,UPI,success
T0012764,A000662,A000766,525,2026-06-29T23:35:53,UPI,success
T0005750,A000594,A000745,417,2026-06-29T23:38:37,UPI,success
T0001139,A000681,A000741,1805,2026-06-29T23:41:14,NEFT,success
T0010561,A001041,A000296,1095,2026-06-29T23:45:07,IMPS,success
T0002396,A000740,A000424,2783,2026-06-29T23:46:42,NEFT,success
T0002273,A001221,A000480,1257,2026-06-29T23:50:26,NEFT,success
T0009264,A000282,A000014,1053,2026-06-29T23:55:16,NEFT,success
T0009080,A001076,A000737,672,2026-06-29T23:56:03,NEFT,success
T0014590,A001378,A000587,65000,2026-06-29T23:58:09,UPI,success
T0011806,A000588,A001215,3003,2026-06-29T23:59:24,IMPS,success
T0011026,A000956,A000692,826,2026-06-30T00:07:19,IMPS,success
T0004962,A000946,A000031,432,2026-06-30T00:11:10,UPI,success
T0003431,A001199,A000672,80000,2026-06-30T00:11:58,IMPS,success
T0004437,A000145,A000968,72791,2026-06-30T00:15:09,IMPS,success
T0002610,A001152,A001211,2758,2026-06-30T00:15:29,UPI,failed
T0006620,A000992,A001156,598,2026-06-30T00:16:10,IMPS,success
T0009601,A000391,A000948,1193,2026-06-30T00:17:53,IMPS,success
T0011877,A000419,A000663,323,2026-06-30T00:23:23,UPI,success
T0004540,A000372,A000484,25000,2026-06-30T00:31:43,IMPS,success
T0013506,A000174,A000425,15000,2026-06-30T00:38:09,IMPS,success
T0009821,A001141,A000996,1608,2026-06-30T00:38:53,UPI,success
T0003107,A001170,A000218,11461,2026-06-30T00:47:27,IMPS,success
T0010563,A000737,A000641,15000,2026-06-30T00:51:53,IMPS,success
T0006253,A000034,A001060,639,2026-06-30T00:52:46,UPI,success
T0000027,A001424,A001397,15000,2026-06-30T01:01:58,UPI,success
T0006655,A000305,A000855,6971,2026-06-30T01:06:22,IMPS,success
T0011399,A000451,A000886,10749,2026-06-30T01:08:31,UPI,success
T0004832,A001317,A000607,25000,2026-06-30T01:11:04,IMPS,success
T0009710,A000347,A001042,65000,2026-06-30T01:12:57,IMPS,success
T0001620,A000318,A001329,15000,2026-06-30T01:13:35,IMPS,success
T0010344,A000097,A001273,8378,2026-06-30T01:15:07,NEFT,success
T0004463,A000866,A001301,98,2026-06-30T01:25:39,IMPS,success
T0006602,A000731,A000290,481,2026-06-30T01:29:34,UPI,success
T0004785,A001304,A000096,15000,2026-06-30T01:30:12,IMPS,success
T0011920,A000090,A000772,954,2026-06-30T01:31:04,NEFT,success
T0012879,A000008,A000967,786,2026-06-30T01:34:39,UPI,success
T0000106,A001497,A001482,72611,2026-06-30T01:36:07,UPI,success
T0000571,A000019,A000869,2412,2026-06-30T01:37:33,IMPS,failed
T0011397,A000595,A001318,28226,2026-06-30T01:37:35,NEFT,success
T0005219,A000384,A000714,1016,2026-06-30T01:39:02,UPI,success
T0009316,A001371,A000418,25000,2026-06-30T01:39:50,NEFT,success
T0003799,A001050,A000911,420,2026-06-30T01:40:42,UPI,success
T0002808,A001151,A001232,48075,2026-06-30T01:41:34,IMPS,success
T0007218,A000475,A000505,1644,2026-06-30T01:44:20,NEFT,success
T0004825,A000884,A000890,1858,2026-06-30T01:45:08,NEFT,success
T0010915,A000489,A001324,6133,2026-06-30T01:46:12,IMPS,success
T0008408,A000150,A000824,83021,2026-06-30T01:50:36,IMPS,success
T0003459,A000656,A000805,29526,2026-06-30T01:50:58,IMPS,success
T0005143,A001378,A001338,80000,2026-06-30T01:57:02,UPI,success
T0009469,A000816,A000908,662,2026-06-30T02:02:39,NEFT,success
T0002973,A000032,A000406,23431,2026-06-30T02:08:27,NEFT,success
T0005568,A000771,A000500,103126,2026-06-30T02:09:29,UPI,success
T0000399,A000338,A000122,65000,2026-06-30T02:09:37,UPI,success
T0003126,A000838,A000709,5000,2026-06-30T02:21:01,NEFT,success
T0006786,A000601,A000647,787,2026-06-30T02:22:42,NEFT,success
T0007185,A000226,A000559,16213,2026-06-30T02:24:26,NEFT,success
T0012012,A000610,A000262,245,2026-06-30T02:26:15,UPI,success
T0005050,A001158,A001317,15000,2026-06-30T02:27:40,IMPS,success
T0007447,A000729,A001347,460,2026-06-30T02:31:21,IMPS,success
T0013123,A001294,A000201,9193,2026-06-30T02:33:11,NEFT,success
T0010720,A000581,A000089,15000,2026-06-30T02:35:28,NEFT,success
T0008852,A001264,A000448,25000,2026-06-30T02:40:05,NEFT,success
T0003154,A000836,A000437,601,2026-06-30T02:40:37,NEFT,success
T0008079,A001067,A000220,319,2026-06-30T02:51:07,IMPS,success
T0006133,A000928,A000458,91785,2026-06-30T02:54:15,IMPS,success
T0014250,A000509,A000472,644,2026-06-30T02:54:47,NEFT,success
T0011182,A000422,A000252,3380,2026-06-30T02:58:24,NEFT,success
T0004036,A000501,A001221,65000,2026-06-30T02:58:54,UPI,success
T0012762,A000928,A001030,370,2026-06-30T03:06:01,UPI,success
T0007909,A000608,A000154,614,2026-06-30T03:08:51,NEFT,success
T0011754,A000371,A001281,67074,2026-06-30T03:11:11,UPI,success
T0012577,A001305,A000063,9747,2026-06-30T03:11:22,IMPS,success
T0008616,A000831,A000775,9839,2026-06-30T03:15:43,NEFT,success
T0014915,A001204,A000844,14922,2026-06-30T03:16:07,UPI,success
T0003514,A001168,A000143,2051,2026-06-30T03:17:10,NEFT,success
T0005161,A000289,A000724,69182,2026-06-30T03:17:21,NEFT,success
T0001289,A001208,A000406,21111,2026-06-30T03:32:43,IMPS,success
T0009253,A000557,A000735,832,2026-06-30T03:39:23,NEFT,success
T0010010,A000907,A000340,485,2026-06-30T03:49:44,UPI,success
T0010012,A001123,A000691,482,2026-06-30T03:50:31,IMPS,success
T0006877,A001279,A000703,21572,2026-06-30T03:56:47,IMPS,success
T0003755,A001183,A000154,16527,2026-06-30T03:57:13,IMPS,success
T0005249,A000726,A000667,21444,2026-06-30T03:58:10,IMPS,success
T0007193,A000996,A000490,399,2026-06-30T03:58:42,UPI,success
T0004659,A000226,A000454,13114,2026-06-30T04:00:09,IMPS,success
T0001862,A001242,A000681,215,2026-06-30T04:05:34,NEFT,success
T0009254,A000671,A000441,17721,2026-06-30T04:05:44,UPI,success
T0012985,A000070,A001055,39718,2026-06-30T04:09:04,UPI,success
T0013620,A000094,A000876,893,2026-06-30T04:13:03,IMPS,success
T0005911,A000978,A000488,15000,2026-06-30T04:13:32,UPI,success
T0010198,A000278,A000223,19535,2026-06-30T04:15:09,NEFT,success
T0001797,A000479,A000166,290,2026-06-30T04:18:37,UPI,success
T0004910,A000942,A000082,772,2026-06-30T04:18:58,UPI,success
T0005162,A000644,A001077,30437,2026-06-30T04:30:33,NEFT,success
T0004673,A000470,A000483,421,2026-06-30T04:36:32,IMPS,success
T0001465,A000351,A000473,804,2026-06-30T04:43:14,IMPS,success
T0008117,A000660,A000146,886,2026-06-30T04:44:04,IMPS,success
T0013246,A000499,A001135,30859,2026-06-30T04:44:05,NEFT,success
T0005144,A000932,A001209,9061,2026-06-30T04:47:01,IMPS,success
T0004164,A001197,A000389,267,2026-06-30T04:50:25,IMPS,success
T0006193,A001199,A001100,34485,2026-06-30T04:51:14,NEFT,success
T0002131,A001020,A000930,229,2026-06-30T04:53:49,IMPS,success
T0000659,A000318,A001218,378,2026-06-30T04:55:39,IMPS,success
T0002936,A000935,A000852,65000,2026-06-30T04:59:22,IMPS,success
T0013853,A000223,A000635,804,2026-06-30T05:01:08,NEFT,success
T0008278,A000661,A001290,40975,2026-06-30T05:05:44,NEFT,success
T0003290,A000133,A000982,5293,2026-06-30T05:07:43,IMPS,success
T0010560,A000119,A000559,80000,2026-06-30T05:10:27,NEFT,success
T0012844,A001334,A000215,441,2026-06-30T05:11:29,NEFT,success
T0004707,A001208,A000839,15000,2026-06-30T05:11:42,NEFT,success
T0009394,A000320,A001283,670,2026-06-30T05:12:39,IMPS,success
T0004384,A001223,A001292,14347,2026-06-30T05:20:19,UPI,success
T0013276,A000991,A000206,246,2026-06-30T05:24:07,NEFT,success
T0005615,A000511,A000565,712,2026-06-30T05:24:16,IMPS,success
T0004909,A000825,A000975,227,2026-06-30T05:25:14,UPI,success
T0012250,A000613,A000494,816,2026-06-30T05:31:19,NEFT,success
T0005406,A000526,A000926,735,2026-06-30T05:34:12,UPI,failed
T0013785,A000495,A000291,2511,2026-06-30T05:35:16,UPI,success
T0009747,A000935,A000463,688,2026-06-30T05:37:00,IMPS,success
T0013492,A001278,A001125,405,2026-06-30T05:37:25,NEFT,success
T0008362,A001033,A000976,14681,2026-06-30T05:38:15,IMPS,success
T0014955,A000268,A001135,36452,2026-06-30T05:38:15,NEFT,success
T0009330,A000794,A000479,549,2026-06-30T05:39:05,IMPS,success
T0004415,A000863,A001150,65000,2026-06-30T05:41:24,NEFT,success
T0002457,A000848,A000641,35000,2026-06-30T05:42:43,UPI,success
T0009903,A000979,A000112,52377,2026-06-30T05:46:04,IMPS,success
T0005156,A000761,A000404,80000,2026-06-30T05:50:49,UPI,success
T0004647,A000206,A001373,59229,2026-06-30T05:56:46,NEFT,success
T0001333,A000745,A000674,13906,2026-06-30T06:04:21,UPI,success
T0000330,A001298,A000119,27983,2026-06-30T06:06:55,IMPS,success
T0005633,A000339,A000026,6369,2026-06-30T06:10:59,UPI,success
T0002108,A000361,A000641,21475,2026-06-30T06:11:03,UPI,success
T0003171,A001322,A000831,1258,2026-06-30T06:16:47,UPI,success
T0000166,A001295,A000617,92268,2026-06-30T06:16:55,UPI,success
T0007564,A000564,A001023,50000,2026-06-30T06:22:27,NEFT,success
T0013063,A000921,A000876,24470,2026-06-30T06:24:24,NEFT,success
T0001105,A001173,A000585,295,2026-06-30T06:27:45,NEFT,success
T0008506,A001285,A000930,80000,2026-06-30T06:35:46,NEFT,success
T0014263,A000863,A001038,25953,2026-06-30T06:38:17,NEFT,success
T0014751,A001377,A000549,27507,2026-06-30T06:39:37,NEFT,success
T0005027,A000990,A000024,1047,2026-06-30T06:45:11,IMPS,success
T0014524,A000151,A000639,1658,2026-06-30T06:46:54,IMPS,success
T0014548,A000711,A001131,48311,2026-06-30T06:47:16,IMPS,success
T0003452,A001153,A001374,872,2026-06-30T06:52:55,IMPS,success
T0005805,A000692,A000565,38569,2026-06-30T06:53:15,NEFT,success
T0003993,A001263,A000507,1996,2026-06-30T06:54:55,IMPS,success
T0003432,A001249,A000231,35000,2026-06-30T06:57:38,NEFT,success
T0012359,A000089,A000689,1430,2026-06-30T07:07:16,IMPS,success
T0013913,A000454,A000357,312,2026-06-30T07:09:29,IMPS,success
T0014601,A000490,A001225,1200,2026-06-30T07:09:38,NEFT,success
T0008983,A000223,A000195,969,2026-06-30T07:17:13,IMPS,success
T0002819,A000351,A001058,202,2026-06-30T07:24:45,NEFT,success
T0004753,A000817,A000837,1394,2026-06-30T07:25:08,NEFT,success
T0009847,A001119,A000265,38136,2026-06-30T07:25:48,IMPS,success
T0009904,A000084,A000088,1922,2026-06-30T07:26:17,IMPS,success
T0002144,A000723,A001125,1500,2026-06-30T07:31:23,NEFT,success
T0011353,A000491,A001103,5000,2026-06-30T07:32:48,UPI,success
T0003945,A000239,A000120,1476,2026-06-30T07:34:31,IMPS,success
T0002181,A000095,A000437,103192,2026-06-30T07:38:51,UPI,success
T0011198,A000579,A000202,214,2026-06-30T07:40:53,NEFT,success
T0002313,A000300,A001133,16648,2026-06-30T07:41:45,IMPS,success
T0009730,A000773,A000605,357,2026-06-30T07:48:37,IMPS,success
T0011837,A001296,A000516,1281,2026-06-30T07:48:49,IMPS,success
T0001301,A000779,A001148,421,2026-06-30T07:54:33,NEFT,success
T0006263,A001276,A000314,239,2026-06-30T07:59:47,IMPS,success
T0009808,A000312,A000751,312,2026-06-30T08:00:53,UPI,success
T0011553,A000019,A000635,12034,2026-06-30T08:02:34,UPI,success
T0012678,A001219,A000694,920,2026-06-30T08:03:09,UPI,success
T0010194,A000165,A000837,712,2026-06-30T08:04:06,NEFT,success
T0005774,A000688,A000922,236,2026-06-30T08:07:08,IMPS,success
T0004107,A001020,A000439,18780,2026-06-30T08:08:11,UPI,success
T0003195,A000115,A000996,17239,2026-06-30T08:13:00,UPI,success
T0005069,A001052,A001290,188,2026-06-30T08:16:24,IMPS,success
T0011490,A001246,A000571,17845,2026-06-30T08:16:34,UPI,success
T0000466,A001253,A001069,662,2026-06-30T08:19:33,IMPS,success
T0012738,A001298,A001307,6246,2026-06-30T08:19:34,UPI,success
T0008380,A000579,A000148,706,2026-06-30T08:27:57,IMPS,success
T0003774,A001090,A000478,80000,2026-06-30T08:28:13,IMPS,success
T0007524,A001177,A000054,3246,2026-06-30T08:30:31,NEFT,success
T0006872,A001351,A000727,106977,2026-06-30T08:30:49,UPI,success
T0012401,A000399,A001077,357,2026-06-30T08:33:06,NEFT,success
T0006100,A000695,A000798,2400,2026-06-30T08:34:24,IMPS,success
T0001036,A000172,A000366,35244,2026-06-30T08:35:18,UPI,success
T0007562,A000504,A001027,14744,2026-06-30T08:35:45,NEFT,success
T0011248,A000531,A000459,10909,2026-06-30T08:39:50,IMPS,success
T0008490,A000218,A000645,412,2026-06-30T08:42:32,IMPS,success
T0000102,A001493,A001483,28102,2026-06-30T08:52:49,UPI,success
T0005218,A000162,A000218,80000,2026-06-30T08:53:20,NEFT,success
T0010864,A000767,A000908,762,2026-06-30T09:01:15,IMPS,success
T0002764,A000829,A001053,1108,2026-06-30T09:01:51,IMPS,success
T0001020,A001163,A001172,5000,2026-06-30T09:02:29,NEFT,success
T0013077,A000983,A000458,2511,2026-06-30T09:06:43,NEFT,success
T0011331,A000682,A000815,50000,2026-06-30T09:07:19,UPI,success
T0000065,A001388,A001382,38921,2026-06-30T09:07:49,IMPS,success
T0003110,A001185,A000901,35000,2026-06-30T09:19:23,NEFT,success
T0007315,A001367,A001122,1789,2026-06-30T09:21:19,NEFT,success
T0013684,A000329,A001029,510,2026-06-30T09:23:08,NEFT,success
T0004409,A001268,A000656,12006,2026-06-30T09:24:52,IMPS,success
T0005312,A000897,A000258,11006,2026-06-30T09:26:01,NEFT,success
T0010158,A000875,A001083,401,2026-06-30T09:28:09,NEFT,success
T0000639,A000606,A001273,2383,2026-06-30T09:29:30,IMPS,success
T0001342,A000766,A000062,12199,2026-06-30T09:31:37,NEFT,success
T0001486,A000023,A000266,2141,2026-06-30T09:33:26,UPI,success
T0011234,A001030,A001059,361,2026-06-30T09:37:14,IMPS,success
T0001413,A000835,A000136,5630,2026-06-30T09:38:59,UPI,success
T0007539,A000207,A000751,2663,2026-06-30T09:39:37,IMPS,success
T0012867,A000067,A000194,9866,2026-06-30T09:40:41,NEFT,success
T0011447,A000663,A000601,1215,2026-06-30T09:42:38,UPI,success
T0001222,A000525,A000434,51038,2026-06-30T09:43:07,IMPS,success
T0012890,A000990,A000511,16805,2026-06-30T09:48:54,IMPS,success
T0014245,A001361,A000874,15000,2026-06-30T09:51:27,IMPS,success
T0008251,A000207,A001136,1480,2026-06-30T09:56:31,NEFT,success
T0004657,A000624,A000011,866,2026-06-30T10:06:44,UPI,success
T0011215,A000839,A000320,481,2026-06-30T10:07:18,IMPS,success
T0001259,A000560,A000855,15000,2026-06-30T10:09:20,NEFT,success
T0005224,A000427,A000810,224,2026-06-30T10:09:37,IMPS,success
T0011752,A000795,A000464,983,2026-06-30T10:13:28,NEFT,success
T0010051,A001189,A000790,741,2026-06-30T10:14:31,IMPS,success
T0004967,A000332,A000718,44844,2026-06-30T10:17:52,UPI,success
T0006002,A000394,A000541,452,2026-06-30T10:22:54,UPI,success
T0003536,A001115,A000150,1088,2026-06-30T10:23:04,UPI,success
T0009926,A000690,A000309,36907,2026-06-30T10:28:13,IMPS,success
T0004688,A000551,A000977,3197,2026-06-30T10:39:08,IMPS,success
T0007049,A000849,A001324,803,2026-06-30T10:39:28,IMPS,success
T0011998,A000097,A000679,14740,2026-06-30T10:41:53,UPI,success
T0012438,A001019,A000374,799,2026-06-30T10:41:56,NEFT,failed
T0012868,A000022,A000578,755,2026-06-30T10:46:07,NEFT,success
T0006754,A001354,A000302,721,2026-06-30T10:48:30,IMPS,success
T0000395,A000099,A000680,556,2026-06-30T10:49:31,IMPS,success
T0010204,A000548,A001088,255,2026-06-30T10:55:18,UPI,success
T0010056,A000421,A001118,166,2026-06-30T10:55:26,NEFT,success
T0014655,A001248,A001298,696,2026-06-30T10:55:45,UPI,success
T0013829,A000322,A000738,64810,2026-06-30T10:57:05,UPI,success
T0006277,A001185,A001041,234,2026-06-30T10:58:49,IMPS,success
T0007212,A000730,A000748,6742,2026-06-30T10:59:52,UPI,success
T0004607,A000786,A000499,2677,2026-06-30T11:04:13,NEFT,success
T0005913,A000564,A000370,14452,2026-06-30T11:06:26,UPI,success
T0012910,A000884,A000155,190,2026-06-30T11:08:11,NEFT,success
T0000403,A000402,A000940,459,2026-06-30T11:11:54,IMPS,success
T0009086,A000842,A001309,345,2026-06-30T11:19:18,IMPS,success
T0007368,A000933,A001310,25000,2026-06-30T11:27:39,UPI,success
T0013507,A000125,A000912,72843,2026-06-30T11:29:20,IMPS,success
T0006864,A001379,A000723,485,2026-06-30T11:30:10,NEFT,success
T0000040,A001437,A001392,29652,2026-06-30T11:31:40,UPI,success
T0009796,A000507,A000972,476,2026-06-30T11:31:54,IMPS,success
T0006118,A000230,A000232,50000,2026-06-30T11:36:07,UPI,failed
T0000612,A000271,A000825,596,2026-06-30T11:43:01,UPI,success
T0006937,A001166,A000373,65000,2026-06-30T11:43:37,NEFT,success
T0014130,A000518,A000621,428,2026-06-30T11:44:24,IMPS,success
T0012734,A000225,A001141,555,2026-06-30T11:48:57,IMPS,success
T0004050,A000944,A000529,1467,2026-06-30T11:52:18,UPI,success
T0011591,A000234,A001118,25702,2026-06-30T12:00:59,IMPS,success
T0014188,A000112,A000470,215,2026-06-30T12:02:58,IMPS,success
T0010739,A001309,A000414,477,2026-06-30T12:04:50,UPI,success
T0003173,A000839,A001285,80000,2026-06-30T12:10:43,UPI,success
T0014792,A000059,A000337,1238,2026-06-30T12:11:17,IMPS,success
T0006621,A000285,A000396,1805,2026-06-30T12:14:53,IMPS,success
T0003646,A000827,A000265,55723,2026-06-30T12:17:29,UPI,success
T0005577,A001277,A001350,497,2026-06-30T12:21:40,IMPS,success
T0009649,A000289,A000250,65252,2026-06-30T12:22:28,NEFT,success
T0008771,A000843,A000685,33980,2026-06-30T12:23:48,NEFT,failed
T0008025,A000862,A000945,1048,2026-06-30T12:24:38,UPI,success
T0006077,A000430,A000721,125,2026-06-30T12:29:03,NEFT,success
T0004103,A000764,A000398,1527,2026-06-30T12:30:16,NEFT,success
T0000574,A001101,A000286,322,2026-06-30T12:34:40,IMPS,success
T0013879,A001161,A000141,27675,2026-06-30T12:39:23,UPI,success
T0001491,A000556,A000437,138,2026-06-30T12:49:55,IMPS,success
T0002812,A000326,A000672,50000,2026-06-30T12:56:02,NEFT,success
T0002903,A000496,A001226,35000,2026-06-30T12:56:03,UPI,success
T0006574,A000881,A000193,615,2026-06-30T12:58:10,IMPS,success
T0008394,A001086,A001182,41909,2026-06-30T13:02:49,NEFT,success
T0014852,A000088,A000859,12820,2026-06-30T13:03:22,IMPS,success
T0013352,A000411,A000022,416,2026-06-30T13:06:32,NEFT,success
T0001440,A000287,A000904,1004,2026-06-30T13:07:34,IMPS,success
T0014488,A001005,A000391,184,2026-06-30T13:09:10,NEFT,success
T0006975,A000793,A000030,25000,2026-06-30T13:10:00,NEFT,success
T0000867,A000181,A000889,113,2026-06-30T13:10:40,NEFT,success
T0005200,A000463,A000277,35000,2026-06-30T13:13:13,IMPS,success
T0000049,A001446,A001392,58484,2026-06-30T13:18:19,UPI,success
T0004411,A000377,A000274,65000,2026-06-30T13:18:39,IMPS,success
T0000485,A000379,A000726,1354,2026-06-30T13:19:57,UPI,success
T0014945,A000565,A000277,1641,2026-06-30T13:21:15,UPI,success
T0005814,A000327,A001276,4934,2026-06-30T13:24:16,NEFT,success
T0009998,A000271,A001177,828,2026-06-30T13:24:19,IMPS,success
T0011305,A000843,A001363,51657,2026-06-30T13:25:52,UPI,success
T0000013,A001410,A001392,49150,2026-06-30T13:27:57,UPI,success
T0005638,A000454,A000961,10301,2026-06-30T13:29:44,UPI,success
T0006270,A001146,A001142,926,2026-06-30T13:31:59,UPI,success
T0006043,A000817,A000315,9625,2026-06-30T13:33:49,NEFT,success
T0013738,A000085,A001235,65000,2026-06-30T13:35:34,IMPS,success
T0005121,A001107,A001019,5633,2026-06-30T13:35:49,UPI,success
T0002845,A000392,A000300,65000,2026-06-30T13:39:01,UPI,success
T0009846,A001214,A000698,3437,2026-06-30T13:40:48,UPI,success
T0006612,A000832,A000333,80000,2026-06-30T13:41:12,IMPS,failed
T0013351,A000703,A000730,4792,2026-06-30T13:44:36,UPI,success
T0001288,A000461,A000606,6817,2026-06-30T13:44:56,UPI,success
T0003495,A000223,A001287,176082,2026-06-30T13:46:08,NEFT,success
T0006725,A000750,A000710,15000,2026-06-30T13:47:18,IMPS,success
T0006299,A000953,A000291,13343,2026-06-30T13:51:45,IMPS,success
T0003720,A000335,A000594,39550,2026-06-30T13:52:36,IMPS,success
T0000156,A000208,A000887,1036,2026-06-30T13:53:56,IMPS,success
T0007637,A000474,A000492,1692,2026-06-30T14:00:32,IMPS,success
T0012316,A000773,A000885,4561,2026-06-30T14:00:53,NEFT,success
T0000404,A000312,A000495,32978,2026-06-30T14:01:17,NEFT,success
T0011105,A000343,A000893,449,2026-06-30T14:02:07,IMPS,success
T0011259,A000168,A000030,1080,2026-06-30T14:03:33,IMPS,success
T0003940,A001054,A000554,1587,2026-06-30T14:04:10,NEFT,success
T0009606,A001311,A001125,421,2026-06-30T14:04:27,NEFT,success
T0005893,A000945,A000893,1077,2026-06-30T14:04:55,NEFT,success
T0012010,A000353,A000524,400,2026-06-30T14:05:53,NEFT,success
T0001349,A000170,A000517,8592,2026-06-30T14:15:35,IMPS,success
T0006713,A000858,A000720,14327,2026-06-30T14:17:07,NEFT,success
T0012108,A000458,A001061,563,2026-06-30T14:18:05,NEFT,success
T0009175,A000748,A001365,242,2026-06-30T14:19:53,UPI,success
T0000045,A001442,A001397,73442,2026-06-30T14:26:25,UPI,success
T0010373,A000356,A000249,725,2026-06-30T14:28:08,NEFT,success
T0005506,A000397,A000228,30997,2026-06-30T14:32:52,UPI,success
T0009678,A000629,A001003,506,2026-06-30T14:33:36,UPI,success
T0011850,A000661,A001144,35773,2026-06-30T14:37:37,NEFT,success
T0006391,A000665,A001233,1032,2026-06-30T14:38:04,IMPS,success
T0002740,A001307,A000750,15000,2026-06-30T14:42:01,NEFT,success
T0007200,A000017,A001046,357,2026-06-30T14:42:37,UPI,success
T0008247,A000017,A001106,80000,2026-06-30T14:59:33,UPI,success
T0000753,A000489,A000668,484,2026-06-30T15:00:10,NEFT,success
T0003016,A001067,A001234,1285,2026-06-30T15:00:55,NEFT,success
T0002197,A000559,A001033,1556,2026-06-30T15:02:24,UPI,success
T0010809,A000822,A000583,1071,2026-06-30T15:03:02,UPI,success
T0005958,A001280,A000198,80000,2026-06-30T15:07:30,UPI,success
T0000486,A000415,A000976,688,2026-06-30T15:18:22,NEFT,failed
T0000188,A000874,A000206,1534,2026-06-30T15:18:43,IMPS,success
T0008952,A000086,A000846,429,2026-06-30T15:20:26,NEFT,success
T0003244,A000262,A000015,23070,2026-06-30T15:20:59,IMPS,success
T0013755,A000612,A000584,5000,2026-06-30T15:22:27,NEFT,success
T0006439,A001252,A001022,1361,2026-06-30T15:26:51,IMPS,success
T0012033,A000258,A000434,15000,2026-06-30T15:29:33,NEFT,success
T0002531,A000636,A000556,23583,2026-06-30T15:36:28,UPI,success
T0005417,A000647,A001366,1126,2026-06-30T15:36:53,UPI,success
T0004097,A001083,A000704,3122,2026-06-30T15:38:57,UPI,success
T0012489,A001051,A000775,254,2026-06-30T15:41:33,IMPS,success
T0010661,A000254,A001199,211,2026-06-30T15:42:18,UPI,success
T0008566,A000812,A000240,596,2026-06-30T15:45:25,NEFT,success
T0014904,A000522,A000486,218,2026-06-30T15:52:50,NEFT,success
T0014301,A000682,A000309,614,2026-06-30T15:53:48,NEFT,success
T0008400,A001027,A001126,850,2026-06-30T15:54:29,IMPS,success
T0000848,A000589,A001304,25000,2026-06-30T15:57:35,IMPS,success
T0003342,A001186,A001343,1144,2026-06-30T15:58:22,NEFT,success
T0004215,A001166,A000432,804,2026-06-30T16:03:36,NEFT,success
T0011825,A000552,A000067,580,2026-06-30T16:06:23,NEFT,success
T0001479,A000491,A000874,9873,2026-06-30T16:08:18,IMPS,success
T0003660,A000731,A000287,1360,2026-06-30T16:10:43,NEFT,success
T0009349,A000970,A000456,50000,2026-06-30T16:11:02,NEFT,success
T0013790,A000552,A000870,1367,2026-06-30T16:13:22,UPI,success
T0003827,A000177,A000042,35000,2026-06-30T16:13:52,UPI,success
T0009158,A000578,A000326,1871,2026-06-30T16:19:28,UPI,success
T0003104,A000564,A000550,663,2026-06-30T16:19:42,IMPS,success
T0005308,A001270,A000087,10107,2026-06-30T16:26:17,UPI,success
T0004895,A000595,A000858,28882,2026-06-30T16:26:21,IMPS,success
T0010498,A001312,A000816,138015,2026-06-30T16:29:06,IMPS,success
T0009380,A000913,A001315,7587,2026-06-30T16:29:25,IMPS,success
T0009384,A000063,A001296,282,2026-06-30T16:29:34,IMPS,success
T0012724,A000206,A000805,35000,2026-06-30T16:29:38,IMPS,success
T0013048,A000651,A000521,1195,2026-06-30T16:31:30,UPI,success
T0012578,A000350,A000740,938,2026-06-30T16:34:49,NEFT,success
T0007419,A000791,A000782,5069,2026-06-30T16:35:52,IMPS,success
T0008314,A001239,A001250,2709,2026-06-30T16:40:25,NEFT,success
T0006162,A001016,A000120,26326,2026-06-30T16:43:51,NEFT,success
T0013963,A000843,A001205,8717,2026-06-30T16:44:39,IMPS,success
T0009037,A001329,A000712,16809,2026-06-30T16:46:00,NEFT,success
T0004969,A000491,A000230,552,2026-06-30T16:46:41,UPI,success
T0007005,A001093,A001268,10355,2026-06-30T16:47:23,NEFT,success
T0007946,A001017,A000562,1264,2026-06-30T16:49:24,NEFT,success
T0000508,A001302,A001106,29954,2026-06-30T16:49:37,NEFT,success
T0003320,A000151,A000210,1421,2026-06-30T16:51:49,UPI,success
T0005377,A001183,A000992,11984,2026-06-30T16:52:11,NEFT,success
T0013714,A000777,A000792,1779,2026-06-30T16:53:39,NEFT,success
T0002219,A001337,A000220,540,2026-06-30T16:53:47,NEFT,success
T0004458,A000467,A000770,17672,2026-06-30T16:55:03,UPI,success
T0010803,A001161,A000363,866,2026-06-30T16:56:16,IMPS,success
T0003849,A001175,A001115,19183,2026-06-30T16:56:34,UPI,success
T0002844,A000884,A001181,1167,2026-06-30T17:04:13,NEFT,success
T0008761,A000490,A000318,777,2026-06-30T17:08:20,NEFT,success
T0012406,A001185,A001007,76,2026-06-30T17:09:51,IMPS,success
T0007594,A000430,A000239,387,2026-06-30T17:10:40,NEFT,success
T0012848,A000447,A000577,166,2026-06-30T17:16:07,UPI,success
T0011936,A000239,A000277,52531,2026-06-30T17:16:20,NEFT,success
T0004176,A000500,A000497,8290,2026-06-30T17:21:18,NEFT,success
T0000970,A000834,A000945,943,2026-06-30T17:21:58,IMPS,success
T0010031,A000356,A000712,854,2026-06-30T17:22:11,UPI,success
T0010189,A000945,A000067,564,2026-06-30T17:29:29,NEFT,success
T0014163,A000320,A000747,1555,2026-06-30T17:30:58,UPI,success
T0003266,A000540,A000225,515,2026-06-30T17:32:13,NEFT,success
T0000512,A001378,A001096,1954,2026-06-30T17:37:15,IMPS,success
T0009831,A000495,A000691,1683,2026-06-30T17:39:14,IMPS,success
T0001729,A000540,A000031,765,2026-06-30T17:41:44,NEFT,failed
T0007408,A000564,A000006,65000,2026-06-30T17:42:40,NEFT,success
T0000267,A000887,A001373,8981,2026-06-30T17:46:02,NEFT,success
T0000528,A001253,A000078,15000,2026-06-30T17:51:53,IMPS,success
T0001093,A001117,A001085,1419,2026-06-30T17:52:25,NEFT,success
T0000457,A000895,A000196,67897,2026-06-30T17:55:50,NEFT,success
T0010065,A000152,A000477,7635,2026-06-30T18:02:22,NEFT,success
T0003319,A000118,A000673,1320,2026-06-30T18:02:30,IMPS,success
T0005831,A001300,A000339,12172,2026-06-30T18:03:28,UPI,success
T0009462,A001136,A000902,9076,2026-06-30T18:07:30,NEFT,failed
T0006727,A000349,A001008,724,2026-06-30T18:07:40,IMPS,failed
T0001710,A000947,A000725,50000,2026-06-30T18:09:18,UPI,success
T0000925,A000903,A000992,733,2026-06-30T18:09:57,IMPS,success
T0012771,A000140,A000021,1005,2026-06-30T18:10:35,IMPS,success
T0014875,A000571,A000147,26714,2026-06-30T18:12:22,UPI,success
T0004520,A000228,A000461,33975,2026-06-30T18:12:50,NEFT,success
T0014616,A000564,A000488,910,2026-06-30T18:14:09,NEFT,success
T0012637,A001130,A000270,221,2026-06-30T18:14:31,NEFT,success
T0001591,A001282,A001092,402,2026-06-30T18:21:32,NEFT,success
T0008169,A001199,A000129,27238,2026-06-30T18:23:48,UPI,success
T0010705,A000796,A000022,973,2026-06-30T18:26:48,IMPS,success
T0004483,A001288,A000487,22208,2026-06-30T18:28:44,UPI,success
T0003347,A000908,A000896,7837,2026-06-30T18:30:06,IMPS,success
T0007042,A000563,A000314,12315,2026-06-30T18:37:13,IMPS,success
T0001209,A001334,A000718,1975,2026-06-30T18:39:50,IMPS,success
T0010695,A001359,A000911,1246,2026-06-30T18:45:03,NEFT,success
T0008265,A001270,A001066,640,2026-06-30T18:48:53,UPI,success
T0001757,A001016,A000225,914,2026-06-30T18:50:05,NEFT,success
T0007138,A001122,A001171,734,2026-06-30T18:53:21,IMPS,success
T0002141,A000594,A000640,1913,2026-06-30T18:53:59,NEFT,success
T0008769,A000189,A001238,3511,2026-06-30T18:58:52,UPI,success
T0011456,A000805,A000620,883,2026-06-30T18:59:50,UPI,success
T0001055,A000236,A001214,888,2026-06-30T19:01:41,UPI,success
T0004746,A000417,A000664,9099,2026-06-30T19:02:03,UPI,success
T0012391,A001372,A000054,60225,2026-06-30T19:09:36,UPI,success
T0006047,A000003,A000492,21462,2026-06-30T19:15:34,UPI,success
T0006417,A000982,A000390,6661,2026-06-30T19:23:23,IMPS,success
T0007832,A001176,A000666,92097,2026-06-30T19:25:37,UPI,success
T0012337,A001085,A001149,755,2026-06-30T19:25:46,IMPS,success
T0011749,A000039,A001146,5236,2026-06-30T19:28:37,UPI,success
T0014147,A000640,A000810,3632,2026-06-30T19:28:43,UPI,success
T0013657,A000968,A000432,50000,2026-06-30T19:32:43,IMPS,success
T0013727,A000646,A000980,35000,2026-06-30T19:35:31,IMPS,success
T0000623,A001084,A000080,50000,2026-06-30T19:41:26,IMPS,success
T0003249,A001364,A000547,27342,2026-06-30T19:44:30,NEFT,success
T0009966,A001089,A000674,831,2026-06-30T19:47:41,UPI,success
T0008837,A000995,A001321,1295,2026-06-30T19:47:58,UPI,success
T0006123,A000284,A000926,16520,2026-06-30T20:05:07,IMPS,success
T0009779,A000158,A000076,50000,2026-06-30T20:06:29,UPI,success
T0004108,A001085,A000399,288,2026-06-30T20:06:55,NEFT,success
T0011409,A000555,A000453,6623,2026-06-30T20:11:20,IMPS,success
T0013704,A001046,A000712,9376,2026-06-30T20:13:35,NEFT,success
T0013691,A001381,A000902,55583,2026-06-30T20:14:49,IMPS,success
T0009944,A000392,A001362,602,2026-06-30T20:15:55,IMPS,success
T0001649,A000124,A000104,50000,2026-06-30T20:16:35,NEFT,success
T0000388,A001025,A001167,2133,2026-06-30T20:21:03,UPI,success
T0002427,A001121,A000577,415,2026-06-30T20:23:31,IMPS,success
T0012214,A000840,A000194,335,2026-06-30T20:23:34,UPI,success
T0009401,A000074,A000389,465,2026-06-30T20:25:52,UPI,success
T0005574,A000462,A000647,1164,2026-06-30T20:31:47,IMPS,success
T0011971,A001306,A000861,478,2026-06-30T20:32:44,IMPS,success
T0004716,A001346,A000795,10204,2026-06-30T20:33:24,UPI,success
T0010602,A001055,A000073,66800,2026-06-30T20:44:53,UPI,success
T0011011,A000250,A000779,18583,2026-06-30T20:46:58,UPI,success
T0000459,A000887,A000487,41926,2026-06-30T20:47:34,NEFT,success
T0014574,A000736,A001239,16501,2026-06-30T20:50:17,IMPS,success
T0006363,A000663,A001101,17762,2026-06-30T20:50:31,UPI,success
T0000870,A001300,A000224,30511,2026-06-30T20:57:12,IMPS,success
T0001813,A000563,A000006,563,2026-06-30T21:09:30,UPI,success
T0006707,A000218,A000800,18585,2026-06-30T21:11:02,NEFT,success
T0012059,A001271,A001244,232,2026-06-30T21:14:14,UPI,success
T0007954,A001316,A001278,560,2026-06-30T21:17:29,NEFT,success
T0000901,A000704,A001125,18843,2026-06-30T21:18:22,NEFT,success
T0010091,A001340,A001026,468,2026-06-30T21:19:03,NEFT,success
T0005234,A000597,A001193,49380,2026-06-30T21:24:09,NEFT,failed
T0005203,A000791,A000262,69,2026-06-30T21:26:05,UPI,success
T0014821,A001311,A000462,179890,2026-06-30T21:26:26,UPI,success
T0012745,A000239,A000696,8865,2026-06-30T21:28:46,UPI,success
T0007393,A001330,A000189,749,2026-06-30T21:32:28,NEFT,success
T0004242,A001051,A001234,740,2026-06-30T21:36:44,UPI,success
T0011603,A000595,A000119,881,2026-06-30T21:37:26,UPI,success
T0013238,A000980,A000605,104,2026-06-30T21:44:26,UPI,success
T0010084,A001217,A000508,358,2026-06-30T21:48:47,NEFT,success
T0004166,A000121,A001179,50000,2026-06-30T21:49:04,IMPS,success
T0012859,A000724,A000154,547,2026-06-30T21:51:20,UPI,success
T0003673,A000837,A000792,284,2026-06-30T21:51:58,NEFT,success
T0008050,A001349,A001300,21693,2026-06-30T21:53:05,IMPS,success
T0000657,A001153,A000929,69788,2026-06-30T21:55:30,NEFT,success
T0011657,A001192,A001175,348,2026-06-30T22:01:09,NEFT,success
T0006944,A000836,A000372,1331,2026-06-30T22:01:58,IMPS,success
T0002800,A000969,A001006,2442,2026-06-30T22:12:43,UPI,success
T0012490,A000751,A000703,1949,2026-06-30T22:14:21,IMPS,success
T0014298,A000260,A001046,22545,2026-06-30T22:14:35,IMPS,success
T0011394,A000167,A000045,654,2026-06-30T22:15:35,IMPS,success
T0006216,A000984,A000328,2168,2026-06-30T22:16:34,NEFT,success
T0012959,A000428,A000838,881,2026-06-30T22:19:27,IMPS,success
T0004807,A001235,A000833,2809,2026-06-30T22:23:59,IMPS,success
T0006154,A000204,A001251,5000,2026-06-30T22:24:36,NEFT,success
T0006386,A000301,A000377,80000,2026-06-30T22:25:28,IMPS,success
T0003235,A000745,A001224,9298,2026-06-30T22:25:46,NEFT,failed
T0010787,A001226,A000868,541,2026-06-30T22:26:43,UPI,success
T0007363,A000536,A000805,65000,2026-06-30T22:27:00,UPI,success
T0002232,A001356,A000221,1146,2026-06-30T22:31:02,IMPS,success
T0009244,A000922,A000481,265,2026-06-30T22:31:25,UPI,success
T0000734,A000516,A000050,25000,2026-06-30T22:32:48,UPI,success
T0006984,A000583,A000685,32492,2026-06-30T22:36:47,IMPS,success
T0002913,A000707,A001208,463,2026-06-30T22:38:22,IMPS,success
T0008686,A001171,A000094,37440,2026-06-30T22:39:57,IMPS,success
T0004423,A000509,A000865,15000,2026-06-30T22:48:10,UPI,success
T0009780,A000236,A000473,17322,2026-06-30T22:49:07,NEFT,success
T0002654,A000981,A001038,634,2026-06-30T22:49:19,IMPS,success
T0006549,A001014,A000062,225,2026-06-30T22:49:37,NEFT,success
T0007230,A000583,A000488,8612,2026-06-30T23:01:10,IMPS,success
T0009783,A000105,A001246,35000,2026-06-30T23:03:26,IMPS,success
T0002782,A000185,A001270,24324,2026-06-30T23:04:16,UPI,success
T0013889,A000709,A001029,320,2026-06-30T23:05:21,NEFT,success
T0007450,A001008,A000995,2266,2026-06-30T23:06:33,IMPS,success
T0009296,A001220,A000977,627,2026-06-30T23:10:13,UPI,success
T0002560,A000740,A000736,535,2026-06-30T23:12:11,UPI,success
T0014935,A000160,A000671,65000,2026-06-30T23:13:01,UPI,success
T0012149,A001321,A000068,262,2026-06-30T23:14:33,IMPS,success
T0013207,A000230,A000901,9270,2026-06-30T23:18:15,NEFT,success
T0006312,A000509,A001286,2930,2026-06-30T23:19:12,UPI,success
T0006799,A000817,A000347,1134,2026-06-30T23:20:47,NEFT,success
T0011150,A000246,A000007,674,2026-06-30T23:22:44,IMPS,success
T0011161,A001189,A001230,9043,2026-06-30T23:24:07,IMPS,success
T0005652,A000232,A001124,1298,2026-06-30T23:32:40,NEFT,success
T0005619,A000686,A000018,3381,2026-06-30T23:36:42,IMPS,success
T0013667,A001132,A000149,91,2026-06-30T23:39:12,IMPS,success
T0005422,A000499,A000156,3160,2026-06-30T23:39:32,IMPS,success
T0003507,A000991,A000430,2018,2026-06-30T23:51:23,IMPS,success
T0001789,A000602,A000226,1357,2026-06-30T23:52:17,IMPS,success
T0012772,A000057,A000652,1916,2026-06-30T23:53:13,NEFT,success
T0013983,A000473,A001295,3496,2026-06-30T23:55:04,UPI,success
T0013295,A000648,A000678,40117,2026-06-30T23:56:33,UPI,success
T0011278,A001185,A000152,480,2026-06-30T23:56:40,UPI,success
T0000630,A000279,A001373,451,2026-06-30T23:56:43,NEFT,success
T0000423,A000848,A000645,231,2026-06-30T23:58:02,IMPS,success
T0005768,A000155,A000358,15000,2026-06-30T23:58:38,UPI,success
T0001563,A000237,A000818,1524,2026-07-01T00:01:01,IMPS,success
T0008307,A000841,A000076,5000,2026-07-01T00:03:29,NEFT,success
T0011816,A000130,A001217,94580,2026-07-01T00:10:24,NEFT,success
T0003670,A001128,A001267,507,2026-07-01T00:14:22,UPI,success
T0008744,A000879,A000712,12122,2026-07-01T00:16:41,UPI,success
T0002044,A000532,A000610,65000,2026-07-01T00:23:03,IMPS,success
T0010582,A001249,A000947,25423,2026-07-01T00:24:36,IMPS,success
T0004781,A001176,A000919,1567,2026-07-01T00:24:50,NEFT,success
T0004016,A001192,A000801,1356,2026-07-01T00:28:56,NEFT,failed
T0003280,A000542,A000787,418,2026-07-01T00:31:47,UPI,success
T0001834,A001338,A000578,47136,2026-07-01T00:32:50,UPI,success
T0008234,A000664,A000411,68321,2026-07-01T00:44:44,NEFT,success
T0013076,A000967,A000185,243,2026-07-01T00:45:35,IMPS,success
T0011323,A001001,A001308,782,2026-07-01T00:47:23,IMPS,success
T0002824,A000782,A000647,7109,2026-07-01T00:50:30,NEFT,success
T0006550,A000602,A000356,1523,2026-07-01T00:55:20,UPI,success
T0006489,A001174,A001317,214,2026-07-01T00:55:52,UPI,success
T0014050,A000711,A000420,23306,2026-07-01T01:00:10,IMPS,success
T0005608,A000877,A000683,924,2026-07-01T01:04:51,IMPS,success
T0002652,A000231,A000104,174,2026-07-01T01:09:07,IMPS,success
T0006195,A001322,A001327,671,2026-07-01T01:11:16,IMPS,success
T0000616,A000358,A000476,1711,2026-07-01T01:12:51,UPI,success
T0009134,A000925,A000497,459,2026-07-01T01:14:23,UPI,success
T0001502,A000213,A001355,30915,2026-07-01T01:16:33,NEFT,success
T0009019,A000348,A000995,8654,2026-07-01T01:30:28,IMPS,success
T0007188,A001111,A000841,1500,2026-07-01T01:32:40,NEFT,success
T0012344,A000795,A000812,869,2026-07-01T01:32:51,UPI,success
T0006709,A001029,A000969,128000,2026-07-01T01:39:50,NEFT,success
T0014170,A000427,A001182,131544,2026-07-01T01:39:59,UPI,success
T0002794,A000071,A001209,20491,2026-07-01T01:40:12,NEFT,success
T0000766,A000198,A000600,15989,2026-07-01T01:45:16,NEFT,success
T0000044,A001441,A001396,61261,2026-07-01T01:47:12,UPI,success
T0014402,A000313,A000316,323,2026-07-01T01:47:24,NEFT,success
T0007968,A001227,A000549,15000,2026-07-01T01:50:22,UPI,success
T0008220,A000114,A000372,6899,2026-07-01T01:51:07,UPI,success
T0001330,A000434,A000738,8101,2026-07-01T01:51:23,IMPS,success
T0001028,A000978,A000450,552,2026-07-01T01:52:06,IMPS,success
T0010028,A000531,A000094,37040,2026-07-01T01:52:24,NEFT,failed
T0003176,A001182,A000579,26204,2026-07-01T01:54:05,IMPS,success
T0011626,A001041,A001288,1540,2026-07-01T01:59:35,UPI,success
T0011196,A000172,A000708,25000,2026-07-01T02:00:03,NEFT,success
T0010349,A000956,A001168,5453,2026-07-01T02:04:34,NEFT,success
T0003661,A001079,A001086,19588,2026-07-01T02:05:09,IMPS,success
T0014274,A000406,A001234,1093,2026-07-01T02:06:20,UPI,success
T0002225,A000976,A000310,235,2026-07-01T02:08:47,IMPS,success
T0008990,A000550,A000368,488,2026-07-01T02:09:39,IMPS,success
T0007923,A000487,A001356,65000,2026-07-01T02:11:54,NEFT,success
T0006820,A000239,A000344,3351,2026-07-01T02:19:54,UPI,success
T0010328,A001113,A000823,365,2026-07-01T02:21:50,UPI,success
T0009578,A001127,A001117,35000,2026-07-01T02:25:23,IMPS,success
T0009305,A001130,A001081,3511,2026-07-01T02:30:56,UPI,success
T0004815,A001205,A001149,381,2026-07-01T02:37:05,NEFT,success
T0014701,A001066,A000864,23338,2026-07-01T02:44:00,UPI,success
T0002235,A000030,A001198,314,2026-07-01T02:46:15,NEFT,success
T0013858,A001022,A000070,1367,2026-07-01T02:52:01,IMPS,success
T0004548,A000876,A001295,1286,2026-07-01T02:53:16,IMPS,success
T0007199,A000036,A001334,65000,2026-07-01T02:55:52,IMPS,success
T0008087,A001376,A000543,80000,2026-07-01T02:57:55,NEFT,success
T0013969,A001147,A001006,35775,2026-07-01T03:02:05,IMPS,success
T0008418,A000254,A001281,23976,2026-07-01T03:08:37,UPI,success
T0014295,A001121,A001066,642,2026-07-01T03:10:28,UPI,success
T0007643,A000368,A000483,1809,2026-07-01T03:14:53,UPI,success
T0005698,A000941,A001205,955,2026-07-01T03:15:05,UPI,success
T0011396,A000366,A001159,35000,2026-07-01T03:15:10,UPI,success
T0006835,A001083,A001235,29385,2026-07-01T03:17:16,IMPS,success
T0013176,A001071,A000609,2267,2026-07-01T03:19:04,UPI,success
T0003693,A000321,A000850,50000,2026-07-01T03:25:17,UPI,success
T0011221,A000842,A001316,697,2026-07-01T03:25:51,UPI,success
T0002522,A000027,A000512,7681,2026-07-01T03:31:10,UPI,success
T0013735,A001347,A000697,24744,2026-07-01T03:33:38,NEFT,success
T0002963,A000367,A001203,339,2026-07-01T03:37:57,IMPS,success
T0014725,A001017,A000633,50000,2026-07-01T03:42:23,UPI,success
T0005591,A000063,A001110,15000,2026-07-01T03:43:37,NEFT,success
T0011618,A000688,A001127,14464,2026-07-01T03:46:56,UPI,success
T0009799,A001269,A001002,35000,2026-07-01T03:49:23,UPI,success
T0002811,A001233,A000632,54253,2026-07-01T03:53:33,NEFT,success
T0000015,A001412,A001394,99894,2026-07-01T03:54:42,UPI,success
T0003990,A000106,A000902,323,2026-07-01T03:55:36,NEFT,success
T0001083,A001031,A000616,803,2026-07-01T03:57:08,UPI,success
T0007070,A001184,A000187,1138,2026-07-01T03:57:56,IMPS,success
T0012107,A000810,A001288,3779,2026-07-01T04:04:42,UPI,success
T0006243,A001183,A000414,85684,2026-07-01T04:05:29,UPI,success
T0012551,A000886,A000228,1846,2026-07-01T04:06:51,UPI,success
T0001043,A001110,A000187,576,2026-07-01T04:07:33,NEFT,success
T0002477,A000554,A000482,1314,2026-07-01T04:09:36,UPI,success
T0014827,A000880,A000267,11967,2026-07-01T04:17:51,NEFT,success
T0009268,A000180,A000621,1672,2026-07-01T04:21:51,NEFT,success
T0000005,A001402,A001391,15756,2026-07-01T04:22:09,UPI,success
T0010001,A000542,A000444,412,2026-07-01T04:29:44,UPI,success
T0003102,A000467,A000148,1381,2026-07-01T04:29:50,IMPS,success
T0010476,A000358,A000566,28857,2026-07-01T04:31:28,NEFT,success
T0003262,A001262,A000579,597,2026-07-01T04:32:53,UPI,success
T0000006,A001403,A001391,32835,2026-07-01T04:33:09,UPI,success
T0002953,A000173,A001041,35000,2026-07-01T04:34:05,IMPS,success
T0000003,A001400,A001391,44152,2026-07-01T04:34:09,UPI,success
T0009355,A000380,A000341,547,2026-07-01T04:35:52,UPI,success
T0004538,A000142,A000601,1815,2026-07-01T04:40:18,UPI,success
T0001145,A000430,A000424,49033,2026-07-01T04:41:19,NEFT,success
T0010531,A001380,A000670,2488,2026-07-01T04:46:33,IMPS,success
T0004856,A000317,A000537,1827,2026-07-01T04:46:37,NEFT,success
T0003479,A000109,A001357,1290,2026-07-01T04:47:07,IMPS,success
T0004787,A000371,A000765,16866,2026-07-01T04:51:48,UPI,success
T0000001,A001398,A001391,49423,2026-07-01T04:52:09,UPI,success
T0003449,A000634,A000985,15222,2026-07-01T04:54:38,IMPS,success
T0005332,A001171,A001031,668,2026-07-01T04:58:23,UPI,success
T0010599,A001302,A000703,18247,2026-07-01T05:02:30,NEFT,success
T0013275,A000021,A000071,2214,2026-07-01T05:05:18,UPI,success
T0007031,A000251,A000371,623,2026-07-01T05:10:52,NEFT,success
T0006040,A000396,A001090,65000,2026-07-01T05:12:39,IMPS,success
T0004373,A000595,A000262,15000,2026-07-01T05:16:51,UPI,success
T0009700,A000852,A001027,25000,2026-07-01T05:17:27,NEFT,success
T0000007,A001404,A001391,49700,2026-07-01T05:21:09,UPI,success
T0007369,A001027,A000379,279,2026-07-01T05:21:31,IMPS,success
T0000497,A001370,A000921,25000,2026-07-01T05:21:46,UPI,success
T0000004,A001401,A001391,74740,2026-07-01T05:25:09,UPI,success
T0000009,A001406,A001391,46525,2026-07-01T05:26:09,UPI,success
T0000896,A000048,A001226,10183,2026-07-01T05:27:45,NEFT,success
T0005146,A000914,A001148,30272,2026-07-01T05:28:40,UPI,success
T0004009,A000027,A000884,809,2026-07-01T05:29:48,IMPS,success
T0004491,A000440,A001112,1993,2026-07-01T05:31:21,IMPS,success
T0000002,A001399,A001391,169682,2026-07-01T05:35:09,UPI,success
T0001434,A000659,A001301,56,2026-07-01T05:36:56,NEFT,success
T0006819,A001118,A000007,905,2026-07-01T05:39:38,UPI,success
T0002192,A000573,A000278,5186,2026-07-01T05:43:45,NEFT,success
T0013430,A000430,A000178,49677,2026-07-01T05:44:40,UPI,success
T0006420,A001380,A000945,32019,2026-07-01T05:48:01,NEFT,success
T0007225,A001340,A000619,50000,2026-07-01T05:48:05,NEFT,success
T0004493,A000258,A000156,50000,2026-07-01T05:50:25,NEFT,success
T0013126,A000221,A001204,444,2026-07-01T05:57:53,IMPS,success
T0006397,A000422,A000486,92314,2026-07-01T05:59:18,IMPS,success
T0000860,A001161,A000215,9793,2026-07-01T06:00:12,UPI,success
T0000033,A001430,A001394,107598,2026-07-01T06:00:15,UPI,success
T0010576,A001281,A000624,12299,2026-07-01T06:00:34,IMPS,success
T0000008,A001405,A001391,61520,2026-07-01T06:03:09,UPI,success
T0013558,A000082,A001357,65000,2026-07-01T06:03:39,UPI,success
T0014027,A000196,A000043,773,2026-07-01T06:06:18,IMPS,success
T0003830,A001012,A000690,55637,2026-07-01T06:09:42,NEFT,success
T0010624,A000273,A001266,64450,2026-07-01T06:12:48,NEFT,success
T0012182,A001153,A000862,349,2026-07-01T06:16:11,NEFT,success
T0005787,A000050,A001189,80000,2026-07-01T06:17:37,IMPS,success
T0012534,A000720,A000651,50,2026-07-01T06:18:59,NEFT,success
T0014812,A001242,A000042,692,2026-07-01T06:25:03,IMPS,success
T0000940,A000024,A000771,559,2026-07-01T06:28:25,NEFT,success
T0005444,A001345,A000087,50000,2026-07-01T06:29:13,IMPS,success
T0012887,A000604,A000020,256,2026-07-01T06:30:13,UPI,success
T0007177,A000192,A000749,534,2026-07-01T06:34:07,UPI,success
T0008911,A000135,A001134,35768,2026-07-01T06:35:24,UPI,success
T0004060,A000623,A000724,320,2026-07-01T06:35:28,IMPS,success
T0005288,A000647,A001218,1181,2026-07-01T06:37:53,IMPS,success
T0003241,A000586,A000515,104,2026-07-01T06:38:47,NEFT,success
T0002979,A001030,A000620,15000,2026-07-01T06:38:52,IMPS,success
T0007748,A000839,A000646,36516,2026-07-01T06:39:21,IMPS,success
T0005780,A000248,A000722,3242,2026-07-01T06:43:22,UPI,success
T0002935,A000063,A001197,51355,2026-07-01T06:46:11,NEFT,success
T0014107,A000696,A000999,172,2026-07-01T06:46:54,NEFT,success
T0006510,A001243,A000495,80000,2026-07-01T06:52:13,NEFT,success
T0006205,A000277,A000890,33884,2026-07-01T06:54:51,IMPS,success
T0004148,A000851,A001337,2913,2026-07-01T06:56:39,NEFT,success
T0004062,A000695,A001364,15000,2026-07-01T06:56:51,NEFT,success
T0008640,A000752,A001352,100784,2026-07-01T06:58:47,UPI,success
T0004261,A000194,A000260,408,2026-07-01T07:01:45,IMPS,success
T0003382,A001242,A000605,65000,2026-07-01T07:04:37,IMPS,success
T0005617,A001089,A001001,250,2026-07-01T07:04:39,UPI,success
T0000946,A001189,A000456,361,2026-07-01T07:07:08,NEFT,success
T0010421,A001263,A000621,458,2026-07-01T07:09:15,NEFT,success
T0001173,A001306,A000869,89519,2026-07-01T07:21:22,IMPS,success
T0009392,A000233,A000981,1016,2026-07-01T07:22:25,IMPS,success
T0014325,A001127,A000973,80000,2026-07-01T07:26:25,NEFT,success
T0005136,A001099,A001374,45572,2026-07-01T07:32:11,UPI,success
T0010015,A001231,A000995,466,2026-07-01T07:46:20,NEFT,success
T0004580,A000390,A001086,271,2026-07-01T07:50:19,NEFT,success
T0014049,A000621,A000277,65000,2026-07-01T07:51:20,IMPS,success
T0013098,A000935,A000380,1688,2026-07-01T07:58:52,UPI,success
T0007664,A000036,A001058,808,2026-07-01T08:04:19,UPI,success
T0003405,A000597,A001369,80000,2026-07-01T08:10:06,NEFT,success
T0005600,A001044,A000298,253,2026-07-01T08:13:18,UPI,success
T0012693,A001088,A001028,796,2026-07-01T08:14:17,UPI,success
T0000974,A000171,A000717,35000,2026-07-01T08:15:27,IMPS,success
T0010268,A001188,A000380,938,2026-07-01T08:19:05,UPI,success
T0001925,A001175,A000254,91,2026-07-01T08:19:46,NEFT,success
T0005532,A000370,A000227,3128,2026-07-01T08:21:51,UPI,success
T0002894,A001042,A001263,775,2026-07-01T08:24:28,NEFT,success
T0002564,A000089,A000158,166,2026-07-01T08:27:45,NEFT,success
T0004113,A001282,A000629,1007,2026-07-01T08:37:26,NEFT,success
T0004654,A001230,A000439,626,2026-07-01T08:39:15,NEFT,success
T0010429,A000317,A001267,780,2026-07-01T08:39:32,IMPS,success
T0009497,A001259,A000583,877,2026-07-01T08:43:43,NEFT,success
T0009757,A001287,A000302,334,2026-07-01T08:43:50,NEFT,success
T0005197,A000259,A000607,591,2026-07-01T08:44:42,UPI,success
T0002416,A001045,A000306,790,2026-07-01T08:46:21,UPI,success
T0011122,A000318,A000662,1475,2026-07-01T08:50:51,IMPS,success
T0005492,A000562,A000862,6686,2026-07-01T08:56:13,NEFT,success
T0012396,A001050,A000581,3252,2026-07-01T08:57:12,NEFT,success
T0013891,A000738,A001355,6583,2026-07-01T09:01:08,NEFT,success
T0009566,A000189,A000512,1712,2026-07-01T09:02:53,IMPS,success
T0013595,A000465,A000924,9799,2026-07-01T09:11:13,UPI,success
T0008902,A000389,A000117,754,2026-07-01T09:12:38,NEFT,success
T0002762,A000323,A000968,44596,2026-07-01T09:13:34,UPI,success
T0002879,A000067,A000335,7333,2026-07-01T09:16:17,UPI,success
T0002210,A000985,A000584,50,2026-07-01T09:18:13,UPI,success
T0002864,A000212,A000936,2951,2026-07-01T09:18:53,UPI,success
T0006849,A000103,A000464,9531,2026-07-01T09:20:06,NEFT,success
T0000427,A001118,A000762,37247,2026-07-01T09:22:39,NEFT,success
T0011363,A000335,A000003,11489,2026-07-01T09:24:29,IMPS,success
T0003565,A000670,A000549,27625,2026-07-01T09:26:16,NEFT,success
T0000177,A000832,A000359,1924,2026-07-01T09:26:34,UPI,success
T0004022,A000691,A001000,156,2026-07-01T09:26:34,UPI,success
T0006350,A000674,A000033,35000,2026-07-01T09:27:46,IMPS,success
T0007786,A000650,A000162,4357,2026-07-01T09:33:42,UPI,success
T0011679,A000136,A001105,1357,2026-07-01T09:35:00,IMPS,success
T0007381,A000390,A000591,458,2026-07-01T09:36:39,IMPS,success
T0014392,A000853,A000778,175,2026-07-01T09:40:02,UPI,success
T0014362,A000311,A000599,3301,2026-07-01T09:40:56,NEFT,success
T0004271,A001325,A001212,674,2026-07-01T09:41:47,UPI,success
T0012935,A000496,A000882,19349,2026-07-01T09:42:38,NEFT,success
T0003913,A001334,A000459,65000,2026-07-01T09:44:07,UPI,success
T0013247,A001297,A000399,384,2026-07-01T09:46:26,UPI,success
T0002239,A000214,A000679,1223,2026-07-01T09:49:09,UPI,success
T0009092,A000946,A000044,589,2026-07-01T09:49:32,IMPS,success
T0006354,A000035,A000156,25000,2026-07-01T09:52:50,IMPS,success
T0000092,A001451,A001448,122641,2026-07-01T09:53:42,IMPS,success
T0008696,A000192,A000665,50000,2026-07-01T09:53:54,IMPS,success
T0004179,A000642,A000366,15420,2026-07-01T09:56:48,UPI,success
T0001270,A000741,A001375,764,2026-07-01T10:01:00,IMPS,success
T0012275,A000689,A000379,21998,2026-07-01T10:02:16,NEFT,success
T0006453,A000279,A000346,1945,2026-07-01T10:02:21,IMPS,success
T0007376,A000547,A000615,16426,2026-07-01T10:02:38,UPI,success
T0006818,A001230,A001149,30362,2026-07-01T10:02:46,NEFT,success
T0010965,A000469,A001107,50000,2026-07-01T10:02:47,IMPS,success
T0005320,A000617,A000600,65000,2026-07-01T10:04:54,UPI,success
T0000570,A000319,A000651,15000,2026-07-01T10:06:16,UPI,success
T0000185,A001200,A001363,65000,2026-07-01T10:08:34,IMPS,success
T0003630,A000031,A001298,1563,2026-07-01T10:11:19,UPI,success
T0012294,A000666,A001115,1052,2026-07-01T10:11:52,UPI,success
T0002682,A000414,A000748,50000,2026-07-01T10:12:53,UPI,success
T0011284,A001128,A000645,307,2026-07-01T10:14:22,NEFT,success
T0014579,A001119,A000993,65000,2026-07-01T10:15:36,NEFT,success
T0011893,A000247,A001223,199,2026-07-01T10:18:19,NEFT,success
T0000473,A001372,A000213,753,2026-07-01T10:20:36,UPI,success
T0009778,A001249,A000250,65000,2026-07-01T10:22:21,UPI,success
T0002388,A000227,A000071,89061,2026-07-01T10:26:52,UPI,success
T0011682,A001234,A000150,577,2026-07-01T10:29:32,UPI,success
T0012727,A001278,A000302,1375,2026-07-01T10:32:13,UPI,success
T0003410,A000029,A000978,609,2026-07-01T10:34:56,UPI,success
T0005972,A000843,A001204,1430,2026-07-01T10:37:21,NEFT,success
T0000985,A000957,A000847,25000,2026-07-01T10:38:35,UPI,success
T0000826,A000956,A000363,2774,2026-07-01T10:48:11,IMPS,success
T0012217,A000821,A000242,655,2026-07-01T10:51:21,UPI,success
T0000634,A001130,A000595,750,2026-07-01T10:52:54,NEFT,success
T0003506,A000683,A001213,64047,2026-07-01T10:53:40,UPI,success
T0007702,A000995,A000218,177,2026-07-01T10:53:40,UPI,success
T0009395,A000018,A001121,1052,2026-07-01T10:56:23,UPI,success
T0009664,A001256,A000997,473,2026-07-01T10:57:05,IMPS,success
T0001452,A001043,A001145,399,2026-07-01T11:00:10,IMPS,success
T0008840,A000118,A001166,11845,2026-07-01T11:06:23,IMPS,success
T0009531,A000783,A000973,9567,2026-07-01T11:07:07,IMPS,success
T0014389,A000651,A000631,52986,2026-07-01T11:12:23,NEFT,success
T0014086,A000646,A000824,335,2026-07-01T11:16:31,NEFT,success
T0003877,A000235,A000274,546,2026-07-01T11:17:45,NEFT,success
T0007793,A000714,A000346,1569,2026-07-01T11:17:58,UPI,success
T0001072,A000662,A000857,141,2026-07-01T11:19:50,IMPS,success
T0006051,A000217,A000070,35000,2026-07-01T11:24:58,UPI,success
T0007124,A001024,A000207,65000,2026-07-01T11:30:00,NEFT,success
T0003117,A000885,A000753,867,2026-07-01T11:30:40,NEFT,success
T0006676,A000446,A001144,1932,2026-07-01T11:33:42,IMPS,success
T0009083,A000875,A000137,35000,2026-07-01T11:37:32,IMPS,success
T0012630,A000233,A000503,223,2026-07-01T11:39:16,NEFT,success
T0005353,A001235,A000935,1811,2026-07-01T11:40:35,UPI,success
T0011818,A000479,A000164,65000,2026-07-01T11:48:00,UPI,success
T0014075,A001101,A000505,14394,2026-07-01T11:48:31,IMPS,success
T0011322,A000441,A001032,33400,2026-07-01T11:50:12,UPI,success
T0009756,A000038,A000340,11913,2026-07-01T11:50:56,NEFT,success
T0009879,A000082,A000074,402,2026-07-01T11:53:36,NEFT,success
T0003938,A000324,A001043,4765,2026-07-01T11:56:15,UPI,success
T0011212,A000573,A000633,123,2026-07-01T11:59:00,NEFT,success
T0002557,A000002,A001201,38353,2026-07-01T11:59:24,UPI,failed
T0002334,A000853,A000665,5720,2026-07-01T11:59:26,IMPS,success
T0005002,A000643,A001089,645,2026-07-01T12:04:59,UPI,success
T0000790,A000882,A000061,1681,2026-07-01T12:07:12,IMPS,success
T0007706,A001227,A000743,357,2026-07-01T12:12:02,IMPS,success
T0006881,A000902,A001084,1015,2026-07-01T12:13:11,IMPS,success
T0000051,A001389,A001382,226707,2026-07-01T12:18:09,IMPS,success
T0012289,A000404,A000318,206,2026-07-01T12:18:27,UPI,success
T0011379,A001339,A001155,281,2026-07-01T12:18:50,NEFT,success
T0011661,A001311,A000615,493,2026-07-01T12:19:01,NEFT,success
T0005076,A000744,A001102,25596,2026-07-01T12:23:31,NEFT,success
T0007340,A000374,A000225,4288,2026-07-01T12:23:54,UPI,success
T0009429,A001369,A000389,36799,2026-07-01T12:24:22,IMPS,success
T0006375,A000068,A000973,13460,2026-07-01T12:24:59,IMPS,success
T0004722,A000815,A000129,684,2026-07-01T12:25:39,UPI,success
T0008333,A001220,A000200,275,2026-07-01T12:26:27,NEFT,success
T0006339,A000804,A001364,290,2026-07-01T12:28:44,NEFT,success
T0004802,A001120,A001219,514,2026-07-01T12:30:28,IMPS,success
T0003093,A000985,A000614,24936,2026-07-01T12:31:24,NEFT,success
T0007611,A001133,A000242,65000,2026-07-01T12:32:30,NEFT,success
T0012290,A001225,A001000,1437,2026-07-01T12:32:37,IMPS,success
T0000958,A000470,A001027,15000,2026-07-01T12:36:31,IMPS,success
T0006477,A000627,A001239,15000,2026-07-01T12:37:14,IMPS,success
T0013040,A000504,A001250,25000,2026-07-01T12:38:56,NEFT,success
T0003815,A000352,A000453,21186,2026-07-01T12:42:09,UPI,success
T0012930,A000501,A000194,1048,2026-07-01T12:42:57,IMPS,success
T0008818,A001083,A000757,1050,2026-07-01T12:50:41,NEFT,success
T0010496,A000193,A000093,239,2026-07-01T12:51:06,IMPS,failed
T0009181,A000404,A000041,20583,2026-07-01T12:53:05,IMPS,success
T0002361,A000247,A000201,17975,2026-07-01T12:53:57,IMPS,success
T0008318,A000358,A000787,70417,2026-07-01T12:54:41,IMPS,success
T0012455,A000274,A000319,1731,2026-07-01T13:01:02,NEFT,success
T0005792,A000138,A000353,50000,2026-07-01T13:01:34,NEFT,success
T0002804,A000245,A000916,47312,2026-07-01T13:04:33,IMPS,success
T0003412,A000176,A001332,638,2026-07-01T13:04:56,NEFT,success
T0000573,A000862,A000156,50000,2026-07-01T13:06:18,NEFT,success
T0007927,A000335,A000983,4280,2026-07-01T13:06:49,UPI,success
T0011099,A001067,A001312,1227,2026-07-01T13:11:36,UPI,success
T0001177,A000409,A000219,35000,2026-07-01T13:13:03,IMPS,success
T0008563,A001240,A000558,9000,2026-07-01T13:14:35,UPI,success
T0000713,A000598,A000569,594,2026-07-01T13:22:30,UPI,success
T0002612,A000818,A000816,80000,2026-07-01T13:26:41,UPI,success
T0011972,A001120,A000847,1256,2026-07-01T13:27:12,UPI,success
T0002966,A001016,A000021,727,2026-07-01T13:28:03,IMPS,failed
T0002411,A000214,A001178,1244,2026-07-01T13:46:48,IMPS,success
T0006604,A000533,A000394,353,2026-07-01T13:49:19,NEFT,success
T0013562,A000816,A001257,65000,2026-07-01T13:50:43,IMPS,success
T0014719,A000864,A001245,691,2026-07-01T13:58:00,IMPS,success
T0013173,A000399,A000092,3201,2026-07-01T13:58:47,NEFT,success
T0011717,A000530,A001043,386,2026-07-01T14:00:02,NEFT,success
T0007338,A000774,A000420,883,2026-07-01T14:00:16,IMPS,success
T0007509,A000532,A000063,80000,2026-07-01T14:08:03,UPI,success
T0011891,A001020,A000734,25000,2026-07-01T14:08:47,UPI,success
T0014390,A000797,A000094,30916,2026-07-01T14:11:26,UPI,success
T0007972,A000945,A001185,50000,2026-07-01T14:16:32,IMPS,success
T0013315,A000593,A000191,1110,2026-07-01T14:16:38,IMPS,success
T0004472,A000590,A000660,2009,2026-07-01T14:23:08,NEFT,success
T0013884,A000119,A000929,18372,2026-07-01T14:24:52,IMPS,success
T0008807,A000352,A000344,65738,2026-07-01T14:26:55,NEFT,success
T0010260,A000145,A000188,1469,2026-07-01T14:31:16,NEFT,success
T0006758,A001308,A000257,4734,2026-07-01T14:40:26,NEFT,success
T0000701,A000776,A000202,263,2026-07-01T14:40:52,IMPS,success
T0013847,A000124,A000944,5834,2026-07-01T14:45:10,NEFT,success
T0000050,A001447,A001393,274413,2026-07-01T14:45:30,UPI,success
T0013363,A000099,A000478,423,2026-07-01T14:46:33,NEFT,success
T0005996,A000660,A000856,710,2026-07-01T14:47:43,IMPS,success
T0014688,A000210,A000952,8165,2026-07-01T14:52:51,UPI,success
T0009159,A000613,A001310,9859,2026-07-01T14:53:28,NEFT,success
T0004339,A000836,A000481,1087,2026-07-01T14:54:24,NEFT,success
T0010997,A000297,A000695,57475,2026-07-01T14:56:58,NEFT,failed
T0007279,A000200,A000478,879,2026-07-01T14:57:28,IMPS,success
T0000655,A001082,A000697,676,2026-07-01T15:00:48,NEFT,success
T0013561,A000538,A001254,80000,2026-07-01T15:05:47,IMPS,success
T0013178,A000381,A000709,26860,2026-07-01T15:07:12,NEFT,success
T0007563,A000814,A000172,1051,2026-07-01T15:13:51,NEFT,success
T0010818,A001145,A000025,1718,2026-07-01T15:14:09,NEFT,success
T0008919,A000145,A000165,50017,2026-07-01T15:18:57,NEFT,success
T0010702,A000840,A001320,1996,2026-07-01T15:20:59,NEFT,success
T0008733,A000944,A000108,5499,2026-07-01T15:21:14,IMPS,success
T0002137,A001183,A000284,46179,2026-07-01T15:28:15,UPI,success
T0000590,A000043,A000726,1980,2026-07-01T15:28:39,UPI,success
T0006950,A000028,A000127,1261,2026-07-01T15:30:13,NEFT,success
T0001052,A001033,A001214,40382,2026-07-01T15:30:54,NEFT,success
T0001304,A000442,A000167,13035,2026-07-01T15:31:29,UPI,success
T0008046,A000384,A001200,1216,2026-07-01T15:32:17,UPI,success
T0002237,A000799,A001063,48007,2026-07-01T15:35:06,UPI,success
T0003484,A000171,A000568,312,2026-07-01T15:37:59,NEFT,success
T0000633,A000142,A000988,757,2026-07-01T15:38:13,IMPS,success
T0013404,A000331,A001278,739,2026-07-01T15:46:15,NEFT,success
T0003932,A000952,A001096,1417,2026-07-01T15:54:23,IMPS,success
T0001667,A000429,A001188,2060,2026-07-01T15:57:18,NEFT,success
T0003622,A001312,A000246,30297,2026-07-01T15:58:45,NEFT,success
T0006880,A000624,A001377,1305,2026-07-01T15:59:40,IMPS,success
T0003002,A000909,A001313,50940,2026-07-01T16:02:00,IMPS,success
T0001280,A000087,A000474,582,2026-07-01T16:02:02,NEFT,success
T0013089,A001222,A000795,25000,2026-07-01T16:06:13,IMPS,success
T0012241,A000754,A000031,1826,2026-07-01T16:07:49,UPI,success
T0001389,A000971,A000925,328,2026-07-01T16:11:34,IMPS,success
T0012965,A000201,A000930,1438,2026-07-01T16:12:28,IMPS,success
T0002253,A000669,A000762,587,2026-07-01T16:14:28,IMPS,success
T0001003,A000044,A000635,50049,2026-07-01T16:15:40,NEFT,success
T0003601,A000461,A000307,1464,2026-07-01T16:18:25,IMPS,success
T0012984,A000219,A001207,9000,2026-07-01T16:19:45,UPI,success
T0009754,A000860,A001087,23511,2026-07-01T16:20:13,UPI,success
T0006821,A000044,A001115,54845,2026-07-01T16:21:08,IMPS,success
T0009514,A000083,A001155,69292,2026-07-01T16:22:32,IMPS,success
T0003029,A000579,A000416,14584,2026-07-01T16:23:03,NEFT,success
T0005225,A000985,A000283,1088,2026-07-01T16:23:44,UPI,success
T0013380,A001201,A000113,1745,2026-07-01T16:25:44,NEFT,success
T0001426,A000389,A000788,1709,2026-07-01T16:31:03,IMPS,success
T0013245,A001379,A000205,392,2026-07-01T16:31:19,UPI,success
T0000464,A000978,A001189,1511,2026-07-01T16:34:04,IMPS,success
T0002353,A000561,A000610,435,2026-07-01T16:35:45,IMPS,success
T0009865,A000111,A001044,5959,2026-07-01T16:40:00,NEFT,success
T0000707,A000757,A000804,5110,2026-07-01T16:41:39,IMPS,success
T0004405,A001067,A000120,50000,2026-07-01T16:47:09,UPI,success
T0001360,A001328,A000480,27305,2026-07-01T16:51:54,UPI,success
T0001734,A001164,A000026,2283,2026-07-01T16:53:34,IMPS,success
T0012877,A000628,A000856,554,2026-07-01T16:55:40,IMPS,success
T0006255,A001066,A000773,5000,2026-07-01T17:09:33,UPI,success
T0004052,A000047,A000499,4611,2026-07-01T17:10:08,UPI,failed
T0005285,A000018,A001025,2707,2026-07-01T17:11:19,UPI,success
T0002191,A000788,A000360,239,2026-07-01T17:16:50,IMPS,success
T0008334,A001009,A000640,1964,2026-07-01T17:29:12,IMPS,success
T0009693,A000224,A001091,615,2026-07-01T17:32:46,IMPS,success
T0002302,A000123,A000743,136,2026-07-01T17:33:10,UPI,success
T0011956,A001083,A000575,27776,2026-07-01T17:40:51,NEFT,success
T0000492,A001196,A000446,65000,2026-07-01T17:45:02,IMPS,success
T0003188,A000068,A000483,334,2026-07-01T17:45:26,IMPS,success
T0006393,A000391,A000460,780,2026-07-01T17:50:01,IMPS,success
T0004067,A000029,A001009,1176,2026-07-01T17:51:32,NEFT,success
T0001015,A001141,A000085,17045,2026-07-01T17:53:36,NEFT,success
T0011597,A000010,A000125,1279,2026-07-01T17:56:56,IMPS,success
T0007641,A000249,A001279,80000,2026-07-01T17:57:38,UPI,success
T0001085,A000220,A001043,80000,2026-07-01T18:02:18,IMPS,success
T0006902,A000474,A000666,422,2026-07-01T18:04:43,UPI,success
T0008872,A000309,A000453,117019,2026-07-01T18:05:41,UPI,success
T0005701,A000430,A001305,8640,2026-07-01T18:06:18,UPI,success
T0011059,A000442,A000877,948,2026-07-01T18:06:27,UPI,success
T0008621,A000803,A001075,614,2026-07-01T18:08:17,IMPS,success
T0001480,A000446,A000197,637,2026-07-01T18:15:53,UPI,success
T0009449,A000840,A000846,2949,2026-07-01T18:19:59,IMPS,success
T0004012,A001054,A001362,2210,2026-07-01T18:20:07,IMPS,success
T0004800,A000312,A000432,13449,2026-07-01T18:26:24,IMPS,success
T0005533,A000304,A000552,624,2026-07-01T18:28:33,NEFT,success
T0006372,A001258,A001268,80000,2026-07-01T18:32:46,NEFT,success
T0000023,A001420,A001393,83584,2026-07-01T18:33:54,UPI,success
T0007146,A001374,A001325,35000,2026-07-01T18:35:47,UPI,success
T0005205,A001251,A000144,122075,2026-07-01T18:38:48,NEFT,success
T0004238,A000158,A001026,65000,2026-07-01T18:39:02,UPI,success
T0000891,A000345,A000058,33584,2026-07-01T18:47:08,NEFT,success
T0010473,A000221,A000593,35000,2026-07-01T18:55:14,IMPS,success
T0014018,A000362,A001169,5910,2026-07-01T18:57:46,UPI,success
T0001483,A000844,A000674,1196,2026-07-01T18:58:00,IMPS,success
T0014445,A000955,A000383,1275,2026-07-01T19:00:31,UPI,success
T0009002,A001354,A001015,277,2026-07-01T19:00:35,NEFT,success
T0003777,A000981,A001113,60702,2026-07-01T19:00:47,NEFT,success
T0011205,A000267,A001189,13256,2026-07-01T19:04:44,IMPS,success
T0013900,A000494,A000948,2532,2026-07-01T19:06:14,NEFT,success
T0003509,A000188,A001136,23130,2026-07-01T19:11:14,NEFT,success
T0013512,A000683,A000109,998,2026-07-01T19:12:21,UPI,success
T0010050,A000496,A000549,721,2026-07-01T19:14:03,NEFT,success
T0005735,A000277,A000154,80000,2026-07-01T19:16:21,UPI,success
T0006075,A000916,A000328,1161,2026-07-01T19:18:39,IMPS,success
T0001687,A000598,A001045,258,2026-07-01T19:21:18,NEFT,success
T0014535,A001098,A001041,13204,2026-07-01T19:24:45,NEFT,failed
T0005081,A000831,A001016,18717,2026-07-01T19:27:41,UPI,success
T0009171,A001024,A000562,441,2026-07-01T19:28:09,NEFT,success
T0007456,A000391,A000716,266,2026-07-01T19:34:03,UPI,success
T0011621,A001341,A000163,763,2026-07-01T19:35:29,NEFT,success
T0011873,A000487,A001356,1263,2026-07-01T19:40:12,IMPS,success
T0007753,A001253,A001067,826,2026-07-01T19:40:28,IMPS,success
T0004033,A001287,A000837,1215,2026-07-01T19:42:24,UPI,success
T0001169,A001055,A000431,650,2026-07-01T19:46:32,UPI,success
T0008411,A001272,A001222,50000,2026-07-01T19:47:52,IMPS,success
T0004051,A001097,A000455,16689,2026-07-01T19:50:18,IMPS,success
T0005891,A000241,A001164,457,2026-07-01T19:50:43,IMPS,success
T0009935,A001271,A001177,11454,2026-07-01T19:57:20,UPI,success
T0006351,A001315,A001302,1901,2026-07-01T19:58:37,NEFT,failed
T0003260,A000553,A000176,18690,2026-07-01T19:58:45,UPI,success
T0013599,A000898,A000541,15000,2026-07-01T19:58:58,UPI,success
T0005675,A000854,A000765,1777,2026-07-01T20:02:15,NEFT,success
T0011684,A000570,A001197,25000,2026-07-01T20:03:16,NEFT,success
T0000631,A000880,A001129,1081,2026-07-01T20:10:10,UPI,success
T0012834,A001080,A000004,42279,2026-07-01T20:13:07,NEFT,success
T0000058,A001396,A001382,163324,2026-07-01T20:18:09,IMPS,success
T0008310,A001207,A000562,4112,2026-07-01T20:19:02,IMPS,success
T0011189,A000685,A001250,4164,2026-07-01T20:21:39,NEFT,success
T0013995,A000059,A000910,923,2026-07-01T20:22:35,IMPS,success
T0014912,A000468,A000897,10998,2026-07-01T20:29:38,NEFT,success
T0004345,A001297,A000945,900,2026-07-01T20:29:47,NEFT,success
T0014210,A000802,A001023,371,2026-07-01T20:29:57,UPI,success
T0013431,A000360,A000445,3161,2026-07-01T20:30:09,IMPS,success
T0010688,A000656,A000841,351,2026-07-01T20:32:29,IMPS,success
T0001756,A000785,A000868,15861,2026-07-01T20:33:08,IMPS,success
T0001688,A000614,A000426,724,2026-07-01T20:34:42,IMPS,success
T0002444,A001147,A000682,4824,2026-07-01T20:39:05,NEFT,success
T0010670,A000021,A001201,35000,2026-07-01T20:42:07,UPI,success
T0006311,A000285,A001239,423,2026-07-01T20:49:07,IMPS,success
T0009063,A000785,A000669,40375,2026-07-01T20:51:18,UPI,success
T0013631,A000356,A000612,825,2026-07-01T20:54:47,NEFT,success
T0003914,A000368,A000324,20249,2026-07-01T20:55:05,NEFT,success
T0003552,A000644,A000603,723,2026-07-01T20:56:41,UPI,success
T0005041,A001300,A000133,1372,2026-07-01T21:01:31,IMPS,success
T0011321,A000129,A000056,958,2026-07-01T21:02:49,UPI,success
T0013467,A000695,A000093,25000,2026-07-01T21:15:34,UPI,success
T0000665,A000095,A000293,776,2026-07-01T21:22:09,UPI,success
T0004984,A001279,A000849,35000,2026-07-01T21:22:49,IMPS,success
T0006626,A000133,A000319,698,2026-07-01T21:28:23,IMPS,success
T0007043,A000207,A000984,24470,2026-07-01T21:29:01,IMPS,success
T0010886,A001308,A000146,379,2026-07-01T21:29:49,NEFT,success
T0002510,A000038,A000374,563,2026-07-01T21:29:50,NEFT,success
T0004445,A000201,A000975,282,2026-07-01T21:31:22,IMPS,success
T0005788,A000859,A000221,647,2026-07-01T21:32:21,NEFT,success
T0005767,A000319,A001367,15000,2026-07-01T21:37:03,IMPS,success
T0009426,A000860,A000041,53319,2026-07-01T21:37:42,IMPS,success
T0012300,A000851,A000257,14852,2026-07-01T21:45:47,NEFT,success
T0000274,A000056,A001328,1965,2026-07-01T21:46:03,IMPS,success
T0001279,A001029,A001324,1815,2026-07-01T21:50:14,NEFT,success
T0007075,A000151,A000505,1424,2026-07-01T21:52:20,UPI,success
T0005719,A000881,A000324,15000,2026-07-01T21:53:39,UPI,success
T0000777,A000555,A000020,25000,2026-07-01T21:59:59,IMPS,success
T0000523,A000019,A000934,80000,2026-07-01T22:00:22,UPI,success
T0010943,A000215,A000058,553,2026-07-01T22:01:17,IMPS,success
T0008619,A000846,A001171,505,2026-07-01T22:01:20,UPI,success
T0002350,A000491,A001045,2535,2026-07-01T22:03:05,IMPS,failed
T0013907,A001197,A001170,12823,2026-07-01T22:12:39,NEFT,success
T0010930,A000759,A000559,1154,2026-07-01T22:12:53,IMPS,success
T0014678,A000210,A000062,581,2026-07-01T22:13:51,NEFT,success
T0003139,A000505,A000222,43202,2026-07-01T22:14:09,UPI,success
T0004307,A001379,A000097,50000,2026-07-01T22:18:08,IMPS,success
T0012362,A001367,A001380,711,2026-07-01T22:20:05,IMPS,success
T0009502,A000659,A000466,65000,2026-07-01T22:20:46,UPI,success
T0001530,A000934,A000059,25000,2026-07-01T22:25:04,IMPS,success
T0008680,A000006,A000404,34189,2026-07-01T22:31:47,IMPS,success
T0006511,A000599,A000357,545,2026-07-01T22:33:01,IMPS,success
T0014880,A001115,A000438,50000,2026-07-01T22:33:12,NEFT,failed
T0014539,A000429,A001311,25000,2026-07-01T22:36:32,NEFT,success
T0010457,A001104,A000396,22712,2026-07-01T22:43:14,NEFT,success
T0014684,A000466,A001301,152,2026-07-01T22:49:23,UPI,success
T0000010,A001407,A001389,276265,2026-07-01T22:50:09,UPI,success
T0002798,A001093,A000138,510,2026-07-01T22:51:33,IMPS,success
T0014584,A000002,A000273,582,2026-07-01T22:52:36,NEFT,success
T0014465,A000308,A000099,27708,2026-07-01T22:55:48,UPI,success
T0000688,A000147,A000394,25000,2026-07-01T22:56:16,NEFT,success
T0006859,A000990,A000517,1869,2026-07-01T22:57:00,NEFT,success
T0009717,A000917,A000950,6230,2026-07-01T23:01:48,NEFT,success
T0011864,A001380,A000793,11858,2026-07-01T23:06:04,UPI,success
T0002920,A000148,A000834,25000,2026-07-01T23:07:21,IMPS,success
T0000435,A000084,A000739,1025,2026-07-01T23:09:38,NEFT,success
T0002501,A000329,A000991,796,2026-07-01T23:13:24,UPI,success
T0005160,A000755,A000230,468,2026-07-01T23:14:09,UPI,success
T0011073,A000049,A000032,973,2026-07-01T23:16:35,IMPS,success
T0006839,A000104,A000993,8323,2026-07-01T23:21:21,NEFT,success
T0001695,A000301,A000893,261,2026-07-01T23:24:18,UPI,success
T0011781,A000625,A000584,436,2026-07-01T23:24:45,NEFT,success
T0006030,A000281,A000362,740,2026-07-01T23:24:48,NEFT,success
T0003326,A000846,A001319,65000,2026-07-01T23:26:04,IMPS,success
T0011931,A000066,A000946,417,2026-07-01T23:27:38,UPI,success
T0004275,A001205,A000158,1457,2026-07-01T23:27:44,NEFT,success
T0007153,A001028,A000302,5000,2026-07-01T23:34:36,NEFT,success
T0002355,A000580,A001237,2198,2026-07-01T23:35:26,NEFT,success
T0008198,A000500,A000703,5000,2026-07-01T23:37:39,NEFT,success
T0004656,A000155,A000068,17981,2026-07-01T23:47:35,NEFT,success
T0008976,A000483,A000497,1574,2026-07-01T23:48:39,UPI,success
T0008828,A001063,A000772,13369,2026-07-01T23:54:18,UPI,success
T0014359,A000364,A000565,24437,2026-07-01T23:56:18,NEFT,success
T0014795,A000493,A000706,35000,2026-07-01T23:59:12,NEFT,success
T0014745,A000788,A001294,1876,2026-07-02T00:01:17,NEFT,success
T0003553,A001091,A000970,1082,2026-07-02T00:04:16,UPI,success
T0003902,A000954,A000904,65000,2026-07-02T00:05:21,IMPS,success
T0011398,A001044,A001067,80000,2026-07-02T00:06:13,IMPS,success
T0003555,A000323,A000393,1582,2026-07-02T00:11:10,IMPS,failed
T0012325,A000271,A000563,12085,2026-07-02T00:13:12,UPI,success
T0000057,A001395,A001382,381964,2026-07-02T00:18:09,IMPS,success
T0005823,A000508,A000710,121,2026-07-02T00:18:53,IMPS,success
T0001881,A000734,A001010,493,2026-07-02T00:19:18,UPI,success
T0006108,A001071,A000534,3038,2026-07-02T00:19:19,NEFT,success
T0004482,A001273,A000546,104341,2026-07-02T00:28:51,UPI,success
T0006388,A000318,A001077,14066,2026-07-02T00:29:07,IMPS,failed
T0013587,A000879,A001285,1136,2026-07-02T00:29:15,IMPS,success
T0005275,A001337,A000808,72669,2026-07-02T00:32:38,IMPS,success
T0008782,A000834,A000161,15000,2026-07-02T00:34:54,IMPS,success
T0006156,A000626,A000640,1096,2026-07-02T00:37:27,UPI,success
T0010734,A001053,A001037,1600,2026-07-02T00:41:47,NEFT,success
T0007734,A000140,A001081,16223,2026-07-02T00:43:34,IMPS,success
T0007265,A000528,A001287,521,2026-07-02T00:44:04,UPI,success
T0008342,A001359,A000232,2037,2026-07-02T00:48:16,NEFT,success
T0014516,A000397,A001367,5998,2026-07-02T00:53:40,NEFT,success
T0008287,A000749,A000996,5000,2026-07-02T00:54:55,IMPS,success
T0005807,A000813,A000672,15000,2026-07-02T00:57:03,UPI,success
T0013810,A000076,A001280,138,2026-07-02T00:58:18,UPI,success
T0007958,A000310,A000065,34414,2026-07-02T00:59:44,IMPS,success
T0010947,A000427,A000214,1057,2026-07-02T00:59:52,UPI,success
T0013572,A001238,A000605,2503,2026-07-02T01:00:32,IMPS,success
T0001641,A000996,A001151,246,2026-07-02T01:00:57,UPI,success
T0007332,A000955,A000730,919,2026-07-02T01:02:52,IMPS,success
T0013796,A000550,A000271,5000,2026-07-02T01:03:37,NEFT,success
T0005550,A000749,A000568,2439,2026-07-02T01:05:45,UPI,success
T0007116,A000900,A000757,675,2026-07-02T01:06:24,IMPS,success
T0009239,A001268,A000527,507,2026-07-02T01:08:09,UPI,success
T0006883,A000977,A000284,1521,2026-07-02T01:10:37,IMPS,success
T0007470,A001111,A001121,209,2026-07-02T01:11:19,NEFT,success
T0008162,A000340,A001296,506,2026-07-02T01:11:55,UPI,success
T0001117,A001358,A000449,6809,2026-07-02T01:12:13,IMPS,success
T0006810,A000535,A000438,449,2026-07-02T01:17:38,NEFT,success
T0003790,A000673,A001378,17787,2026-07-02T01:19:12,IMPS,success
T0006647,A001264,A000649,1870,2026-07-02T01:19:38,NEFT,success
T0001561,A000198,A000889,476,2026-07-02T01:21:34,UPI,success
T0007552,A001264,A000914,35000,2026-07-02T01:25:11,NEFT,success
T0009739,A001233,A000134,1106,2026-07-02T01:26:14,UPI,success
T0003369,A000446,A000213,2275,2026-07-02T01:36:38,UPI,success
T0004655,A001363,A000978,1502,2026-07-02T01:41:45,IMPS,success
T0002550,A000144,A000055,35000,2026-07-02T01:44:36,IMPS,success
T0008745,A000565,A000846,718,2026-07-02T01:44:38,NEFT,success
T0001534,A001321,A000938,37287,2026-07-02T01:44:58,UPI,success
T0011344,A001347,A000547,13758,2026-07-02T01:46:44,UPI,success
T0001697,A000988,A000869,1232,2026-07-02T01:47:30,IMPS,success
T0001400,A001300,A000106,1199,2026-07-02T01:55:48,UPI,success
T0005190,A000732,A001327,50000,2026-07-02T01:56:18,IMPS,success
T0010553,A000326,A000227,15000,2026-07-02T01:59:12,NEFT,success
T0001337,A000658,A001204,320,2026-07-02T02:00:37,UPI,success
T0012151,A000846,A000232,2290,2026-07-02T02:05:18,IMPS,success
T0014713,A000206,A000643,534,2026-07-02T02:05:55,UPI,success
T0009690,A000570,A000304,2435,2026-07-02T02:14:25,UPI,success
T0003396,A001276,A000206,50000,2026-07-02T02:24:15,IMPS,success
T0003037,A001172,A000249,1027,2026-07-02T02:25:34,IMPS,success
T0007378,A000868,A000748,1187,2026-07-02T02:26:26,NEFT,success
T0007530,A000765,A000209,15000,2026-07-02T02:27:15,NEFT,success
T0009863,A000279,A001213,1479,2026-07-02T02:36:15,NEFT,success
T0009723,A001102,A001049,3172,2026-07-02T02:39:15,UPI,success
T0000832,A000682,A000313,377,2026-07-02T02:46:40,NEFT,success
T0007982,A001343,A000713,10960,2026-07-02T02:46:46,NEFT,success
T0009755,A000880,A000071,188539,2026-07-02T02:47:09,IMPS,success
T0012765,A000410,A001226,726,2026-07-02T02:49:06,UPI,success
T0003924,A001181,A000102,460,2026-07-02T02:49:36,NEFT,failed
T0011489,A001305,A000405,210,2026-07-02T02:53:58,IMPS,success
T0006523,A000115,A000898,35000,2026-07-02T02:56:55,IMPS,success
T0011993,A001169,A000681,541,2026-07-02T03:04:02,UPI,success
T0010070,A000677,A001139,1924,2026-07-02T03:06:24,IMPS,success
T0001745,A000134,A000992,365,2026-07-02T03:09:20,IMPS,success
T0008076,A000480,A000190,13198,2026-07-02T03:09:50,NEFT,success
T0008848,A000991,A000346,5000,2026-07-02T03:09:56,NEFT,success
T0012291,A000782,A001074,7003,2026-07-02T03:16:29,NEFT,success
T0001663,A000033,A000540,330,2026-07-02T03:17:40,NEFT,success
T0005622,A001165,A001003,13652,2026-07-02T03:20:56,UPI,success
T0003161,A000727,A000824,736,2026-07-02T03:21:50,IMPS,success
T0003458,A000427,A000383,511,2026-07-02T03:22:04,NEFT,success
T0009270,A000020,A000726,25000,2026-07-02T03:23:16,NEFT,success
T0005845,A000630,A000554,8830,2026-07-02T03:26:45,NEFT,success
T0007414,A001126,A000594,687,2026-07-02T03:27:36,UPI,success
T0012581,A000593,A000732,857,2026-07-02T03:27:55,IMPS,success
T0007537,A000404,A000700,34796,2026-07-02T03:33:17,IMPS,success
T0009279,A001123,A000189,11712,2026-07-02T03:37:48,IMPS,success
T0005457,A000170,A000781,33390,2026-07-02T03:38:22,IMPS,failed
T0007818,A000150,A000911,75916,2026-07-02T03:39:40,IMPS,success
T0013539,A001118,A000561,1174,2026-07-02T03:42:32,NEFT,success
T0011890,A000006,A001327,50000,2026-07-02T03:43:10,NEFT,success
T0005736,A000839,A000871,15000,2026-07-02T03:44:03,NEFT,success
T0014916,A001088,A001224,47043,2026-07-02T03:48:24,UPI,failed
T0001802,A000125,A000352,838,2026-07-02T03:50:04,NEFT,success
T0000105,A001496,A001481,19780,2026-07-02T03:54:46,UPI,success
T0014243,A000827,A001296,10831,2026-07-02T04:00:10,UPI,success
T0014108,A001064,A001023,35000,2026-07-02T04:02:44,NEFT,success
T0002889,A000568,A000873,28913,2026-07-02T04:07:02,IMPS,success
T0008747,A000125,A000715,1921,2026-07-02T04:11:06,IMPS,success
T0014384,A000340,A000181,1228,2026-07-02T04:12:01,NEFT,success
T0013056,A000631,A000097,1885,2026-07-02T04:14:45,IMPS,success
T0014900,A000714,A000556,28629,2026-07-02T04:15:00,IMPS,success
T0002729,A001121,A000693,65000,2026-07-02T04:16:30,IMPS,success
T0013538,A000570,A000159,341,2026-07-02T04:20:00,NEFT,success
T0009388,A001303,A001119,25000,2026-07-02T04:23:06,IMPS,success
T0013505,A000003,A000327,470,2026-07-02T04:24:09,NEFT,success
T0002366,A001304,A000021,763,2026-07-02T04:24:55,IMPS,success
T0007841,A000357,A000331,585,2026-07-02T04:25:26,UPI,success
T0008742,A000791,A000359,2096,2026-07-02T04:26:11,NEFT,success
T0003218,A000507,A000009,10115,2026-07-02T04:28:18,IMPS,success
T0004314,A001155,A000441,21247,2026-07-02T04:31:36,NEFT,success
T0012095,A000837,A000476,1584,2026-07-02T04:36:20,UPI,success
T0012687,A001281,A000554,29690,2026-07-02T04:36:33,NEFT,success
T0013107,A000384,A000437,626,2026-07-02T04:42:10,NEFT,success
T0000037,A001434,A001389,49167,2026-07-02T04:42:11,UPI,success
T0001000,A000138,A001208,1720,2026-07-02T04:43:33,NEFT,success
T0002628,A000785,A001178,381,2026-07-02T04:51:22,NEFT,success
T0005784,A000912,A000208,665,2026-07-02T04:52:19,NEFT,success
T0005954,A000241,A000294,1115,2026-07-02T04:53:15,IMPS,success
T0004350,A001057,A000717,534,2026-07-02T04:56:33,NEFT,success
T0001297,A000109,A000869,2483,2026-07-02T04:57:10,NEFT,success
T0014720,A000972,A001342,80000,2026-07-02T04:57:11,UPI,success
T0004993,A000280,A001008,86012,2026-07-02T05:00:52,UPI,success
T0012430,A000791,A000150,15000,2026-07-02T05:04:25,UPI,success
T0013329,A001206,A000335,352,2026-07-02T05:08:19,UPI,success
T0013257,A000774,A001284,35000,2026-07-02T05:13:10,IMPS,success
T0009496,A001010,A000104,870,2026-07-02T05:18:47,NEFT,success
T0006503,A001082,A000287,1276,2026-07-02T05:18:48,IMPS,success
T0014734,A000244,A000962,50000,2026-07-02T05:21:15,UPI,success
T0008284,A000975,A000360,825,2026-07-02T05:24:57,NEFT,success
T0011593,A000028,A001333,9921,2026-07-02T05:26:38,IMPS,success
T0010523,A000112,A000397,883,2026-07-02T05:27:48,IMPS,success
T0000895,A000032,A001054,1649,2026-07-02T05:35:12,UPI,success
T0000312,A000467,A000946,80000,2026-07-02T05:40:12,IMPS,success
T0014528,A000832,A001013,1546,2026-07-02T05:40:28,UPI,success
T0011776,A000529,A000139,35000,2026-07-02T05:40:43,NEFT,success
T0011539,A000182,A001228,15904,2026-07-02T05:40:46,IMPS,success
T0003944,A001018,A001070,33607,2026-07-02T05:41:02,IMPS,success
T0004524,A000891,A000720,1542,2026-07-02T05:41:13,IMPS,success
T0012298,A000366,A001240,7781,2026-07-02T05:43:22,NEFT,success
T0005239,A001145,A001098,1545,2026-07-02T05:46:33,NEFT,success
T0003782,A000518,A000730,1648,2026-07-02T05:47:36,IMPS,success
T0010953,A001046,A000125,142,2026-07-02T05:51:46,UPI,success
T0011820,A001184,A001269,32397,2026-07-02T05:52:45,NEFT,success
T0011760,A000803,A001034,1343,2026-07-02T05:53:15,IMPS,success
T0008402,A000114,A000372,222,2026-07-02T06:01:51,UPI,success
T0003596,A000962,A001362,50000,2026-07-02T06:12:43,NEFT,success
T0008791,A000413,A001294,1069,2026-07-02T06:13:05,NEFT,success
T0002198,A000239,A000480,65000,2026-07-02T06:13:06,UPI,success
T0000301,A001295,A000354,80000,2026-07-02T06:13:25,IMPS,success
T0005946,A000742,A001224,901,2026-07-02T06:13:41,IMPS,success
T0011330,A000587,A001178,9219,2026-07-02T06:16:42,UPI,success
T0005553,A000311,A000258,50000,2026-07-02T06:16:58,UPI,success
T0014911,A000178,A001323,80000,2026-07-02T06:20:45,UPI,success
T0013481,A001262,A000274,13956,2026-07-02T06:23:23,NEFT,success
T0007120,A000314,A000033,17200,2026-07-02T06:24:52,UPI,success
T0003785,A001351,A000103,50000,2026-07-02T06:24:55,UPI,success
T0012386,A001173,A000589,5221,2026-07-02T06:33:11,IMPS,success
T0002815,A001092,A000159,1601,2026-07-02T06:33:47,IMPS,success
T0010989,A001273,A000107,331,2026-07-02T06:35:25,UPI,success
T0013674,A000259,A000665,19205,2026-07-02T06:43:15,IMPS,success
T0002059,A000571,A000884,10779,2026-07-02T06:44:43,UPI,success
T0007518,A000947,A000655,1226,2026-07-02T06:50:54,NEFT,success
T0003637,A001038,A000818,676,2026-07-02T06:52:58,UPI,success
T0011325,A001346,A000064,854,2026-07-02T06:53:48,NEFT,success
T0010642,A000547,A000274,439,2026-07-02T06:54:55,NEFT,success
T0002640,A000423,A000115,25000,2026-07-02T06:56:00,IMPS,success
T0003461,A001219,A000252,297,2026-07-02T06:57:34,UPI,success
T0010800,A000034,A001308,186,2026-07-02T06:59:43,UPI,success
T0005432,A000162,A000234,66453,2026-07-02T07:02:24,IMPS,success
T0012228,A000056,A000306,852,2026-07-02T07:05:47,UPI,success
T0014121,A001127,A001252,458,2026-07-02T07:10:31,NEFT,success
T0004316,A000323,A000962,17099,2026-07-02T07:13:48,UPI,success
T0008365,A000288,A000616,1048,2026-07-02T07:15:47,NEFT,success
T0001623,A000535,A001048,4347,2026-07-02T07:18:57,IMPS,success
T0007206,A000129,A000058,2621,2026-07-02T07:24:39,IMPS,success
T0005180,A000566,A000833,7112,2026-07-02T07:24:48,IMPS,success
T0000935,A000157,A000116,321,2026-07-02T07:24:55,IMPS,success
T0002750,A001164,A001088,65000,2026-07-02T07:30:37,NEFT,success
T0001883,A001327,A000951,25000,2026-07-02T07:32:05,UPI,success
T0012688,A000130,A000087,3867,2026-07-02T07:33:37,IMPS,success
T0003307,A001367,A000297,298,2026-07-02T07:46:05,NEFT,success
T0009043,A000488,A000484,1267,2026-07-02T07:46:42,NEFT,success
T0011888,A000795,A000403,25000,2026-07-02T07:48:39,NEFT,success
T0004074,A001062,A001237,35000,2026-07-02T07:52:45,IMPS,success
T0003428,A001142,A000654,3100,2026-07-02T07:55:04,UPI,success
T0009492,A000645,A001380,50000,2026-07-02T07:56:24,IMPS,success
T0014100,A001274,A001049,383,2026-07-02T08:08:42,IMPS,success
T0012094,A000566,A000835,118,2026-07-02T08:09:19,IMPS,success
T0012991,A001370,A000073,35905,2026-07-02T08:12:07,UPI,success
T0004883,A001174,A000822,253,2026-07-02T08:14:24,UPI,success
T0014943,A000846,A000438,760,2026-07-02T08:15:06,NEFT,success
T0004799,A001154,A001251,15000,2026-07-02T08:15:20,NEFT,success
T0000475,A000079,A000844,2306,2026-07-02T08:17:34,IMPS,success
T0006056,A000951,A001002,2338,2026-07-02T08:18:13,NEFT,success
T0002016,A000427,A000478,35000,2026-07-02T08:21:16,UPI,success
T0001492,A001049,A001329,11938,2026-07-02T08:25:52,IMPS,success
T0003437,A000474,A001092,993,2026-07-02T08:26:57,IMPS,success
T0007289,A000258,A000925,321,2026-07-02T08:27:36,IMPS,success
T0011091,A000726,A001095,1629,2026-07-02T08:28:45,IMPS,success
T0002946,A000289,A000750,2604,2026-07-02T08:30:59,NEFT,success
T0005933,A000256,A000864,3969,2026-07-02T08:33:07,NEFT,success
T0008432,A001157,A001166,268,2026-07-02T08:36:35,NEFT,success
T0005102,A000527,A000059,1308,2026-07-02T08:38:30,IMPS,success
T0010751,A000989,A001292,25000,2026-07-02T08:46:26,UPI,success
T0012342,A001313,A000067,448,2026-07-02T08:48:06,NEFT,success
T0012517,A000636,A000207,399,2026-07-02T08:49:51,UPI,success
T0006347,A000076,A000207,1337,2026-07-02T08:54:20,UPI,success
T0006232,A000591,A001247,1317,2026-07-02T09:00:50,IMPS,success
T0000202,A001120,A000238,22142,2026-07-02T09:07:50,IMPS,success
T0011187,A001173,A001068,480,2026-07-02T09:08:20,IMPS,success
T0006285,A001150,A001154,827,2026-07-02T09:09:52,NEFT,success
T0006274,A000224,A000330,437,2026-07-02T09:10:18,IMPS,success
T0005425,A000842,A000141,12548,2026-07-02T09:11:47,IMPS,success
T0013511,A000081,A000086,80000,2026-07-02T09:12:06,IMPS,success
T0007209,A001002,A000598,84,2026-07-02T09:13:58,UPI,success
T0006038,A000493,A000289,1159,2026-07-02T09:14:23,UPI,success
T0014611,A000992,A000364,127,2026-07-02T09:21:47,NEFT,success
T0002397,A000104,A001127,10396,2026-07-02T09:26:14,UPI,success
T0005460,A001211,A000804,1470,2026-07-02T09:28:49,UPI,success
T0012810,A000403,A000409,895,2026-07-02T09:29:35,IMPS,success
T0011426,A001116,A001247,570,2026-07-02T09:29:36,IMPS,success
T0011863,A000585,A001167,211,2026-07-02T09:30:48,NEFT,success
T0002745,A000578,A000467,594,2026-07-02T09:38:04,NEFT,success
T0009035,A000859,A000814,444,2026-07-02T09:38:06,IMPS,success
T0011664,A001113,A001044,1506,2026-07-02T09:38:36,UPI,failed
T0002024,A001338,A001066,971,2026-07-02T09:40:10,UPI,success
T0004542,A000061,A001021,250,2026-07-02T09:41:26,NEFT,success
T0012658,A001277,A000644,281,2026-07-02T09:45:43,NEFT,success
T0001898,A001243,A000657,259,2026-07-02T09:46:29,IMPS,success
T0012022,A000851,A001029,1319,2026-07-02T09:47:19,NEFT,success
T0004922,A000070,A000851,219,2026-07-02T09:48:54,UPI,success
T0013579,A000779,A000591,458,2026-07-02T10:01:32,IMPS,success
T0006519,A000857,A000825,173,2026-07-02T10:03:41,NEFT,success
T0003152,A000453,A001034,14704,2026-07-02T10:06:55,NEFT,success
T0004170,A001121,A000900,13822,2026-07-02T10:08:13,IMPS,success
T0012313,A000548,A000105,551,2026-07-02T10:10:07,IMPS,success
T0014502,A000716,A001265,18519,2026-07-02T10:11:21,IMPS,success
T0000059,A001397,A001382,303233,2026-07-02T10:18:09,IMPS,success
T0003510,A000876,A001071,1768,2026-07-02T10:23:38,NEFT,success
T0000440,A000686,A001008,549,2026-07-02T10:29:04,UPI,success
T0014832,A001104,A000070,656,2026-07-02T10:30:29,UPI,success
T0008384,A000346,A001184,1138,2026-07-02T10:32:29,IMPS,success
T0005117,A000355,A001117,55567,2026-07-02T10:32:47,NEFT,success
T0001868,A001062,A001292,67107,2026-07-02T10:34:30,IMPS,success
T0011578,A001192,A000040,591,2026-07-02T10:38:06,NEFT,success
T0013895,A001096,A001248,1466,2026-07-02T10:41:42,IMPS,success
T0008356,A000671,A000626,1491,2026-07-02T10:48:07,UPI,success
T0004285,A000798,A000381,304,2026-07-02T10:50:37,NEFT,success
T0004065,A000911,A000017,34866,2026-07-02T10:53:12,IMPS,success
T0010998,A000072,A000252,7339,2026-07-02T10:55:01,NEFT,success
T0012561,A001262,A000048,708,2026-07-02T10:56:42,UPI,success
T0001559,A000864,A000719,1125,2026-07-02T10:58:43,IMPS,success
T0011814,A000751,A000258,80427,2026-07-02T11:00:29,IMPS,success
T0001617,A000307,A000605,784,2026-07-02T11:00:31,IMPS,success
T0005142,A001224,A001251,533,2026-07-02T11:07:19,UPI,success
T0005818,A000771,A000976,1152,2026-07-02T11:09:14,IMPS,success
T0005044,A000590,A000900,391,2026-07-02T11:11:09,IMPS,success
T0013399,A000840,A001120,164,2026-07-02T11:12:43,NEFT,success
T0003255,A001157,A000525,15000,2026-07-02T11:13:12,UPI,success
T0007876,A000973,A000095,640,2026-07-02T11:13:39,NEFT,success
T0008740,A000441,A001340,4641,2026-07-02T11:13:51,UPI,success
T0013054,A000992,A000101,1760,2026-07-02T11:14:19,IMPS,success
T0002533,A000359,A000719,50000,2026-07-02T11:18:06,NEFT,success
T0010955,A001055,A000138,674,2026-07-02T11:19:29,IMPS,success
T0013210,A000234,A000585,35000,2026-07-02T11:20:10,UPI,success
T0009909,A001281,A000893,8268,2026-07-02T11:20:33,IMPS,success
T0010434,A000856,A000315,109462,2026-07-02T11:21:20,NEFT,success
T0002434,A000721,A001103,69367,2026-07-02T11:24:07,IMPS,failed
T0006148,A000251,A000722,598,2026-07-02T11:33:46,NEFT,success
T0010973,A001310,A000650,208,2026-07-02T11:33:53,UPI,success
T0004114,A000490,A000491,1574,2026-07-02T11:38:13,IMPS,success
T0008508,A000688,A000992,537,2026-07-02T11:42:38,UPI,success
T0001283,A001289,A000764,866,2026-07-02T11:44:33,IMPS,success
T0007628,A000957,A001170,35000,2026-07-02T11:45:03,IMPS,failed
T0010987,A000965,A000401,274,2026-07-02T11:45:41,UPI,success
T0000487,A001032,A000240,974,2026-07-02T11:47:13,UPI,success
T0003341,A000274,A001155,9000,2026-07-02T11:51:00,NEFT,success
T0009921,A000711,A000094,3624,2026-07-02T11:54:39,UPI,success
T0010581,A000816,A000075,547,2026-07-02T11:56:32,NEFT,success
T0003852,A000726,A001361,614,2026-07-02T12:01:11,UPI,success
T0009265,A001102,A001138,107,2026-07-02T12:04:11,UPI,success
T0011965,A000173,A000429,1228,2026-07-02T12:15:56,NEFT,success
T0014965,A001153,A001266,5330,2026-07-02T12:16:28,IMPS,success
T0003285,A001084,A000672,5000,2026-07-02T12:18:38,IMPS,success
T0005644,A000390,A000442,489,2026-07-02T12:19:39,IMPS,success
T0001535,A001100,A000323,50000,2026-07-02T12:22:15,NEFT,success
T0013702,A001111,A000456,319,2026-07-02T12:22:17,NEFT,success
T0005374,A000018,A000595,2765,2026-07-02T12:24:57,IMPS,success
T0009683,A000036,A000331,1033,2026-07-02T12:31:21,UPI,success
T0013242,A000972,A000814,15000,2026-07-02T12:40:38,UPI,success
T0006158,A001231,A001147,27505,2026-07-02T12:41:38,IMPS,success
T0011263,A000886,A000744,50000,2026-07-02T12:42:11,NEFT,success
T0011810,A000233,A000349,8122,2026-07-02T12:43:22,UPI,success
T0001926,A000777,A000917,560,2026-07-02T12:47:41,IMPS,success
T0005154,A000554,A000574,527,2026-07-02T12:49:10,NEFT,success
T0002463,A001332,A000403,5900,2026-07-02T12:49:31,UPI,success
T0006325,A000010,A001134,19719,2026-07-02T12:52:18,IMPS,success
T0003741,A000975,A000969,1904,2026-07-02T12:54:20,UPI,success
T0002530,A000183,A000573,50000,2026-07-02T12:56:39,NEFT,success
T0012522,A000844,A001306,25000,2026-07-02T13:05:22,IMPS,success
T0000451,A000547,A000110,965,2026-07-02T13:12:43,NEFT,success
T0005297,A000628,A000706,1607,2026-07-02T13:13:58,NEFT,success
T0000055,A001393,A001382,349443,2026-07-02T13:18:09,IMPS,success
T0004645,A000794,A000034,80000,2026-07-02T13:27:15,UPI,success
T0010741,A001040,A001340,980,2026-07-02T13:30:43,UPI,success
T0010309,A000855,A000943,2236,2026-07-02T13:33:04,NEFT,success
T0009795,A000376,A000593,388,2026-07-02T13:35:04,IMPS,success
T0001986,A000172,A000475,51,2026-07-02T13:36:26,IMPS,success
T0012664,A000023,A001378,1601,2026-07-02T13:37:17,IMPS,success
T0007400,A001326,A000379,5274,2026-07-02T13:43:19,IMPS,success
T0005267,A001073,A000456,34078,2026-07-02T13:51:27,NEFT,success
T0010827,A000950,A001038,66548,2026-07-02T13:52:19,IMPS,success
T0011302,A000691,A000180,25000,2026-07-02T13:55:42,IMPS,success
T0002071,A000672,A000432,2383,2026-07-02T13:58:59,UPI,success
T0005655,A000751,A000241,267,2026-07-02T13:59:46,IMPS,success
T0004352,A000991,A000970,392,2026-07-02T14:05:12,NEFT,success
T0014257,A000992,A000818,220,2026-07-02T14:05:23,NEFT,success
T0006383,A000464,A000382,2753,2026-07-02T14:06:18,UPI,success
T0006521,A000029,A001006,25000,2026-07-02T14:09:02,UPI,success
T0010630,A000046,A001080,80000,2026-07-02T14:17:12,UPI,success
T0011440,A000786,A001043,31703,2026-07-02T14:19:56,IMPS,success
T0007842,A000519,A000511,576,2026-07-02T14:20:06,IMPS,success
T0009848,A000634,A000041,25000,2026-07-02T14:20:37,UPI,success
T0003784,A000566,A001263,1435,2026-07-02T14:22:49,IMPS,success
T0012255,A000140,A001243,9000,2026-07-02T14:26:00,UPI,success
T0006986,A000887,A001018,1432,2026-07-02T14:28:58,IMPS,success
T0010901,A001260,A000200,5000,2026-07-02T14:29:34,UPI,success
T0011405,A000561,A000260,179,2026-07-02T14:36:16,UPI,success
T0014326,A000117,A000440,80000,2026-07-02T14:36:47,UPI,success
T0006336,A001210,A000549,1492,2026-07-02T14:38:54,UPI,success
T0009511,A001014,A000210,893,2026-07-02T14:42:03,NEFT,success
T0007790,A001101,A001298,6092,2026-07-02T14:47:29,NEFT,success
T0012498,A001256,A000176,937,2026-07-02T14:48:22,IMPS,success
T0003979,A000491,A000807,195,2026-07-02T14:48:24,NEFT,success
T0009724,A000359,A001275,65000,2026-07-02T14:52:41,NEFT,success
T0010681,A001184,A000589,541,2026-07-02T14:58:16,UPI,success
T0012102,A000838,A000167,296,2026-07-02T14:58:29,UPI,success
T0005207,A000138,A001239,65000,2026-07-02T15:00:05,NEFT,success
T0008211,A000614,A001358,41197,2026-07-02T15:02:44,NEFT,success
T0003199,A000430,A001114,2715,2026-07-02T15:03:44,IMPS,failed
T0014826,A000346,A000455,50000,2026-07-02T15:04:54,NEFT,success
T0003018,A000017,A000796,35000,2026-07-02T15:05:03,UPI,success
T0012971,A001122,A000235,8979,2026-07-02T15:08:16,NEFT,success
T0008843,A000095,A000984,22764,2026-07-02T15:10:47,UPI,success
T0009702,A000515,A000942,26021,2026-07-02T15:16:50,UPI,success
T0013953,A000150,A000608,810,2026-07-02T15:20:48,IMPS,success
T0011032,A000708,A000076,709,2026-07-02T15:21:48,NEFT,success
T0006023,A000819,A000996,20090,2026-07-02T15:22:54,UPI,success
T0006219,A001347,A000510,799,2026-07-02T15:36:13,NEFT,success
T0008778,A000786,A000582,7858,2026-07-02T15:38:20,IMPS,success
T0004582,A001166,A000304,25000,2026-07-02T15:40:55,IMPS,success
T0005187,A000490,A000306,2396,2026-07-02T15:42:39,NEFT,success
T0001838,A000121,A000874,10485,2026-07-02T15:43:07,NEFT,success
T0009946,A000792,A000855,130,2026-07-02T15:43:43,NEFT,success
T0005687,A000146,A000907,835,2026-07-02T15:44:41,IMPS,success
T0011052,A000348,A000400,1255,2026-07-02T15:48:58,UPI,success
T0000672,A000808,A000755,65000,2026-07-02T15:49:16,UPI,success
T0004631,A000132,A001124,80000,2026-07-02T15:52:58,IMPS,success
T0010163,A000293,A000327,418,2026-07-02T16:00:32,UPI,success
T0012609,A000329,A000781,25000,2026-07-02T16:01:58,UPI,success
T0011582,A000778,A000168,519,2026-07-02T16:06:12,NEFT,success
T0009858,A000726,A001203,898,2026-07-02T16:06:18,UPI,success
T0014740,A000114,A000982,4667,2026-07-02T16:17:15,NEFT,success
T0006838,A000926,A000956,65000,2026-07-02T16:19:55,IMPS,success
T0000884,A001250,A000785,65000,2026-07-02T16:21:40,IMPS,success
T0007331,A001267,A000001,30185,2026-07-02T16:25:56,UPI,success
T0010873,A000727,A000835,148692,2026-07-02T16:26:58,UPI,success
T0003963,A000869,A000231,40896,2026-07-02T16:30:31,NEFT,success
T0001296,A000935,A001015,25000,2026-07-02T16:47:39,NEFT,success
T0011833,A000474,A000904,346,2026-07-02T16:49:14,UPI,success
T0006663,A001267,A001325,2861,2026-07-02T16:50:03,NEFT,success
T0006279,A000527,A000352,12624,2026-07-02T16:51:17,NEFT,success
T0002538,A001379,A000645,5740,2026-07-02T16:54:02,NEFT,success
T0004064,A000372,A000363,244,2026-07-02T16:55:23,NEFT,success
T0014442,A000601,A001032,20250,2026-07-02T16:58:53,UPI,success
T0000997,A000633,A000809,1348,2026-07-02T17:01:46,IMPS,success
T0000824,A000849,A000198,11069,2026-07-02T17:06:23,NEFT,success
T0004104,A001190,A000476,1058,2026-07-02T17:10:58,UPI,success
T0001870,A000212,A000123,332,2026-07-02T17:16:05,IMPS,success
T0012699,A001159,A000157,503,2026-07-02T17:17:21,UPI,success
T0012317,A001029,A000239,663,2026-07-02T17:18:26,NEFT,success
T0010340,A000693,A000908,15000,2026-07-02T17:23:09,NEFT,success
T0009178,A000744,A000240,830,2026-07-02T17:27:13,NEFT,success
T0014671,A000391,A000164,888,2026-07-02T17:27:54,NEFT,success
T0011142,A000142,A001034,65000,2026-07-02T17:33:30,IMPS,success
T0012717,A000669,A000649,28056,2026-07-02T17:33:42,NEFT,success
T0014383,A000126,A000443,160,2026-07-02T17:34:15,NEFT,success
T0008628,A000759,A000438,60577,2026-07-02T17:36:59,NEFT,success
T0013495,A001052,A001258,3368,2026-07-02T17:37:41,NEFT,success
T0005848,A000351,A000975,2253,2026-07-02T17:41:58,UPI,success
T0004317,A000408,A000647,925,2026-07-02T17:48:33,IMPS,success
T0001725,A000497,A001281,415,2026-07-02T17:57:15,UPI,success
T0006179,A000702,A000112,184,2026-07-02T17:58:23,IMPS,success
T0005450,A000753,A000724,13617,2026-07-02T18:01:01,UPI,success
T0003122,A000146,A001239,5293,2026-07-02T18:03:40,UPI,success
T0003645,A000565,A000690,1064,2026-07-02T18:04:19,IMPS,success
T0012535,A001031,A000811,47512,2026-07-02T18:07:21,UPI,success
T0000289,A000227,A000627,442,2026-07-02T18:08:23,UPI,success
T0013503,A001030,A000295,433,2026-07-02T18:09:07,IMPS,success
T0012617,A000488,A000275,1171,2026-07-02T18:09:27,NEFT,success
T0011040,A001344,A000317,50000,2026-07-02T18:12:28,IMPS,success
T0008654,A000576,A001300,46301,2026-07-02T18:12:37,UPI,success
T0001056,A000378,A000349,594,2026-07-02T18:13:12,IMPS,success
T0014552,A000819,A000713,940,2026-07-02T18:15:12,IMPS,success
T0012955,A000613,A000732,1061,2026-07-02T18:17:22,NEFT,success
T0004110,A000998,A001270,35000,2026-07-02T18:20:42,UPI,success
T0011296,A000702,A000333,1223,2026-07-02T18:22:21,NEFT,success
T0004337,A001262,A000617,241,2026-07-02T18:27:04,IMPS,success
T0014299,A001270,A001023,894,2026-07-02T18:34:34,UPI,success
T0013201,A001041,A000491,65000,2026-07-02T18:46:00,NEFT,success
T0006525,A000828,A000423,15000,2026-07-02T18:50:26,NEFT,success
T0007004,A000985,A000920,25000,2026-07-02T18:52:09,IMPS,success
T0007026,A000635,A001112,13642,2026-07-02T18:54:19,UPI,success
T0000660,A000704,A000716,1157,2026-07-02T19:07:32,IMPS,success
T0008216,A000575,A000290,396,2026-07-02T19:07:42,IMPS,success
T0006190,A001094,A000123,697,2026-07-02T19:07:48,IMPS,success
T0008210,A000018,A001181,23083,2026-07-02T19:09:43,UPI,success
T0000982,A001067,A000478,363,2026-07-02T19:11:04,IMPS,success
T0003054,A001169,A000157,159,2026-07-02T19:16:06,NEFT,success
T0014962,A000644,A000119,373,2026-07-02T19:16:49,NEFT,success
T0007579,A000116,A001137,35000,2026-07-02T19:17:46,IMPS,success
T0007701,A000425,A000251,591,2026-07-02T19:20:26,UPI,success
T0007827,A000829,A000584,110383,2026-07-02T19:21:20,UPI,success
T0006708,A000304,A000057,715,2026-07-02T19:22:39,IMPS,success
T0001718,A001096,A000541,12364,2026-07-02T19:28:50,UPI,success
T0010609,A001343,A000608,161,2026-07-02T19:31:35,IMPS,success
T0012212,A000859,A001336,25000,2026-07-02T19:37:08,NEFT,success
T0009261,A001227,A001058,676,2026-07-02T19:40:23,UPI,success
T0007497,A000996,A000461,7072,2026-07-02T19:41:59,NEFT,success
T0003503,A001185,A000202,1416,2026-07-02T19:44:31,NEFT,success
T0007608,A000200,A001303,20591,2026-07-02T19:45:59,IMPS,success
T0000936,A000197,A000293,23517,2026-07-02T19:50:33,UPI,success
T0001893,A000779,A000816,792,2026-07-02T19:51:51,UPI,success
T0012052,A000978,A000880,9860,2026-07-02T19:52:33,IMPS,success
T0012185,A000029,A001184,50000,2026-07-02T19:53:45,IMPS,success
T0002224,A000070,A000962,265,2026-07-02T19:54:42,UPI,success
T0000684,A000792,A001356,118925,2026-07-02T19:55:14,NEFT,success
T0002195,A000247,A000344,406,2026-07-02T19:56:49,UPI,success
T0002122,A000299,A000238,65000,2026-07-02T19:57:57,NEFT,success
T0004516,A000188,A000981,991,2026-07-02T19:58:57,UPI,success
T0005163,A000289,A000500,240,2026-07-02T20:04:52,IMPS,success
T0005429,A001202,A000738,1588,2026-07-02T20:10:42,IMPS,success
T0003486,A000717,A000586,2859,2026-07-02T20:10:55,IMPS,success
T0007060,A000275,A000170,80000,2026-07-02T20:11:51,UPI,success
T0000041,A001438,A001393,66849,2026-07-02T20:12:52,UPI,success
T0002281,A000763,A000618,196,2026-07-02T20:15:42,NEFT,success
T0003996,A000909,A000007,478,2026-07-02T20:25:57,NEFT,success
T0001972,A000693,A000959,1896,2026-07-02T20:30:10,UPI,success
T0002578,A001246,A000729,3566,2026-07-02T20:30:12,NEFT,success
T0005752,A001067,A000218,10438,2026-07-02T20:36:51,IMPS,success
T0003656,A000825,A000874,528,2026-07-02T20:38:23,IMPS,success
T0005730,A000061,A001305,65000,2026-07-02T20:38:26,IMPS,success
T0007402,A001055,A001165,1582,2026-07-02T20:38:46,IMPS,success
T0005408,A000255,A000021,837,2026-07-02T20:38:59,NEFT,success
T0011129,A001357,A000745,325,2026-07-02T20:39:38,UPI,success
T0000488,A000894,A000249,80000,2026-07-02T20:43:27,NEFT,success
T0005685,A000536,A000108,1832,2026-07-02T20:44:20,IMPS,success
T0014525,A000727,A000474,858,2026-07-02T20:46:22,UPI,success
T0001339,A000287,A000811,13555,2026-07-02T20:49:52,NEFT,success
T0012988,A000441,A000421,14431,2026-07-02T20:50:23,IMPS,success
T0000101,A001492,A001482,96108,2026-07-02T20:57:27,UPI,success
T0003394,A000962,A000108,509,2026-07-02T21:01:19,UPI,success
T0004455,A000542,A001176,314,2026-07-02T21:02:46,IMPS,success
T0010491,A000425,A000116,13894,2026-07-02T21:07:34,IMPS,success
T0010009,A001158,A000783,389,2026-07-02T21:08:30,UPI,success
T0001386,A001351,A000163,65000,2026-07-02T21:10:50,UPI,success
T0001167,A000471,A001008,15084,2026-07-02T21:11:49,UPI,success
T0012487,A000791,A001221,224,2026-07-02T21:12:51,IMPS,success
T0003014,A000715,A001300,14048,2026-07-02T21:14:56,IMPS,success
T0000052,A001390,A001389,308886,2026-07-02T21:18:09,IMPS,success
T0002493,A000316,A000712,50000,2026-07-02T21:18:54,IMPS,success
T0006842,A001165,A000857,80000,2026-07-02T21:19:13,UPI,success
T0000026,A001423,A001396,80946,2026-07-02T21:19:33,UPI,success
T0000520,A000774,A000180,13658,2026-07-02T21:20:38,UPI,success
T0010140,A000824,A000176,18193,2026-07-02T21:20:44,NEFT,success
T0007078,A001039,A000611,835,2026-07-02T21:23:43,UPI,success
T0003308,A000631,A001041,1838,2026-07-02T21:34:31,UPI,success
T0014120,A000167,A000352,2131,2026-07-02T21:34:45,NEFT,success
T0004426,A000368,A000716,2616,2026-07-02T21:35:25,NEFT,success
T0008627,A000374,A000721,50000,2026-07-02T21:38:31,NEFT,success
T0009898,A001331,A001006,98,2026-07-02T21:39:43,UPI,success
T0012392,A000568,A000044,46982,2026-07-02T21:43:16,UPI,success
T0003032,A000099,A000804,58746,2026-07-02T21:50:04,IMPS,success
T0002650,A000161,A000400,3807,2026-07-02T21:52:26,UPI,success
T0009034,A000979,A001007,5000,2026-07-02T21:53:32,IMPS,success
T0014420,A000815,A001087,18103,2026-07-02T21:53:39,UPI,success
T0012530,A000729,A000207,5445,2026-07-02T21:55:27,UPI,success
T0013601,A001065,A000807,80000,2026-07-02T21:59:33,IMPS,success
T0012803,A000562,A000680,8563,2026-07-02T22:04:13,UPI,success
T0003028,A000208,A000961,160,2026-07-02T22:04:41,IMPS,success
T0001728,A000359,A001008,1407,2026-07-02T22:04:59,UPI,success
T0012671,A000245,A000040,1190,2026-07-02T22:13:02,IMPS,success
T0004310,A000750,A000021,863,2026-07-02T22:14:14,UPI,success
T0010252,A001064,A000129,668,2026-07-02T22:14:18,IMPS,success
T0006700,A001152,A000706,5365,2026-07-02T22:15:18,NEFT,success
T0011846,A000887,A000763,1046,2026-07-02T22:19:45,IMPS,success
T0006616,A000857,A000760,20804,2026-07-02T22:20:46,UPI,success
T0004826,A001304,A001015,4432,2026-07-02T22:22:02,UPI,success
T0006636,A000871,A000974,256,2026-07-02T22:24:09,IMPS,success
T0013154,A000511,A000881,5000,2026-07-02T22:29:59,IMPS,success
T0004488,A001032,A001087,5153,2026-07-02T22:33:43,NEFT,success
T0006402,A000124,A000414,35143,2026-07-02T22:38:18,UPI,success
T0007384,A000274,A000624,1802,2026-07-02T22:41:11,UPI,success
T0000034,A001431,A001395,69474,2026-07-02T22:41:51,UPI,success
T0014517,A001158,A000783,31808,2026-07-02T22:45:15,NEFT,success
T0010675,A001176,A000137,65000,2026-07-02T22:51:22,UPI,failed
T0001124,A001279,A001000,631,2026-07-02T22:53:59,UPI,success
T0006187,A000801,A000158,3674,2026-07-02T22:59:03,IMPS,success
T0008787,A000097,A000956,1375,2026-07-02T23:00:35,UPI,success
T0005534,A001089,A000847,814,2026-07-02T23:00:59,IMPS,success
T0003159,A000104,A001178,82,2026-07-02T23:01:57,NEFT,success
T0010629,A000865,A000495,160,2026-07-02T23:02:28,UPI,success
T0009999,A001248,A000530,3340,2026-07-02T23:06:59,NEFT,success
T0007508,A001043,A000463,8964,2026-07-02T23:08:56,UPI,success
T0012710,A001006,A000181,57639,2026-07-02T23:10:35,UPI,success
T0002395,A001159,A000512,1285,2026-07-02T23:11:30,UPI,success
T0007302,A000247,A000285,1279,2026-07-02T23:14:45,UPI,success
T0011112,A001130,A000422,12805,2026-07-02T23:16:50,NEFT,success
T0007588,A001247,A000831,84825,2026-07-02T23:21:03,IMPS,success
T0005517,A000687,A000746,11812,2026-07-02T23:21:06,IMPS,success
T0013873,A000879,A001165,1363,2026-07-02T23:21:29,IMPS,success
T0014393,A001269,A001252,1548,2026-07-02T23:24:37,IMPS,success
T0013712,A000414,A001380,1107,2026-07-02T23:25:10,IMPS,success
T0010923,A000781,A001286,5000,2026-07-02T23:26:25,IMPS,success
T0013612,A000899,A000174,48653,2026-07-02T23:26:49,IMPS,success
T0009119,A001377,A000775,64684,2026-07-02T23:27:26,UPI,success
T0002695,A000491,A000820,308,2026-07-02T23:28:13,UPI,success
T0008000,A001045,A001143,579,2026-07-02T23:29:17,IMPS,success
T0000677,A000293,A000349,1058,2026-07-02T23:29:32,NEFT,success
T0013002,A000982,A000923,2322,2026-07-02T23:32:01,UPI,success
T0001826,A000452,A000491,15267,2026-07-02T23:32:56,NEFT,success
T0013642,A001371,A001156,615,2026-07-02T23:35:19,IMPS,success
T0010430,A001245,A000284,8059,2026-07-02T23:35:20,IMPS,success
T0008567,A000248,A000543,4345,2026-07-02T23:37:03,UPI,success
T0011139,A000955,A001146,1392,2026-07-02T23:41:14,UPI,success
T0011206,A000893,A001330,15000,2026-07-02T23:41:48,NEFT,failed
T0008839,A000373,A000973,32993,2026-07-02T23:45:26,IMPS,success
T0011699,A001081,A001205,561,2026-07-02T23:56:24,UPI,success
T0005657,A000487,A000350,23888,2026-07-02T23:57:07,NEFT,success
T0007969,A000445,A000504,984,2026-07-03T00:00:06,NEFT,success
T0001397,A001375,A000967,1560,2026-07-03T00:02:42,UPI,success
T0005870,A000176,A000151,37255,2026-07-03T00:09:30,UPI,success
T0004991,A001079,A000929,1911,2026-07-03T00:12:37,UPI,success
T0001833,A000307,A001041,165,2026-07-03T00:13:28,UPI,success
T0000014,A001411,A001393,33911,2026-07-03T00:16:00,UPI,success
T0008352,A000551,A000916,599,2026-07-03T00:16:27,IMPS,success
T0011159,A001075,A000065,496,2026-07-03T00:27:55,IMPS,success
T0013598,A000829,A001132,19193,2026-07-03T00:29:16,UPI,success
T0008434,A000773,A000478,80000,2026-07-03T00:30:44,IMPS,success
T0009149,A000069,A000750,526,2026-07-03T00:32:20,NEFT,success
T0012115,A000443,A000632,1552,2026-07-03T00:38:20,UPI,success
T0003621,A000923,A000561,2690,2026-07-03T00:43:10,NEFT,success
T0006674,A000260,A001340,1111,2026-07-03T00:43:43,NEFT,success
T0008064,A000025,A001220,414,2026-07-03T00:45:54,IMPS,success
T0013415,A000627,A000789,5960,2026-07-03T00:46:44,NEFT,success
T0007018,A000570,A000867,879,2026-07-03T00:47:11,UPI,success
T0000996,A000710,A001330,94,2026-07-03T00:47:17,NEFT,success
T0004094,A000352,A001322,20863,2026-07-03T00:47:59,NEFT,success
T0011304,A001064,A000119,35000,2026-07-03T00:48:34,UPI,success
T0008827,A000958,A001133,2318,2026-07-03T00:49:41,UPI,success
T0005037,A000528,A000437,526,2026-07-03T00:52:57,NEFT,success
T0014938,A001011,A000046,11285,2026-07-03T00:53:49,UPI,success
T0007410,A001078,A001204,29324,2026-07-03T01:03:20,IMPS,success
T0004183,A000683,A000102,175,2026-07-03T01:03:40,UPI,success
T0014198,A000707,A001376,16089,2026-07-03T01:12:47,UPI,success
T0004972,A000744,A000513,64438,2026-07-03T01:18:07,UPI,success
T0009132,A000485,A001131,25000,2026-07-03T01:20:28,IMPS,success
T0014206,A000226,A000222,1427,2026-07-03T01:25:37,IMPS,success
T0003634,A000905,A001356,1685,2026-07-03T01:27:33,IMPS,success
T0005504,A000499,A000482,13148,2026-07-03T01:28:49,UPI,success
T0006559,A000551,A000656,236,2026-07-03T01:36:30,IMPS,success
T0013504,A001168,A001117,780,2026-07-03T01:48:27,UPI,success
T0008465,A001235,A001161,80000,2026-07-03T01:49:09,NEFT,success
T0006744,A000291,A000331,15000,2026-07-03T01:55:05,UPI,success
T0001248,A000585,A000160,3355,2026-07-03T02:00:33,NEFT,failed
T0004983,A000957,A000838,64822,2026-07-03T02:04:45,UPI,failed
T0003185,A000329,A000778,2684,2026-07-03T02:06:35,NEFT,success
T0003051,A001253,A000372,48968,2026-07-03T02:07:55,UPI,success
T0007710,A000231,A001299,2353,2026-07-03T02:08:03,NEFT,success
T0006968,A001042,A000687,198,2026-07-03T02:09:54,UPI,success
T0013345,A000024,A000250,1032,2026-07-03T02:13:59,NEFT,success
T0005003,A001055,A001363,22115,2026-07-03T02:14:47,UPI,success
T0004880,A000650,A000132,62353,2026-07-03T02:14:59,IMPS,success
T0011127,A000441,A000073,20923,2026-07-03T02:15:35,NEFT,success
T0005627,A000556,A001139,353,2026-07-03T02:23:08,UPI,success
T0006907,A000212,A001225,1881,2026-07-03T02:28:38,NEFT,success
T0011058,A001334,A000029,422,2026-07-03T02:28:53,NEFT,success
T0009534,A000724,A001139,680,2026-07-03T02:32:35,IMPS,success
T0006740,A001104,A001284,38597,2026-07-03T02:33:18,IMPS,success
T0007603,A000811,A000098,164,2026-07-03T02:33:28,UPI,success
T0010099,A001120,A000177,402,2026-07-03T02:34:38,UPI,success
T0010069,A001162,A000465,683,2026-07-03T02:35:45,UPI,success
T0004744,A000980,A001123,15000,2026-07-03T02:39:55,UPI,success
T0004532,A000701,A000706,846,2026-07-03T02:46:39,NEFT,success
T0010475,A000800,A001347,2339,2026-07-03T02:50:55,NEFT,success
T0006459,A000917,A001245,315,2026-07-03T02:53:19,IMPS,success
T0007781,A000437,A001063,386,2026-07-03T02:53:47,NEFT,success
T0007110,A000224,A000491,1344,2026-07-03T02:53:56,IMPS,success
T0002554,A001043,A000304,25000,2026-07-03T02:59:24,IMPS,success
T0012025,A000143,A001317,864,2026-07-03T03:00:46,IMPS,success
T0001673,A001230,A000103,3664,2026-07-03T03:01:21,NEFT,success
T0004087,A001352,A000973,126,2026-07-03T03:01:48,UPI,success
T0012447,A001330,A000077,3852,2026-07-03T03:02:59,UPI,success
T0010902,A000465,A000516,162,2026-07-03T03:03:12,NEFT,success
T0003030,A001347,A000444,116406,2026-07-03T03:03:21,NEFT,success
T0002048,A000182,A000508,1751,2026-07-03T03:11:20,UPI,success
T0001677,A000784,A000590,471,2026-07-03T03:12:52,UPI,success
T0009626,A000571,A001102,80000,2026-07-03T03:13:21,IMPS,success
T0004790,A000858,A001154,824,2026-07-03T03:19:31,IMPS,success
T0009988,A000727,A001257,1001,2026-07-03T03:19:45,NEFT,success
T0009385,A000406,A000823,191,2026-07-03T03:23:32,IMPS,success
T0014814,A000686,A000387,22217,2026-07-03T03:23:56,NEFT,success
T0001298,A000033,A000246,50000,2026-07-03T03:30:22,UPI,success
T0008963,A001023,A000740,637,2026-07-03T03:30:28,NEFT,success
T0006631,A000268,A000780,781,2026-07-03T03:30:55,NEFT,success
T0006470,A000157,A000729,200000,2026-07-03T03:32:21,IMPS,success
T0008590,A000878,A001223,15000,2026-07-03T03:35:25,IMPS,success
T0011687,A001290,A000342,2978,2026-07-03T03:36:20,UPI,success
T0000503,A001197,A000350,33317,2026-07-03T03:39:40,IMPS,success
T0006508,A000932,A000323,21708,2026-07-03T03:40:20,UPI,success
T0004366,A000066,A001096,31640,2026-07-03T03:45:28,IMPS,success
T0010043,A001331,A001369,1301,2026-07-03T03:45:43,IMPS,success
T0008754,A000916,A000766,15000,2026-07-03T03:46:54,UPI,success
T0011371,A000030,A000791,905,2026-07-03T03:48:58,IMPS,success
T0009455,A000492,A000743,1730,2026-07-03T03:50:43,IMPS,success
T0004082,A001048,A000597,103,2026-07-03T03:52:00,IMPS,success
T0007361,A000354,A000130,776,2026-07-03T03:55:31,UPI,success
T0003177,A001062,A000514,773,2026-07-03T03:56:19,NEFT,success
T0004462,A000478,A001276,639,2026-07-03T04:01:56,NEFT,success
T0003864,A000354,A000208,844,2026-07-03T04:02:01,UPI,success
T0011030,A001304,A001029,50000,2026-07-03T04:05:42,IMPS,success
T0010555,A000558,A000140,50000,2026-07-03T04:08:33,NEFT,success
T0000220,A000777,A000315,1452,2026-07-03T04:09:12,UPI,success
T0004291,A000533,A000147,549,2026-07-03T04:10:51,NEFT,success
T0007143,A000582,A000643,6007,2026-07-03T04:14:49,UPI,success
T0007491,A001246,A000507,620,2026-07-03T04:20:15,UPI,success
T0008369,A000883,A000003,587,2026-07-03T04:21:04,NEFT,success
T0001151,A001120,A001119,35000,2026-07-03T04:25:54,UPI,success
T0005091,A000713,A000342,8020,2026-07-03T04:26:34,IMPS,success
T0002295,A000927,A001307,15000,2026-07-03T04:27:38,NEFT,success
T0006456,A001223,A001096,19227,2026-07-03T04:30:08,NEFT,success
T0010271,A000614,A001182,2134,2026-07-03T04:35:28,NEFT,success
T0005157,A001363,A000450,1885,2026-07-03T04:35:30,NEFT,success
T0013944,A000415,A000291,155877,2026-07-03T04:39:30,UPI,success
T0014901,A001254,A001087,650,2026-07-03T04:43:31,NEFT,success
T0011435,A000042,A000012,473,2026-07-03T04:46:43,NEFT,success
T0006518,A000134,A000579,3674,2026-07-03T04:47:09,UPI,success
T0003095,A000492,A000457,1880,2026-07-03T04:49:02,IMPS,success
T0006624,A000711,A000393,6574,2026-07-03T04:52:25,UPI,success
T0011880,A001054,A000869,696,2026-07-03T04:55:27,NEFT,success
T0005873,A000732,A000486,145,2026-07-03T04:56:34,IMPS,success
T0011958,A000965,A000601,867,2026-07-03T04:58:02,NEFT,success
T0006598,A001027,A001363,15367,2026-07-03T04:59:49,UPI,success
T0010971,A000647,A000636,1248,2026-07-03T05:00:08,NEFT,success
T0005092,A000355,A001261,57138,2026-07-03T05:01:05,UPI,success
T0004190,A000962,A000794,2641,2026-07-03T05:01:28,IMPS,success
T0013454,A001108,A000480,136,2026-07-03T05:07:12,NEFT,success
T0004173,A000587,A000312,1197,2026-07-03T05:07:39,NEFT,success
T0004308,A000058,A000788,50,2026-07-03T05:08:42,NEFT,success
T0007516,A000811,A001148,1014,2026-07-03T05:12:09,IMPS,success
T0000139,A000160,A000833,25730,2026-07-03T05:12:35,UPI,success
T0012822,A000525,A001351,65000,2026-07-03T05:15:34,NEFT,success
T0002054,A000860,A000572,678,2026-07-03T05:17:44,NEFT,success
T0009647,A000417,A001177,6933,2026-07-03T05:23:41,NEFT,success
T0010784,A001211,A000993,183,2026-07-03T05:32:27,NEFT,success
T0002226,A000371,A000582,884,2026-07-03T05:32:36,UPI,success
T0012258,A001225,A000930,15000,2026-07-03T05:36:11,NEFT,success
T0003201,A001168,A000836,34089,2026-07-03T05:37:11,UPI,success
T0002909,A000979,A000263,776,2026-07-03T05:37:15,IMPS,success
T0009278,A001027,A001034,25651,2026-07-03T05:40:52,IMPS,success
T0005397,A000517,A000116,1193,2026-07-03T05:45:43,NEFT,success
T0011945,A001128,A000322,2034,2026-07-03T05:47:15,NEFT,success
T0012491,A000569,A000022,446,2026-07-03T05:47:59,UPI,success
T0001077,A001151,A000406,3308,2026-07-03T05:48:23,NEFT,success
T0013377,A000394,A000705,1237,2026-07-03T05:48:58,NEFT,success
T0008277,A001174,A000644,1280,2026-07-03T05:51:28,NEFT,success
T0006069,A001014,A000110,50000,2026-07-03T06:01:29,IMPS,success
T0006665,A000082,A000010,445,2026-07-03T06:02:12,UPI,success
T0012096,A001206,A000457,393,2026-07-03T06:04:02,IMPS,success
T0005083,A000897,A000799,280,2026-07-03T06:05:07,IMPS,success
T0006848,A001372,A000583,1053,2026-07-03T06:05:09,NEFT,success
T0009022,A000733,A001357,434,2026-07-03T06:05:21,UPI,success
T0003467,A001193,A000958,80000,2026-07-03T06:06:40,UPI,success
T0011077,A001205,A000442,749,2026-07-03T06:06:53,IMPS,success
T0000907,A000333,A000133,276,2026-07-03T06:09:08,IMPS,success
T0014878,A000556,A001184,123853,2026-07-03T06:11:08,IMPS,success
T0005556,A000899,A000257,106,2026-07-03T06:11:30,IMPS,success
T0014394,A001073,A001084,80000,2026-07-03T06:13:56,NEFT,success
T0009052,A000489,A001005,461,2026-07-03T06:21:37,IMPS,success
T0003537,A000348,A000894,173432,2026-07-03T06:26:39,UPI,success
T0007047,A001161,A001322,376,2026-07-03T06:30:47,NEFT,success
T0003465,A000535,A000328,1019,2026-07-03T06:32:29,UPI,success
T0004998,A000031,A000365,35000,2026-07-03T06:33:18,IMPS,success
T0007921,A001004,A000222,637,2026-07-03T06:35:46,UPI,success
T0011708,A000930,A000583,200,2026-07-03T06:43:55,UPI,success
T0007622,A000710,A000501,36513,2026-07-03T06:47:55,NEFT,success
T0005145,A000858,A000261,320,2026-07-03T06:48:05,NEFT,success
T0004003,A000132,A000826,745,2026-07-03T06:50:06,IMPS,success
T0000029,A001426,A001390,115303,2026-07-03T06:52:54,UPI,success
T0011095,A001248,A000658,918,2026-07-03T06:55:52,UPI,success
T0014704,A000882,A000605,662,2026-07-03T07:04:07,NEFT,success
T0007190,A000306,A000583,447,2026-07-03T07:06:39,NEFT,success
T0010991,A000746,A000006,80000,2026-07-03T07:07:02,IMPS,success
T0005191,A001064,A000329,2843,2026-07-03T07:07:45,IMPS,success
T0013304,A001291,A000481,1796,2026-07-03T07:09:05,UPI,success
T0003730,A000917,A001339,279,2026-07-03T07:10:28,UPI,success
T0004814,A001106,A000037,15000,2026-07-03T07:13:13,NEFT,success
T0006573,A000230,A000175,65000,2026-07-03T07:13:31,NEFT,success
T0013942,A000527,A001247,359,2026-07-03T07:14:06,NEFT,success
T0005920,A000587,A000801,1069,2026-07-03T07:14:49,IMPS,success
T0003818,A000063,A000948,4483,2026-07-03T07:17:26,UPI,success
T0007495,A001124,A000218,50000,2026-07-03T07:22:03,UPI,success
T0010418,A000337,A000965,5000,2026-07-03T07:24:43,NEFT,success
T0014621,A000293,A000634,6453,2026-07-03T07:26:01,IMPS,failed
T0006418,A000911,A000603,35000,2026-07-03T07:28:17,IMPS,success
T0008539,A000859,A000258,843,2026-07-03T07:28:33,NEFT,success
T0012856,A001363,A000683,276,2026-07-03T07:32:12,UPI,success
T0006079,A001133,A000754,5650,2026-07-03T07:34:20,IMPS,success
T0007640,A001010,A000895,65000,2026-07-03T07:36:46,UPI,success
T0008759,A000852,A000348,1100,2026-07-03T07:37:49,IMPS,success
T0001067,A000731,A000777,953,2026-07-03T07:47:21,UPI,success
T0008661,A000118,A001346,48376,2026-07-03T07:52:21,NEFT,success
T0004579,A000206,A000741,718,2026-07-03T07:54:39,UPI,success
T0005761,A000651,A001203,40116,2026-07-03T07:57:18,IMPS,success
T0006685,A000408,A000684,74941,2026-07-03T07:57:42,UPI,success
T0008529,A000405,A001059,952,2026-07-03T07:57:48,NEFT,success
T0003332,A000541,A001259,632,2026-07-03T07:59:06,IMPS,success
T0010749,A001223,A000398,50643,2026-07-03T08:02:14,IMPS,success
T0009698,A000343,A000750,5000,2026-07-03T08:06:07,IMPS,success
T0000821,A000668,A000641,3458,2026-07-03T08:06:43,IMPS,success
T0005380,A001284,A001174,1691,2026-07-03T08:07:44,NEFT,success
T0011753,A000656,A000240,30187,2026-07-03T08:12:11,NEFT,success
T0008034,A000808,A000112,71491,2026-07-03T08:15:55,IMPS,success
T0000061,A001384,A001382,112865,2026-07-03T08:19:52,IMPS,success
T0002579,A000049,A000471,358,2026-07-03T08:38:06,NEFT,success
T0012650,A001061,A001273,7789,2026-07-03T08:42:41,IMPS,success
T0010088,A000619,A000440,8144,2026-07-03T08:47:35,NEFT,success
T0001961,A001271,A001104,322,2026-07-03T08:49:12,UPI,success
T0007947,A000947,A000641,539,2026-07-03T08:49:38,IMPS,success
T0012684,A000106,A000300,712,2026-07-03T08:50:45,UPI,success
T0003954,A000004,A000966,65000,2026-07-03T08:54:47,IMPS,success
T0005676,A000856,A001057,204,2026-07-03T09:00:01,UPI,success
T0006653,A000742,A000975,548,2026-07-03T09:02:24,UPI,success
T0006105,A000231,A001176,220,2026-07-03T09:03:23,UPI,success
T0005641,A000577,A000524,464,2026-07-03T09:04:08,NEFT,success
T0008414,A001268,A001138,1048,2026-07-03T09:04:29,NEFT,success
T0005715,A000046,A001377,781,2026-07-03T09:12:40,UPI,success
T0008816,A001361,A000865,24520,2026-07-03T09:13:43,NEFT,success
T0011558,A001339,A000935,509,2026-07-03T09:14:31,NEFT,success
T0000054,A001392,A001382,413494,2026-07-03T09:18:09,IMPS,success
T0005747,A001261,A000985,922,2026-07-03T09:20:20,NEFT,success
T0003387,A000736,A000320,229,2026-07-03T09:28:13,UPI,success
T0010885,A000749,A000548,10013,2026-07-03T09:34:10,IMPS,success
T0004428,A000547,A000507,15000,2026-07-03T09:38:23,NEFT,success
T0010495,A000390,A000261,534,2026-07-03T09:38:34,NEFT,success
T0000638,A001025,A000726,1758,2026-07-03T09:45:26,NEFT,success
T0011168,A000596,A001122,844,2026-07-03T09:49:25,NEFT,success
T0007533,A000519,A000277,1540,2026-07-03T09:50:27,IMPS,success
T0002499,A001058,A000009,7557,2026-07-03T09:51:37,IMPS,success
T0004340,A000157,A001214,7141,2026-07-03T09:54:47,UPI,success
T0009819,A000373,A000377,2444,2026-07-03T09:56:34,IMPS,success
T0008820,A000536,A000450,26872,2026-07-03T09:58:45,NEFT,success
T0001174,A000279,A000686,65357,2026-07-03T10:00:02,NEFT,success
T0008043,A001303,A000371,15000,2026-07-03T10:01:00,UPI,success
T0000078,A001469,A001454,31355,2026-07-03T10:02:29,UPI,success
T0001348,A000650,A000146,17217,2026-07-03T10:03:36,UPI,success
T0007357,A001269,A001179,271,2026-07-03T10:05:06,NEFT,success
T0014781,A000221,A001127,12212,2026-07-03T10:10:33,IMPS,success
T0001112,A001355,A000266,50000,2026-07-03T10:13:45,UPI,success
T0004262,A000062,A001179,1692,2026-07-03T10:13:48,UPI,success
T0006514,A001081,A000433,3070,2026-07-03T10:13:49,UPI,success
T0012338,A000229,A001193,174,2026-07-03T10:14:16,UPI,success
T0006083,A001284,A000585,15698,2026-07-03T10:15:51,UPI,success
T0001908,A000034,A001375,3993,2026-07-03T10:21:17,NEFT,success
T0002207,A000062,A000123,175,2026-07-03T10:26:27,UPI,success
T0005494,A000175,A000282,1036,2026-07-03T10:32:37,IMPS,success
T0010722,A000099,A000866,50000,2026-07-03T10:32:43,NEFT,success
T0002126,A000496,A000478,319,2026-07-03T10:35:31,UPI,success
T0006149,A001255,A001210,2758,2026-07-03T10:36:52,UPI,success
T0007103,A000221,A001366,332,2026-07-03T10:37:38,UPI,success
T0001652,A000239,A000746,5283,2026-07-03T10:39:50,IMPS,success
T0010919,A000002,A000547,1956,2026-07-03T10:42:34,IMPS,success
T0008656,A000838,A000141,571,2026-07-03T10:44:16,UPI,success
T0002723,A000654,A000184,730,2026-07-03T10:50:45,NEFT,success
T0012956,A000391,A001124,25000,2026-07-03T10:52:00,IMPS,success
T0005549,A000834,A001093,532,2026-07-03T10:52:33,UPI,success
T0004921,A001125,A000067,1541,2026-07-03T10:56:17,IMPS,success
T0004093,A001189,A000947,450,2026-07-03T11:02:18,NEFT,success
T0013298,A000221,A001178,50000,2026-07-03T11:13:10,IMPS,success
T0001097,A000380,A001056,3600,2026-07-03T11:13:51,IMPS,success
T0001208,A000234,A000444,131,2026-07-03T11:19:15,UPI,success
T0010481,A000002,A001205,1386,2026-07-03T11:24:44,IMPS,success
T0000772,A000120,A000365,419,2026-07-03T11:36:58,NEFT,success
T0005126,A000631,A000874,1352,2026-07-03T11:37:22,UPI,success
T0006482,A000314,A000117,676,2026-07-03T11:38:10,IMPS,success
T0009564,A000232,A000580,444,2026-07-03T11:41:32,NEFT,success
T0001748,A000593,A001206,9103,2026-07-03T11:42:26,UPI,success
T0012939,A000673,A000089,1204,2026-07-03T11:56:38,IMPS,success
T0001651,A000362,A000765,80000,2026-07-03T11:56:54,NEFT,success
T0006873,A000494,A001197,412,2026-07-03T12:01:21,UPI,success
T0010694,A000985,A001237,3386,2026-07-03T12:05:06,UPI,success
T0000526,A000707,A000009,458,2026-07-03T12:06:21,UPI,success
T0013456,A000731,A000537,35000,2026-07-03T12:06:41,NEFT,success
T0008758,A001044,A001072,302,2026-07-03T12:11:13,IMPS,success
T0008702,A000746,A000384,7998,2026-07-03T12:14:23,IMPS,success
T0000194,A000638,A001240,1394,2026-07-03T12:16:04,UPI,success
T0000053,A001391,A001382,239398,2026-07-03T12:18:09,IMPS,success
T0007319,A001244,A000246,35000,2026-07-03T12:20:02,IMPS,success
T0007570,A000148,A000180,908,2026-07-03T12:20:48,IMPS,success
T0004874,A001248,A001107,1591,2026-07-03T12:21:00,NEFT,success
T0011149,A001171,A000154,160,2026-07-03T12:22:08,IMPS,success
T0011705,A000845,A000923,50000,2026-07-03T12:30:39,UPI,success
T0009768,A000514,A001087,1379,2026-07-03T12:32:30,NEFT,success
T0009803,A000839,A000871,423,2026-07-03T12:34:10,UPI,success
T0013311,A000290,A000732,21516,2026-07-03T12:36:37,IMPS,success
T0012221,A001094,A001202,50000,2026-07-03T12:39:30,UPI,success
T0001606,A000935,A000908,8015,2026-07-03T12:39:57,UPI,success
T0011502,A000868,A000009,457,2026-07-03T12:47:44,NEFT,success
T0002852,A000138,A000838,820,2026-07-03T12:49:33,NEFT,success
T0013721,A000933,A000861,985,2026-07-03T12:51:05,UPI,success
T0012153,A000169,A000227,24518,2026-07-03T12:53:49,NEFT,success
T0003958,A000887,A001085,15000,2026-07-03T12:54:46,NEFT,success
T0004602,A000491,A000034,65000,2026-07-03T12:56:15,IMPS,success
T0011029,A000722,A001349,35348,2026-07-03T12:58:41,IMPS,failed
T0009766,A000010,A000499,337,2026-07-03T13:13:34,IMPS,success
T0010726,A001199,A000950,1496,2026-07-03T13:18:16,NEFT,success
T0005004,A001352,A000263,50000,2026-07-03T13:18:25,IMPS,success
T0003599,A000545,A001040,34883,2026-07-03T13:19:09,NEFT,success
T0003923,A000305,A000585,605,2026-07-03T13:20:34,IMPS,success
T0011889,A000854,A001061,57,2026-07-03T13:23:02,UPI,success
T0004547,A000933,A000920,25000,2026-07-03T13:27:29,IMPS,success
T0000261,A000416,A001029,7224,2026-07-03T13:27:49,IMPS,success
T0011853,A001209,A000884,2346,2026-07-03T13:30:01,IMPS,success
T0011755,A000527,A000479,1858,2026-07-03T13:30:50,UPI,success
T0000803,A000845,A001189,799,2026-07-03T13:39:50,NEFT,success
T0000637,A001155,A001377,32384,2026-07-03T13:41:13,UPI,success
T0003500,A000799,A000652,8280,2026-07-03T13:46:01,IMPS,success
T0011631,A001105,A001162,1206,2026-07-03T13:46:53,UPI,success
T0001763,A001153,A001145,105,2026-07-03T13:52:33,UPI,success
T0006464,A000697,A000676,407,2026-07-03T13:54:19,IMPS,success
T0013750,A000138,A000245,80000,2026-07-03T13:55:04,NEFT,success
T0014480,A001019,A000080,11178,2026-07-03T13:57:59,UPI,success
T0007100,A000064,A001110,1079,2026-07-03T14:01:12,UPI,success
T0007624,A000038,A000598,6356,2026-07-03T14:04:21,UPI,failed
T0005739,A000633,A000188,50000,2026-07-03T14:05:47,IMPS,success
T0004303,A000135,A001318,24688,2026-07-03T14:08:58,UPI,success
T0012782,A001129,A000946,1224,2026-07-03T14:09:26,UPI,success
T0005570,A000819,A000745,4531,2026-07-03T14:12:44,UPI,success
T0007311,A000488,A001301,601,2026-07-03T14:13:23,NEFT,success
T0000834,A000305,A000826,17852,2026-07-03T14:16:55,UPI,success
T0000056,A001394,A001382,337913,2026-07-03T14:18:09,IMPS,success
T0010417,A000482,A000539,65000,2026-07-03T14:20:48,UPI,success
T0005697,A000301,A000930,1782,2026-07-03T14:21:16,IMPS,success
T0007889,A000018,A000082,984,2026-07-03T14:24:34,UPI,success
T0009592,A000475,A001249,2464,2026-07-03T14:24:39,IMPS,success
T0003297,A000969,A000344,25000,2026-07-03T14:27:18,IMPS,failed
T0000699,A000056,A000934,843,2026-07-03T14:31:41,IMPS,success
T0009918,A001082,A000178,65000,2026-07-03T14:33:35,IMPS,success
T0008244,A000851,A001100,19800,2026-07-03T14:35:15,IMPS,success
T0005599,A000291,A000950,15106,2026-07-03T14:38:31,NEFT,success
T0006997,A000587,A000328,2239,2026-07-03T14:43:55,UPI,success
T0004651,A000785,A001309,37343,2026-07-03T14:44:04,IMPS,success
T0003142,A000318,A000096,35000,2026-07-03T14:44:17,IMPS,success
T0005287,A001161,A000956,485,2026-07-03T14:46:10,IMPS,success
T0012874,A000864,A001333,8828,2026-07-03T14:46:19,UPI,success
T0000953,A000224,A001010,80000,2026-07-03T14:47:27,NEFT,success
T0004667,A000900,A000366,2964,2026-07-03T14:48:32,UPI,success
T0003151,A000405,A001036,50000,2026-07-03T14:50:33,UPI,success
T0001170,A000134,A001252,253,2026-07-03T14:52:27,NEFT,success
T0014074,A000321,A001219,348,2026-07-03T14:57:38,NEFT,success
T0007484,A000852,A000011,1661,2026-07-03T14:57:47,UPI,success
T0012039,A000820,A000340,60815,2026-07-03T15:02:05,NEFT,success
T0003700,A001154,A000133,374,2026-07-03T15:09:36,UPI,success
T0009364,A000151,A000241,22419,2026-07-03T15:10:22,UPI,success
T0010226,A001095,A001212,1670,2026-07-03T15:10:27,UPI,success
T0011767,A000509,A000692,2723,2026-07-03T15:12:27,UPI,success
T0000103,A001494,A001484,29042,2026-07-03T15:13:07,UPI,success
T0010975,A000912,A000092,523,2026-07-03T15:17:19,IMPS,success
T0009750,A000288,A000397,1209,2026-07-03T15:17:41,UPI,success
T0007417,A000442,A001308,1877,2026-07-03T15:18:36,IMPS,success
T0012924,A000628,A000040,534,2026-07-03T15:25:02,UPI,success
T0002926,A000629,A000038,60227,2026-07-03T15:25:56,UPI,success
T0011903,A000257,A001217,829,2026-07-03T15:27:33,IMPS,success
T0013713,A000617,A000430,479,2026-07-03T15:27:33,UPI,success
T0003224,A000919,A000158,70520,2026-07-03T15:32:22,IMPS,success
T0002602,A001006,A001235,65000,2026-07-03T15:33:13,IMPS,success
T0014339,A001293,A000931,65377,2026-07-03T15:36:23,UPI,success
T0013264,A000871,A000221,80,2026-07-03T15:39:44,NEFT,failed
T0007009,A000326,A000978,62299,2026-07-03T15:41:19,UPI,success
T0014219,A000245,A000631,599,2026-07-03T15:42:41,NEFT,success
T0009997,A000028,A001212,30486,2026-07-03T15:44:38,NEFT,success
T0011986,A001027,A000311,348,2026-07-03T15:46:30,IMPS,success
T0009793,A001321,A000321,640,2026-07-03T15:47:36,UPI,success
T0008148,A000410,A001176,4591,2026-07-03T15:47:39,NEFT,success
T0009041,A000841,A000424,301,2026-07-03T15:50:29,IMPS,success
T0006904,A000723,A001060,50000,2026-07-03T15:52:09,IMPS,success
T0000210,A000611,A000447,2088,2026-07-03T15:52:19,UPI,success
T0005414,A001054,A000170,33758,2026-07-03T15:52:19,NEFT,success
T0000250,A001340,A000775,9000,2026-07-03T15:53:18,IMPS,success
T0011389,A001214,A000430,713,2026-07-03T15:59:05,NEFT,success
T0001092,A001049,A000149,3046,2026-07-03T16:00:20,UPI,success
T0014800,A000278,A000888,80000,2026-07-03T16:04:57,IMPS,success
T0012809,A000829,A000962,521,2026-07-03T16:13:08,UPI,success
T0001192,A000167,A000975,761,2026-07-03T16:13:31,UPI,success
T0004264,A000558,A000653,765,2026-07-03T16:15:24,NEFT,success
T0000560,A001208,A000424,229,2026-07-03T16:18:16,UPI,success
T0005809,A000371,A000167,27837,2026-07-03T16:24:51,NEFT,success
T0005032,A000468,A000165,523,2026-07-03T16:28:36,IMPS,success
T0006867,A000407,A001238,19915,2026-07-03T16:32:11,NEFT,success
T0009509,A001101,A000894,80000,2026-07-03T16:33:24,NEFT,failed
T0003718,A000597,A000664,1565,2026-07-03T16:34:33,UPI,success
T0009313,A000580,A001263,1573,2026-07-03T16:38:34,IMPS,success
T0000787,A000001,A000760,42847,2026-07-03T16:45:54,UPI,success
T0007845,A000661,A001294,33599,2026-07-03T16:48:47,IMPS,success
T0011113,A000368,A000933,1391,2026-07-03T16:48:54,UPI,success
T0012146,A000228,A000648,1114,2026-07-03T16:49:08,UPI,success
T0009153,A000430,A001036,5000,2026-07-03T16:49:36,IMPS,success
T0003401,A001175,A001163,49337,2026-07-03T16:52:32,NEFT,success
T0011592,A000581,A001224,109,2026-07-03T16:54:28,NEFT,success
T0000690,A000541,A000302,5071,2026-07-03T16:56:28,IMPS,success
T0007067,A000589,A000361,15000,2026-07-03T17:00:41,UPI,success
T0000022,A001419,A001392,29526,2026-07-03T17:01:29,UPI,success
T0014424,A000758,A001167,43911,2026-07-03T17:04:07,IMPS,success
T0000288,A001272,A001012,568,2026-07-03T17:09:09,UPI,success
T0000400,A000665,A001334,903,2026-07-03T17:12:21,UPI,failed
T0010377,A000530,A001171,985,2026-07-03T17:15:49,IMPS,success
T0005293,A000035,A000068,37534,2026-07-03T17:16:25,NEFT,success
T0002562,A001216,A000474,386,2026-07-03T17:17:26,IMPS,success
T0005049,A000722,A000876,1287,2026-07-03T17:17:49,NEFT,success
T0010977,A000921,A000361,546,2026-07-03T17:19:11,IMPS,success
T0008690,A001213,A000893,5000,2026-07-03T17:19:27,IMPS,success
T0003594,A000595,A000995,1120,2026-07-03T17:21:10,NEFT,success
T0003794,A000968,A001238,420,2026-07-03T17:24:08,UPI,success
T0004435,A001189,A000667,95931,2026-07-03T17:28:53,IMPS,success
T0005181,A000096,A001049,732,2026-07-03T17:33:48,IMPS,success
T0014454,A001179,A000237,47745,2026-07-03T17:35:51,NEFT,success
T0010703,A000693,A001001,763,2026-07-03T17:37:05,NEFT,success
T0001331,A000852,A000782,2880,2026-07-03T17:41:58,NEFT,success
T0005051,A000679,A000635,428,2026-07-03T17:42:49,NEFT,success
T0007775,A000286,A000320,14488,2026-07-03T17:51:07,UPI,success
T0007743,A000667,A000122,980,2026-07-03T17:53:35,UPI,success
T0003346,A000922,A001179,43338,2026-07-03T17:57:02,IMPS,success
T0005020,A001323,A001204,496,2026-07-03T17:57:30,IMPS,success
T0005179,A000226,A001237,9406,2026-07-03T17:58:37,IMPS,success
T0003096,A000385,A000200,747,2026-07-03T18:00:42,NEFT,success
T0007248,A000879,A000485,1391,2026-07-03T18:03:52,UPI,success
T0000119,A001478,A001476,106894,2026-07-03T18:05:54,IMPS,success
T0005114,A001098,A000584,50000,2026-07-03T18:05:54,NEFT,success
T0004332,A000443,A000828,282,2026-07-03T18:07:11,IMPS,success
T0003156,A000470,A001075,2866,2026-07-03T18:13:42,NEFT,success
T0001905,A000912,A000951,738,2026-07-03T18:16:15,NEFT,success
T0007843,A000357,A000462,95505,2026-07-03T18:17:05,IMPS,success
T0003169,A000360,A000179,1684,2026-07-03T18:23:04,UPI,success
T0007974,A000636,A001283,907,2026-07-03T18:24:22,NEFT,success
T0002846,A000947,A001052,278,2026-07-03T18:26:49,NEFT,success
T0002772,A000485,A000210,25000,2026-07-03T18:28:13,IMPS,success
T0009905,A001270,A000481,799,2026-07-03T18:28:33,IMPS,success
T0014417,A000150,A000475,39654,2026-07-03T18:33:45,UPI,success
T0000614,A000281,A000481,2374,2026-07-03T18:38:03,UPI,success
T0012120,A000360,A000155,35000,2026-07-03T18:41:49,IMPS,success
T0005606,A000114,A000559,35000,2026-07-03T18:43:14,UPI,success
T0004557,A001110,A000330,351,2026-07-03T18:45:00,IMPS,success
T0000060,A001389,A001382,557339,2026-07-03T18:48:09,IMPS,success
T0012761,A000302,A000165,9000,2026-07-03T18:53:46,IMPS,success
T0006669,A000488,A000981,524,2026-07-03T18:55:13,UPI,success
T0002541,A000706,A001345,14054,2026-07-03T18:56:11,UPI,success
T0007436,A001375,A000711,1132,2026-07-03T18:58:24,NEFT,success
T0008500,A000106,A000690,25000,2026-07-03T19:02:01,NEFT,success
T0014054,A000010,A001218,11774,2026-07-03T19:03:32,IMPS,success
T0008844,A001186,A001240,873,2026-07-03T19:07:27,IMPS,success
T0002956,A000638,A001147,1308,2026-07-03T19:10:00,IMPS,success
T0002697,A000696,A000527,17277,2026-07-03T19:10:12,UPI,success
T0003775,A000673,A001153,50000,2026-07-03T19:11:02,UPI,success
T0002154,A000379,A000636,80,2026-07-03T19:14:39,IMPS,success
T0000066,A001382,A001383,1139655,2026-07-03T19:18:09,NEFT,success
T0011922,A000171,A000006,2588,2026-07-03T19:21:07,IMPS,success
T0014183,A001211,A000337,267,2026-07-03T19:21:20,NEFT,success
T0008599,A000820,A001005,123,2026-07-03T19:26:36,IMPS,success
T0011482,A001322,A000367,948,2026-07-03T19:37:49,NEFT,success
T0008973,A000871,A001002,1348,2026-07-03T19:47:26,NEFT,success
T0000567,A000297,A001132,329,2026-07-03T19:51:52,UPI,success
T0002722,A000567,A000998,1032,2026-07-03T19:55:12,UPI,success
T0003655,A001165,A000751,65000,2026-07-03T20:02:13,IMPS,success
T0003716,A000464,A001005,1408,2026-07-03T20:03:06,UPI,success
T0011133,A001354,A000312,465,2026-07-03T20:04:56,NEFT,success
T0012237,A000784,A000346,534,2026-07-03T20:05:16,UPI,success
T0009948,A001225,A001368,50000,2026-07-03T20:10:39,NEFT,success
T0009003,A001075,A000086,31582,2026-07-03T20:11:18,UPI,success
T0009105,A000802,A001331,48165,2026-07-03T20:18:21,IMPS,success
T0011785,A001241,A000581,21217,2026-07-03T20:19:37,UPI,success
T0003828,A000761,A000595,213,2026-07-03T20:19:49,UPI,success
T0002742,A000349,A000325,27303,2026-07-03T20:22:14,UPI,success
T0004145,A000973,A000112,14569,2026-07-03T20:22:55,IMPS,success
T0004932,A000086,A000560,1862,2026-07-03T20:24:54,UPI,success
T0013170,A000012,A000316,25000,2026-07-03T20:34:06,NEFT,success
T0002244,A000482,A001043,13884,2026-07-03T20:37:17,UPI,success
T0002471,A000659,A000043,347,2026-07-03T20:39:12,NEFT,success
T0014674,A001069,A000801,9883,2026-07-03T20:39:42,NEFT,success
T0009620,A000751,A000824,641,2026-07-03T20:42:00,UPI,success
T0001919,A000022,A000006,28738,2026-07-03T20:48:00,NEFT,success
T0008708,A000342,A000675,25000,2026-07-03T20:51:35,NEFT,success
T0006499,A000115,A000207,65000,2026-07-03T20:54:58,IMPS,success
T0013368,A000136,A000046,678,2026-07-03T20:55:13,NEFT,success
T0010124,A000409,A000100,2253,2026-07-03T21:00:14,UPI,success
T0005589,A001195,A000556,648,2026-07-03T21:03:03,UPI,success
T0005210,A000256,A000241,831,2026-07-03T21:03:26,NEFT,success
T0013545,A000885,A000043,1301,2026-07-03T21:16:38,NEFT,success
T0007354,A000514,A000865,20975,2026-07-03T21:19:47,UPI,success
T0009232,A000162,A000840,790,2026-07-03T21:24:15,IMPS,success
T0008750,A001284,A001098,34781,2026-07-03T21:29:32,IMPS,success
T0010396,A000676,A000427,16843,2026-07-03T21:31:44,IMPS,success
T0007956,A000475,A000464,376,2026-07-03T21:33:57,NEFT,success
T0003520,A000505,A000848,273,2026-07-03T21:35:33,IMPS,success
T0000500,A001316,A000426,16989,2026-07-03T21:35:56,IMPS,success
T0011486,A000356,A001263,25000,2026-07-03T21:39:09,NEFT,success
T0013159,A000766,A001005,1814,2026-07-03T21:39:21,UPI,failed
T0014396,A000719,A001228,667,2026-07-03T21:41:37,IMPS,success
T0005960,A000632,A000522,1496,2026-07-03T21:42:44,IMPS,success
T0005416,A000030,A000941,15000,2026-07-03T21:42:50,IMPS,success
T0008195,A000006,A000615,994,2026-07-03T21:43:47,UPI,success
T0014320,A000957,A001036,119727,2026-07-03T21:45:22,NEFT,success
T0008557,A001040,A000167,25000,2026-07-03T21:45:41,IMPS,success
T0001405,A000853,A001187,636,2026-07-03T21:48:36,IMPS,success
T0001955,A000789,A000128,1577,2026-07-03T21:50:02,NEFT,success
T0007699,A000841,A000345,80000,2026-07-03T21:54:14,IMPS,success
T0010478,A001129,A000854,1157,2026-07-03T21:56:29,IMPS,success
T0011271,A000584,A000418,1731,2026-07-03T21:57:16,IMPS,success
T0001952,A000986,A001039,65000,2026-07-03T21:57:47,NEFT,success
T0006552,A000648,A001091,402,2026-07-03T21:57:58,IMPS,success
T0010178,A001122,A001096,814,2026-07-03T21:58:07,UPI,failed
T0008880,A000596,A000145,2353,2026-07-03T22:03:49,UPI,success
T0002594,A000113,A000640,80000,2026-07-03T22:04:15,IMPS,success
T0011747,A000066,A000969,47740,2026-07-03T22:04:17,IMPS,success
T0004429,A000639,A000883,191,2026-07-03T22:10:13,UPI,success
T0005924,A001079,A000142,80000,2026-07-03T22:18:13,IMPS,success
T0007610,A000004,A000482,20633,2026-07-03T22:20:44,IMPS,failed
T0003376,A000159,A000072,258,2026-07-03T22:23:01,NEFT,success
T0011916,A001218,A000655,65483,2026-07-03T22:30:18,UPI,success
T0001680,A001221,A001313,15000,2026-07-03T22:31:11,IMPS,success
T0011292,A000322,A000776,922,2026-07-03T22:34:14,UPI,success
T0006157,A001239,A000747,13943,2026-07-03T22:37:47,NEFT,success
T0011295,A000710,A000989,2713,2026-07-03T22:42:20,IMPS,success
T0002066,A000097,A000226,731,2026-07-03T22:46:07,UPI,success
T0006398,A001048,A000574,208,2026-07-03T22:50:53,NEFT,success
T0005874,A001188,A000057,503,2026-07-03T22:57:17,NEFT,failed
T0011055,A000776,A001322,1172,2026-07-03T23:02:14,UPI,success
T0012645,A000332,A000848,772,2026-07-03T23:07:00,NEFT,success
T0010848,A001033,A000882,9867,2026-07-03T23:10:44,UPI,success
T0004658,A000948,A000878,97772,2026-07-03T23:12:41,UPI,success
T0004381,A000811,A000612,1022,2026-07-03T23:14:59,NEFT,success
T0014203,A001209,A000001,275,2026-07-03T23:19:23,NEFT,success
T0013476,A000625,A001306,65000,2026-07-03T23:20:30,IMPS,success
T0004891,A001066,A000853,5000,2026-07-03T23:20:45,IMPS,success
T0002806,A000653,A001264,180,2026-07-03T23:23:19,IMPS,success
T0014085,A000888,A001357,50000,2026-07-03T23:25:48,NEFT,success
T0012005,A000897,A000100,681,2026-07-03T23:32:01,IMPS,success
T0002749,A000755,A000430,1355,2026-07-03T23:33:23,IMPS,success
T0013036,A001101,A000131,835,2026-07-03T23:36:26,UPI,success
T0008407,A000333,A001095,50530,2026-07-03T23:40:12,NEFT,success
T0008958,A001197,A000635,164,2026-07-03T23:40:14,IMPS,success
T0009658,A000948,A000975,25000,2026-07-03T23:41:14,UPI,success
T0006806,A000057,A001248,416,2026-07-03T23:43:34,UPI,success
T0013445,A000056,A000193,1205,2026-07-03T23:43:44,NEFT,success
T0009238,A001368,A000070,1198,2026-07-03T23:44:19,UPI,success
T0010181,A000664,A000581,569,2026-07-03T23:47:39,IMPS,success
T0014889,A000016,A001280,432,2026-07-03T23:47:57,NEFT,success
T0010840,A001143,A000724,15000,2026-07-03T23:48:14,NEFT,success
T0001042,A001241,A000170,366,2026-07-03T23:49:35,IMPS,success
T0001581,A000570,A000023,726,2026-07-03T23:53:18,NEFT,success
T0005579,A000102,A001113,2135,2026-07-04T00:00:17,NEFT,success
T0007683,A000111,A000967,954,2026-07-04T00:02:43,UPI,success
T0011495,A000892,A000411,1300,2026-07-04T00:06:07,IMPS,success
T0012590,A001090,A000042,1834,2026-07-04T00:18:55,NEFT,success
T0003991,A000136,A000555,565,2026-07-04T00:19:12,UPI,success
T0012673,A001088,A000989,713,2026-07-04T00:22:32,NEFT,success
T0004162,A000667,A000721,293,2026-07-04T00:24:52,IMPS,success
T0001014,A000060,A001144,1739,2026-07-04T00:31:06,NEFT,success
T0009066,A001202,A001090,316,2026-07-04T00:35:10,UPI,success
T0007523,A001151,A000889,36327,2026-07-04T00:36:10,UPI,success
T0014448,A000610,A001227,248,2026-07-04T00:36:43,IMPS,success
T0009165,A000497,A000480,25000,2026-07-04T00:38:35,UPI,success
T0011300,A000750,A000546,2868,2026-07-04T00:39:28,NEFT,success
T0002167,A001129,A000025,28446,2026-07-04T00:39:33,IMPS,success
T0013564,A001048,A000716,6280,2026-07-04T00:45:50,NEFT,success
T0003080,A001279,A000309,1316,2026-07-04T00:51:32,IMPS,success
T0003259,A001083,A000068,116173,2026-07-04T00:53:45,IMPS,success
T0002372,A000057,A001038,14911,2026-07-04T00:57:45,NEFT,success
T0002127,A001039,A001217,42292,2026-07-04T00:58:05,IMPS,success
T0003843,A000541,A000940,191,2026-07-04T01:06:26,IMPS,success
T0002124,A000289,A000651,938,2026-07-04T01:07:01,UPI,success
T0000468,A000459,A001360,32527,2026-07-04T01:10:27,UPI,success
T0014251,A000905,A000487,1234,2026-07-04T01:10:47,UPI,success
T0007899,A000855,A000810,1607,2026-07-04T01:13:34,NEFT,success
T0004489,A000586,A000307,18055,2026-07-04T01:19:06,NEFT,success
T0010003,A000131,A001152,368,2026-07-04T01:20:47,NEFT,success
T0009377,A001320,A000504,21209,2026-07-04T01:23:17,NEFT,success
T0011822,A001171,A000411,50256,2026-07-04T01:23:39,NEFT,success
T0009411,A000761,A000270,44668,2026-07-04T01:25:54,NEFT,success
T0007386,A001279,A001218,381,2026-07-04T01:27:18,NEFT,success
T0011373,A001093,A000377,1234,2026-07-04T01:31:52,UPI,success
T0011844,A000918,A001175,262,2026-07-04T01:32:23,IMPS,success
T0011224,A000881,A000758,1092,2026-07-04T01:35:20,NEFT,success
T0004359,A000890,A001069,32693,2026-07-04T01:36:17,UPI,success
T0000334,A000030,A000376,1363,2026-07-04T01:46:39,NEFT,success
T0004690,A001119,A001003,282,2026-07-04T01:47:07,UPI,success
T0005410,A000201,A000973,139,2026-07-04T01:49:27,UPI,success
T0010105,A001254,A000320,6371,2026-07-04T01:50:17,IMPS,success
T0012304,A000307,A000101,1636,2026-07-04T01:51:01,UPI,success
T0008497,A000374,A000490,376,2026-07-04T01:53:31,NEFT,success
T0013959,A000981,A000479,221,2026-07-04T01:59:26,IMPS,success
T0009885,A001241,A001363,719,2026-07-04T01:59:29,NEFT,success
T0012089,A001129,A001046,14563,2026-07-04T02:00:00,UPI,success
T0005737,A001241,A001287,673,2026-07-04T02:10:03,IMPS,success
T0002546,A000752,A000977,6463,2026-07-04T02:16:42,IMPS,success
T0002761,A001106,A000143,339,2026-07-04T02:17:36,NEFT,success
T0004461,A000860,A001204,10930,2026-07-04T02:18:17,NEFT,success
T0010843,A000343,A000452,930,2026-07-04T02:25:25,IMPS,success
T0008253,A000562,A000780,37829,2026-07-04T02:25:40,IMPS,success
T0002309,A000968,A000541,845,2026-07-04T02:26:11,IMPS,success
T0014176,A001154,A001302,306,2026-07-04T02:30:25,IMPS,success
T0006405,A000975,A000391,10149,2026-07-04T02:31:01,IMPS,success
T0013949,A000656,A000010,55412,2026-07-04T02:33:48,UPI,success
T0002049,A001093,A000298,413,2026-07-04T02:40:51,UPI,success
T0008462,A001186,A000337,19902,2026-07-04T02:41:12,IMPS,success
T0004257,A000541,A000323,35000,2026-07-04T02:43:36,IMPS,success
T0000236,A000245,A000310,1866,2026-07-04T02:48:17,IMPS,success
T0014686,A000773,A001183,9148,2026-07-04T02:50:16,IMPS,success
T0002315,A000946,A000589,98,2026-07-04T02:53:17,UPI,success
T0010940,A000750,A001323,25000,2026-07-04T02:56:26,NEFT,success
T0014397,A001123,A000039,8864,2026-07-04T02:57:30,NEFT,success
T0004959,A000528,A000824,17841,2026-07-04T03:03:19,UPI,success
T0000084,A001475,A001455,26210,2026-07-04T03:05:09,UPI,success
T0004424,A001205,A000686,268,2026-07-04T03:08:59,NEFT,success
T0013339,A001254,A000858,5290,2026-07-04T03:11:37,NEFT,failed
T0010535,A000403,A001075,508,2026-07-04T03:13:26,NEFT,success
T0010267,A000021,A000887,517,2026-07-04T03:15:08,UPI,success
T0001367,A000351,A000628,35000,2026-07-04T03:15:27,UPI,success
T0008446,A001236,A000908,221,2026-07-04T03:17:18,NEFT,success
T0002693,A000080,A001333,811,2026-07-04T03:18:41,UPI,success
T0006061,A000597,A000316,14045,2026-07-04T03:20:33,IMPS,success
T0004900,A000706,A000027,2150,2026-07-04T03:21:10,UPI,success
T0007650,A000397,A000987,553,2026-07-04T03:21:38,UPI,success
T0001493,A000353,A001063,19441,2026-07-04T03:22:54,IMPS,success
T0007330,A001341,A000446,577,2026-07-04T03:34:26,IMPS,success
T0012147,A001293,A000650,6380,2026-07-04T03:41:40,NEFT,success
T0007210,A000871,A000757,36762,2026-07-04T03:41:48,UPI,success
T0011555,A000734,A001134,5000,2026-07-04T03:42:47,IMPS,success
T0000111,A001502,A001482,100360,2026-07-04T03:44:09,UPI,success
T0007069,A001264,A000556,918,2026-07-04T03:44:12,UPI,success
T0009823,A000616,A000739,5997,2026-07-04T03:53:01,IMPS,success
T0013955,A000155,A000674,16056,2026-07-04T03:56:37,IMPS,success
T0014471,A001270,A001040,425,2026-07-04T03:58:06,IMPS,success
T0008850,A001028,A000834,10300,2026-07-04T03:58:16,UPI,failed
T0006539,A001220,A000247,15000,2026-07-04T04:03:32,NEFT,success
T0005453,A001276,A000068,543,2026-07-04T04:03:50,UPI,success
T0012269,A000356,A000633,1182,2026-07-04T04:08:04,UPI,success
T0013470,A000748,A000529,8421,2026-07-04T04:08:57,NEFT,success
T0009832,A000029,A000563,414,2026-07-04T04:10:50,IMPS,success
T0005321,A000054,A001181,363,2026-07-04T04:12:58,IMPS,success
T0005843,A001204,A000373,2971,2026-07-04T04:18:59,NEFT,success
T0014859,A001095,A000411,479,2026-07-04T04:20:33,NEFT,success
T0003333,A000308,A000304,932,2026-07-04T04:21:03,NEFT,success
T0000675,A001228,A001111,37017,2026-07-04T04:23:49,IMPS,success
T0000074,A001465,A001455,15000,2026-07-04T04:27:37,UPI,success
T0010413,A000865,A001215,40185,2026-07-04T04:30:05,IMPS,success
T0004255,A000620,A000847,30513,2026-07-04T04:30:18,IMPS,success
T0012080,A000586,A000538,254,2026-07-04T04:32:26,IMPS,success
T0005642,A001378,A001032,1745,2026-07-04T04:32:51,NEFT,success
T0010707,A000970,A000343,3408,2026-07-04T04:37:48,NEFT,success
T0012293,A000554,A001060,714,2026-07-04T04:39:52,IMPS,success
T0008279,A000343,A001052,451,2026-07-04T04:39:54,IMPS,success
T0007260,A000368,A000945,359,2026-07-04T04:41:11,NEFT,success
T0000247,A000664,A001039,16443,2026-07-04T04:43:17,UPI,success
T0014585,A000476,A000188,14443,2026-07-04T04:44:20,NEFT,success
T0005703,A001166,A001260,23216,2026-07-04T04:45:33,UPI,success
T0009602,A000254,A000500,82,2026-07-04T04:52:21,UPI,success
T0011612,A001227,A000165,1550,2026-07-04T04:54:02,NEFT,success
T0003395,A001364,A000019,2528,2026-07-04T04:58:06,IMPS,success
T0000988,A000665,A001122,793,2026-07-04T05:08:56,IMPS,success
T0010612,A000749,A001254,370,2026-07-04T05:13:14,IMPS,success
T0012003,A000370,A000840,26224,2026-07-04T05:14:52,UPI,success
T0009674,A000959,A000287,1096,2026-07-04T05:16:38,UPI,success
T0000950,A000386,A000484,50000,2026-07-04T05:27:32,IMPS,success
T0014799,A001152,A000405,646,2026-07-04T05:28:07,UPI,success
T0010083,A000471,A000804,578,2026-07-04T05:30:22,UPI,success
T0013158,A000125,A001138,485,2026-07-04T05:33:01,IMPS,success
T0008663,A000104,A001168,35000,2026-07-04T05:34:36,IMPS,success
T0009259,A001064,A000985,17599,2026-07-04T05:36:09,IMPS,success
T0011952,A000798,A000223,6054,2026-07-04T05:37:18,UPI,success
T0008535,A000293,A001024,18880,2026-07-04T05:41:51,NEFT,success
T0000584,A000690,A000834,3303,2026-07-04T05:45:30,UPI,success
T0007999,A000732,A000500,25000,2026-07-04T05:47:45,NEFT,success
T0014531,A000392,A001264,10380,2026-07-04T05:48:32,NEFT,success
T0008480,A000101,A000463,19773,2026-07-04T05:48:39,NEFT,success
T0002119,A000357,A000670,15000,2026-07-04T05:49:54,NEFT,success
T0012483,A000751,A000473,50000,2026-07-04T05:50:04,NEFT,success
T0004923,A000735,A001224,80000,2026-07-04T05:52:47,UPI,success
T0003714,A000372,A000930,628,2026-07-04T05:53:05,UPI,success
T0005915,A000522,A000095,17453,2026-07-04T05:53:15,NEFT,success
T0004680,A001038,A001189,10122,2026-07-04T06:01:28,NEFT,success
T0007396,A001067,A001021,50000,2026-07-04T06:01:34,IMPS,success
T0008429,A000618,A001251,104312,2026-07-04T06:02:08,UPI,success
T0006886,A000067,A001277,80000,2026-07-04T06:02:36,NEFT,success
T0001058,A000581,A000840,43410,2026-07-04T06:04:58,NEFT,success
T0007828,A000329,A001197,1512,2026-07-04T06:07:35,NEFT,success
T0000553,A000858,A000216,9148,2026-07-04T06:07:45,UPI,success
T0005836,A000796,A001033,710,2026-07-04T06:13:20,IMPS,success
T0010233,A001119,A000740,207,2026-07-04T06:15:00,IMPS,success
T0014277,A000203,A000037,1279,2026-07-04T06:16:30,IMPS,success
T0003604,A000862,A000383,2074,2026-07-04T06:19:17,IMPS,success
T0002898,A000186,A000825,12487,2026-07-04T06:19:51,UPI,success
T0009553,A000083,A001117,720,2026-07-04T06:22:58,UPI,success
T0006446,A000061,A001320,473,2026-07-04T06:27:34,NEFT,success
T0002712,A000808,A000578,3044,2026-07-04T06:32:06,NEFT,success
T0014607,A000974,A000991,35000,2026-07-04T06:32:39,NEFT,success
T0003440,A001173,A001182,101,2026-07-04T06:36:09,IMPS,success
T0005969,A001080,A001293,616,2026-07-04T06:36:44,NEFT,success
T0008470,A000071,A000908,1251,2026-07-04T06:38:13,UPI,success
T0006914,A000688,A000813,627,2026-07-04T06:39:18,UPI,success
T0010808,A000830,A001121,25000,2026-07-04T06:39:54,NEFT,success
T0005170,A001146,A000940,979,2026-07-04T06:40:54,UPI,success
T0012117,A000457,A001238,180,2026-07-04T06:43:46,IMPS,success
T0001478,A000140,A000310,21454,2026-07-04T06:45:56,NEFT,success
T0007788,A000220,A000981,871,2026-07-04T06:46:34,NEFT,success
T0000298,A001047,A000344,10130,2026-07-04T06:47:15,NEFT,success
T0004112,A001229,A000985,15000,2026-07-04T06:50:07,UPI,success
T0007421,A001260,A000665,2776,2026-07-04T06:57:19,NEFT,success
T0012334,A000691,A000805,41158,2026-07-04T07:00:20,IMPS,success
T0012230,A000856,A000828,11769,2026-07-04T07:03:24,IMPS,success
T0011548,A000586,A000495,50000,2026-07-04T07:06:23,NEFT,success
T0009187,A000584,A000987,1464,2026-07-04T07:09:59,UPI,success
T0006066,A000074,A000832,189,2026-07-04T07:10:14,IMPS,success
T0007928,A000497,A001210,169,2026-07-04T07:12:07,NEFT,success
T0012307,A001264,A001218,9842,2026-07-04T07:12:07,NEFT,success
T0001455,A000351,A001026,1838,2026-07-04T07:16:42,NEFT,success
T0012284,A001236,A000803,35000,2026-07-04T07:21:20,UPI,success
T0005673,A000406,A000979,50000,2026-07-04T07:28:19,UPI,success
T0012186,A001312,A000687,7627,2026-07-04T07:32:55,UPI,success
T0002390,A000596,A000528,71136,2026-07-04T07:33:37,NEFT,success
T0002473,A000360,A000824,28536,2026-07-04T07:40:05,IMPS,success
T0007804,A000639,A001016,658,2026-07-04T07:52:24,UPI,success
T0009413,A000665,A000831,343,2026-07-04T07:56:17,IMPS,success
T0013069,A000792,A000036,2047,2026-07-04T07:57:55,UPI,success
T0000203,A001067,A000447,512,2026-07-04T07:58:28,NEFT,success
T0000447,A001000,A000615,25000,2026-07-04T08:03:59,IMPS,success
T0007663,A000611,A000598,26511,2026-07-04T08:04:15,NEFT,success
T0009229,A000204,A000548,756,2026-07-04T08:04:31,NEFT,success
T0003569,A001213,A000117,498,2026-07-04T08:05:06,IMPS,success
T0007171,A000147,A000301,65000,2026-07-04T08:05:26,UPI,success
T0007464,A000972,A000014,886,2026-07-04T08:09:20,UPI,success
T0011357,A000707,A000890,796,2026-07-04T08:10:07,NEFT,success
T0002835,A000887,A001084,75090,2026-07-04T08:16:02,NEFT,success
T0011471,A001047,A001218,987,2026-07-04T08:18:42,NEFT,success
T0011980,A000978,A000773,372,2026-07-04T08:24:59,UPI,success
T0010910,A000014,A000657,35000,2026-07-04T08:25:46,UPI,success
T0010466,A000341,A000222,1575,2026-07-04T08:27:57,UPI,success
T0013327,A000599,A000381,190,2026-07-04T08:29:12,IMPS,success
T0003806,A000026,A000593,313,2026-07-04T08:30:31,NEFT,success
T0010545,A000572,A001077,82,2026-07-04T08:30:31,IMPS,success
T0012113,A000112,A000334,1042,2026-07-04T08:32:05,UPI,success
T0006981,A001108,A000193,286,2026-07-04T08:33:25,UPI,success
T0012302,A000529,A000001,491,2026-07-04T08:33:43,IMPS,success
T0009731,A000598,A001019,6856,2026-07-04T08:33:46,IMPS,success
T0013643,A000835,A001043,1348,2026-07-04T08:34:43,IMPS,success
T0011341,A001133,A000327,58891,2026-07-04T08:37:17,IMPS,success
T0004920,A000808,A000105,441,2026-07-04T08:37:39,IMPS,success
T0009007,A000051,A000888,1600,2026-07-04T08:38:57,UPI,success
T0006926,A001329,A001165,298,2026-07-04T08:40:18,IMPS,success
T0003568,A001165,A000745,644,2026-07-04T08:41:12,UPI,success
T0000709,A000513,A000576,1777,2026-07-04T08:45:48,NEFT,success
T0004674,A000223,A001365,1860,2026-07-04T08:50:13,UPI,success
T0005576,A000289,A000125,464,2026-07-04T08:50:36,IMPS,success
T0013541,A001218,A000568,373,2026-07-04T08:53:01,UPI,success
T0003363,A000125,A000774,355,2026-07-04T08:56:45,UPI,success
T0010026,A001337,A001049,11907,2026-07-04T09:06:53,IMPS,success
T0000080,A001471,A001456,32829,2026-07-04T09:09:11,UPI,success
T0007896,A000145,A000999,700,2026-07-04T09:10:41,UPI,success
T0005865,A001368,A000751,2111,2026-07-04T09:15:23,IMPS,success
T0000581,A000232,A000228,3385,2026-07-04T09:20:11,UPI,success
T0011354,A000834,A001180,27032,2026-07-04T09:27:15,UPI,success
T0008831,A000848,A000740,80000,2026-07-04T09:29:06,UPI,success
T0013514,A000759,A000184,432,2026-07-04T09:31:04,NEFT,success
T0000611,A000522,A001352,65000,2026-07-04T09:31:45,NEFT,success
T0004677,A000006,A000087,1809,2026-07-04T09:33:21,UPI,success
T0004943,A000216,A000448,674,2026-07-04T09:36:25,UPI,success
T0002006,A000308,A000307,65000,2026-07-04T09:37:30,IMPS,success
T0013728,A001229,A000781,2090,2026-07-04T09:40:19,NEFT,success
T0009362,A000412,A000492,1598,2026-07-04T09:41:01,UPI,success
T0005669,A000698,A001296,555,2026-07-04T09:43:36,IMPS,success
T0009720,A000565,A000144,18374,2026-07-04T09:44:07,NEFT,success
T0014804,A001078,A001341,3010,2026-07-04T09:44:10,NEFT,success
T0009398,A000300,A000655,5000,2026-07-04T09:46:17,UPI,success
T0001087,A001291,A000826,535,2026-07-04T09:47:45,UPI,success
T0009668,A001156,A000057,493,2026-07-04T09:47:53,NEFT,success
T0003448,A000386,A000821,30364,2026-07-04T09:48:15,NEFT,success
T0001099,A001210,A000342,836,2026-07-04T09:49:05,UPI,success
T0003723,A001021,A000063,16571,2026-07-04T09:49:26,UPI,success
T0003164,A000123,A000196,807,2026-07-04T09:50:55,IMPS,success
T0010870,A000530,A000877,1611,2026-07-04T09:52:50,UPI,success
T0004833,A000052,A000442,561,2026-07-04T10:00:58,IMPS,success
T0011479,A000457,A000010,12434,2026-07-04T10:01:24,NEFT,success
T0010407,A000100,A000214,5000,2026-07-04T10:06:02,IMPS,success
T0012757,A000488,A000654,26185,2026-07-04T10:07:55,IMPS,success
T0001467,A000945,A000672,6661,2026-07-04T10:10:21,NEFT,success
T0001115,A000657,A000675,3096,2026-07-04T10:11:27,NEFT,success
T0014505,A001178,A000794,974,2026-07-04T10:11:40,NEFT,success
T0004904,A000287,A000035,80000,2026-07-04T10:13:35,UPI,success
T0013281,A000309,A000052,1155,2026-07-04T10:15:54,NEFT,success
T0014991,A000406,A000648,131,2026-07-04T10:17:18,UPI,success
T0003542,A000489,A000870,7516,2026-07-04T10:19:22,NEFT,success
T0010841,A000644,A001007,4355,2026-07-04T10:24:49,UPI,success
T0014201,A000122,A000898,4466,2026-07-04T10:25:03,IMPS,success
T0006747,A000148,A000481,65000,2026-07-04T10:28:29,UPI,success
T0002140,A001006,A000572,33271,2026-07-04T10:31:01,NEFT,success
T0005392,A000230,A000621,3849,2026-07-04T10:33:00,NEFT,success
T0000432,A000467,A000376,25000,2026-07-04T10:37:35,IMPS,success
T0011108,A000497,A001271,1270,2026-07-04T10:37:49,NEFT,success
T0004665,A000113,A000381,25000,2026-07-04T10:40:45,IMPS,success
T0007984,A001102,A000125,842,2026-07-04T10:47:20,IMPS,success
T0010645,A000048,A001152,1173,2026-07-04T10:52:40,NEFT,success
T0007895,A001310,A001124,1152,2026-07-04T10:53:02,NEFT,success
T0013254,A000959,A000735,19852,2026-07-04T10:54:33,IMPS,success
T0013556,A000934,A000762,194,2026-07-04T10:58:30,UPI,success
T0001155,A000378,A000695,363,2026-07-04T10:58:52,NEFT,success
T0012837,A000307,A000601,15353,2026-07-04T11:00:07,NEFT,success
T0006837,A001209,A000176,7041,2026-07-04T11:02:42,NEFT,success
T0010927,A001042,A000607,369,2026-07-04T11:03:46,NEFT,success
T0008020,A001204,A001234,886,2026-07-04T11:06:15,NEFT,success
T0013850,A000020,A000406,560,2026-07-04T11:09:45,NEFT,success
T0012271,A000977,A000769,68345,2026-07-04T11:11:33,UPI,success
T0006330,A001364,A000792,1382,2026-07-04T11:15:39,IMPS,success
T0010356,A001114,A000224,104,2026-07-04T11:17:08,UPI,success
T0004926,A001170,A000421,324,2026-07-04T11:20:30,UPI,success
T0001601,A000172,A001190,1691,2026-07-04T11:21:54,NEFT,success
T0014354,A000483,A001281,1352,2026-07-04T11:23:32,NEFT,success
T0003294,A001365,A001156,434,2026-07-04T11:24:17,NEFT,failed
T0001681,A000485,A000686,2011,2026-07-04T11:26:50,UPI,success
T0001811,A000489,A000126,26386,2026-07-04T11:29:09,UPI,success
T0001964,A000055,A000577,127,2026-07-04T11:32:23,NEFT,success
T0006124,A000579,A001244,312,2026-07-04T11:36:17,IMPS,success
T0009047,A000774,A001158,504,2026-07-04T11:39:21,NEFT,success
T0005466,A000912,A000409,551,2026-07-04T11:42:25,IMPS,success
T0012035,A000497,A000643,1223,2026-07-04T11:43:03,NEFT,success
T0007546,A000321,A000692,41460,2026-07-04T11:43:17,NEFT,success
T0002736,A000744,A000019,1323,2026-07-04T11:43:18,IMPS,success
T0013730,A000745,A001020,1049,2026-07-04T11:44:23,NEFT,success
T0009654,A000404,A000751,16099,2026-07-04T11:45:36,NEFT,success
T0009359,A001051,A000634,43674,2026-07-04T11:51:47,UPI,success
T0009312,A000681,A000845,701,2026-07-04T11:51:57,UPI,success
T0001541,A001111,A000670,509,2026-07-04T11:54:04,UPI,success
T0002613,A000265,A000685,16700,2026-07-04T11:54:27,IMPS,success
T0002030,A001337,A000950,878,2026-07-04T11:54:52,IMPS,success
T0006032,A000298,A001279,90,2026-07-04T11:56:01,NEFT,success
T0012198,A000856,A001318,460,2026-07-04T11:56:20,NEFT,success
T0004028,A001253,A000704,15000,2026-07-04T11:56:53,IMPS,success
T0010428,A000517,A000386,1178,2026-07-04T11:58:51,NEFT,success
T0007460,A000338,A000680,7747,2026-07-04T12:01:54,IMPS,success
T0004180,A000042,A001327,473,2026-07-04T12:02:53,UPI,success
T0005174,A000040,A000486,10536,2026-07-04T12:08:53,NEFT,success
T0005573,A000657,A000254,11297,2026-07-04T12:10:14,UPI,success
T0013394,A000441,A000782,35000,2026-07-04T12:11:25,IMPS,success
T0012732,A000435,A000493,1140,2026-07-04T12:20:22,NEFT,success
T0006856,A001353,A001115,26636,2026-07-04T12:21:50,UPI,success
T0004027,A000837,A000513,262,2026-07-04T12:22:30,UPI,success
T0010999,A001336,A000087,20262,2026-07-04T12:30:32,IMPS,success
T0005702,A000691,A000053,1908,2026-07-04T12:35:08,IMPS,success
T0009550,A001072,A000134,50000,2026-07-04T12:41:34,UPI,success
T0003085,A000467,A000638,35000,2026-07-04T12:43:48,UPI,success
T0004096,A001078,A000178,1375,2026-07-04T12:45:16,NEFT,success
T0004935,A001232,A000568,1133,2026-07-04T12:47:13,IMPS,success
T0007030,A001299,A001358,15402,2026-07-04T12:54:02,IMPS,success
T0007158,A000518,A000540,63872,2026-07-04T12:55:51,IMPS,success
T0003593,A000889,A001342,24525,2026-07-04T13:02:02,IMPS,success
T0005431,A000260,A000898,471,2026-07-04T13:08:12,UPI,success
T0013933,A001192,A001354,680,2026-07-04T13:09:33,UPI,success
T0008116,A000758,A000142,3477,2026-07-04T13:11:59,NEFT,success
T0014259,A001261,A000925,35000,2026-07-04T13:16:55,IMPS,success
T0003696,A000116,A001202,783,2026-07-04T13:18:49,UPI,success
T0001273,A000944,A000438,1618,2026-07-04T13:22:06,NEFT,success
T0006629,A000890,A000753,8959,2026-07-04T13:22:53,NEFT,success
T0009817,A000824,A000059,147,2026-07-04T13:24:50,IMPS,success
T0006557,A000573,A000950,71886,2026-07-04T13:25:46,UPI,success
T0005510,A000015,A000834,19060,2026-07-04T13:29:42,UPI,success
T0006940,A001371,A000049,246,2026-07-04T13:30:16,IMPS,success
T0008910,A000279,A000463,645,2026-07-04T13:32:22,IMPS,success
T0006815,A000933,A000297,5004,2026-07-04T13:32:26,NEFT,success
T0006635,A001154,A000933,1055,2026-07-04T13:39:49,IMPS,success
T0005277,A001045,A000611,3154,2026-07-04T13:44:17,UPI,success
T0002336,A001129,A000156,7694,2026-07-04T13:46:51,NEFT,success
T0005820,A000969,A000053,5910,2026-07-04T13:47:57,UPI,success
T0000702,A000035,A000058,606,2026-07-04T13:49:46,UPI,success
T0011449,A000779,A000937,2016,2026-07-04T13:50:02,UPI,success
T0002568,A000240,A001065,35000,2026-07-04T13:51:59,NEFT,success
T0006348,A000009,A001169,19146,2026-07-04T13:52:41,UPI,success
T0007937,A000588,A000567,20131,2026-07-04T13:54:57,IMPS,success
T0004760,A000174,A000729,463,2026-07-04T13:55:59,NEFT,success
T0011238,A000708,A000282,35000,2026-07-04T13:56:36,UPI,success
T0008014,A000539,A001175,974,2026-07-04T13:57:13,NEFT,success
T0004933,A000167,A001094,763,2026-07-04T13:59:41,IMPS,success
T0014421,A000756,A000172,15000,2026-07-04T14:02:41,IMPS,success
T0004514,A000164,A000711,80000,2026-07-04T14:03:25,NEFT,success
T0008440,A001114,A001121,13406,2026-07-04T14:06:20,IMPS,success
T0005212,A000050,A000075,3412,2026-07-04T14:07:31,UPI,success
T0001944,A001040,A000344,171,2026-07-04T14:08:22,NEFT,success
T0006909,A000090,A000972,1145,2026-07-04T14:09:28,NEFT,success
T0009356,A000929,A000610,1230,2026-07-04T14:09:42,IMPS,success
T0004620,A000798,A001255,14514,2026-07-04T14:12:26,UPI,success
T0009703,A000717,A000472,893,2026-07-04T14:12:54,IMPS,success
T0005922,A001219,A000790,947,2026-07-04T14:13:54,IMPS,success
T0011009,A001231,A000973,17937,2026-07-04T14:15:32,IMPS,success
T0002479,A001204,A000855,606,2026-07-04T14:15:44,NEFT,success
T0013962,A000744,A000852,65000,2026-07-04T14:18:56,IMPS,success
T0012937,A000236,A000719,13312,2026-07-04T14:19:53,NEFT,success
T0007898,A000903,A001070,8144,2026-07-04T14:20:37,IMPS,success
T0000239,A000734,A000875,2063,2026-07-04T14:23:19,NEFT,success
T0011299,A001043,A001173,25000,2026-07-04T14:29:41,IMPS,success
T0009786,A000603,A000908,716,2026-07-04T14:31:02,NEFT,success
T0002691,A001109,A000431,542,2026-07-04T14:31:29,NEFT,success
T0004278,A001019,A000577,19798,2026-07-04T14:37:10,IMPS,success
T0001230,A001182,A000039,1138,2026-07-04T14:43:25,NEFT,success
T0001496,A000178,A001332,25000,2026-07-04T14:49:53,UPI,success
T0009820,A000470,A000552,605,2026-07-04T14:57:10,NEFT,success
T0007582,A000569,A001190,5236,2026-07-04T14:58:20,NEFT,success
T0014283,A000791,A000661,825,2026-07-04T15:02:16,NEFT,success
T0004404,A000727,A000729,65000,2026-07-04T15:02:34,UPI,success
T0009894,A000083,A000364,43844,2026-07-04T15:04:55,IMPS,success
T0000685,A000844,A000437,5602,2026-07-04T15:05:37,IMPS,success
T0011504,A000012,A000578,50000,2026-07-04T15:06:43,UPI,success
T0005668,A001003,A000259,35000,2026-07-04T15:07:18,NEFT,success
T0007551,A000550,A000421,692,2026-07-04T15:07:59,IMPS,success
T0009788,A001049,A000194,178,2026-07-04T15:08:12,UPI,success
T0005828,A000326,A001259,1053,2026-07-04T15:16:10,UPI,success
T0003766,A000130,A001034,7889,2026-07-04T15:19:48,IMPS,success
T0012835,A000768,A001271,465,2026-07-04T15:21:40,IMPS,success
T0014128,A000519,A000253,65000,2026-07-04T15:25:05,IMPS,success
T0005744,A000660,A001261,290,2026-07-04T15:35:49,UPI,success
T0013871,A000044,A000864,628,2026-07-04T15:36:50,NEFT,success
T0012126,A001130,A000761,996,2026-07-04T15:37:11,IMPS,success
T0011815,A001240,A000577,629,2026-07-04T15:41:03,UPI,success
T0002157,A001372,A000575,446,2026-07-04T15:44:21,IMPS,success
T0011557,A000939,A000433,1145,2026-07-04T15:46:38,UPI,success
T0005529,A001160,A000481,35000,2026-07-04T15:47:36,NEFT,success
T0007073,A000852,A000707,26968,2026-07-04T15:51:47,NEFT,success
T0011313,A000106,A000942,1189,2026-07-04T15:52:05,UPI,success
T0001650,A000118,A001170,15000,2026-07-04T16:00:04,NEFT,success
T0004650,A001131,A000626,832,2026-07-04T16:02:37,NEFT,success
T0011912,A001091,A001343,964,2026-07-04T16:15:52,UPI,success
T0006729,A000056,A001038,2530,2026-07-04T16:20:21,IMPS,success
T0013835,A001091,A001113,391,2026-07-04T16:22:03,NEFT,success
T0007948,A000945,A000525,571,2026-07-04T16:28:02,NEFT,success
T0000378,A001283,A000350,35000,2026-07-04T16:28:19,UPI,success
T0000258,A000593,A001238,3199,2026-07-04T16:28:31,IMPS,success
T0005226,A000933,A000925,80000,2026-07-04T16:30:31,NEFT,success
T0003575,A000011,A001103,9985,2026-07-04T16:32:14,NEFT,success
T0000725,A001035,A000216,6700,2026-07-04T16:32:17,UPI,success
T0005355,A000938,A000827,386,2026-07-04T16:37:18,NEFT,success
T0007498,A001325,A001269,190,2026-07-04T16:40:08,UPI,success
T0008492,A000703,A001320,777,2026-07-04T16:41:45,IMPS,success
T0012492,A000560,A000205,954,2026-07-04T16:42:49,UPI,success
T0001499,A000631,A001055,1073,2026-07-04T16:44:04,UPI,success
T0008463,A001196,A000683,13385,2026-07-04T16:46:48,IMPS,success
T0012540,A000137,A000033,370,2026-07-04T16:53:29,IMPS,success
T0012776,A000446,A001362,473,2026-07-04T16:53:36,IMPS,success
T0009297,A001255,A000778,27296,2026-07-04T16:54:40,UPI,success
T0007814,A000343,A001028,65000,2026-07-04T17:01:34,UPI,success
T0005242,A000715,A000088,1284,2026-07-04T17:08:31,UPI,success
T0005175,A000125,A001096,945,2026-07-04T17:09:26,NEFT,success
T0009805,A000247,A000382,807,2026-07-04T17:10:50,UPI,success
T0005202,A000165,A001325,52723,2026-07-04T17:11:58,NEFT,success
T0001266,A000841,A000922,365,2026-07-04T17:16:01,NEFT,success
T0003629,A000344,A000924,418,2026-07-04T17:16:04,UPI,success
T0000822,A000354,A000257,65000,2026-07-04T17:20:36,IMPS,success
T0010677,A001365,A000708,5000,2026-07-04T17:21:02,UPI,success
T0007527,A000999,A000595,2157,2026-07-04T17:27:41,UPI,success
T0011759,A000461,A000650,29471,2026-07-04T17:28:59,UPI,success
T0001285,A001173,A001255,20317,2026-07-04T17:29:10,UPI,success
T0011585,A000932,A000143,1215,2026-07-04T17:33:48,UPI,success
T0007569,A001034,A000907,391,2026-07-04T17:36:05,UPI,success
T0014289,A001233,A000737,27893,2026-07-04T17:39:11,IMPS,success
T0006730,A000278,A000720,31705,2026-07-04T17:41:48,UPI,success
T0007118,A000510,A000993,15537,2026-07-04T17:44:47,UPI,success
T0000989,A000528,A000052,480,2026-07-04T17:50:58,UPI,success
T0001887,A000698,A001002,1376,2026-07-04T17:51:51,IMPS,success
T0002436,A000680,A000964,423,2026-07-04T17:53:23,IMPS,success
T0000640,A000698,A000407,176,2026-07-04T17:54:20,UPI,success
T0012580,A000938,A001248,208,2026-07-04T17:56:24,IMPS,success
T0008832,A000594,A000888,841,2026-07-04T17:56:50,UPI,success
T0009837,A001293,A000726,25000,2026-07-04T17:57:10,UPI,success
T0001892,A000307,A000985,70000,2026-07-04T17:58:10,UPI,success
T0010505,A000061,A001098,358,2026-07-04T18:07:31,NEFT,success
T0012433,A000204,A000776,80000,2026-07-04T18:08:04,NEFT,success
T0006955,A001175,A000115,1128,2026-07-04T18:08:29,UPI,success
T0013223,A000366,A000488,80000,2026-07-04T18:08:50,UPI,success
T0010622,A000693,A000757,35000,2026-07-04T18:10:09,UPI,success
T0008069,A000951,A001160,820,2026-07-04T18:10:56,IMPS,success
T0014948,A000847,A000049,19657,2026-07-04T18:14:21,UPI,success
T0008576,A000876,A000864,496,2026-07-04T18:15:37,NEFT,success
T0008469,A001355,A000290,406,2026-07-04T18:17:10,NEFT,success
T0001774,A001163,A001156,48130,2026-07-04T18:18:00,IMPS,success
T0008291,A000354,A001327,42410,2026-07-04T18:24:25,UPI,success
T0011412,A001083,A000426,853,2026-07-04T18:24:35,UPI,success
T0012622,A000238,A000586,1188,2026-07-04T18:25:43,UPI,success
T0008994,A000049,A001341,8820,2026-07-04T18:25:53,UPI,success
T0009061,A000383,A000737,1688,2026-07-04T18:28:16,NEFT,failed
T0010724,A001225,A001152,843,2026-07-04T18:29:20,IMPS,success
T0014959,A000618,A000097,80000,2026-07-04T18:29:51,IMPS,success
T0013794,A000807,A000122,665,2026-07-04T18:31:20,NEFT,success
T0011387,A000101,A000592,432,2026-07-04T18:31:29,UPI,success
T0000721,A000322,A000989,6024,2026-07-04T18:31:30,IMPS,success
T0006174,A001159,A000891,32732,2026-07-04T18:32:47,NEFT,success
T0013478,A000983,A001191,779,2026-07-04T18:51:44,UPI,success
T0010024,A001253,A001211,15000,2026-07-04T18:51:46,UPI,success
T0010966,A000162,A000493,1889,2026-07-04T18:51:59,IMPS,success
T0014679,A000982,A000179,205,2026-07-04T19:00:52,UPI,success
T0004773,A000243,A001065,327,2026-07-04T19:04:37,IMPS,success
T0002180,A000023,A000791,65000,2026-07-04T19:09:09,UPI,success
T0003640,A000015,A001376,45738,2026-07-04T19:10:19,UPI,success
T0005901,A001274,A001057,219,2026-07-04T19:11:04,IMPS,success
T0012729,A001233,A000007,23645,2026-07-04T19:11:38,UPI,success
T0010597,A001217,A001307,739,2026-07-04T19:22:34,IMPS,success
T0012966,A000624,A000305,640,2026-07-04T19:29:41,NEFT,success
T0006478,A000784,A000651,827,2026-07-04T19:29:58,UPI,success
T0002021,A000977,A000242,1300,2026-07-04T19:30:54,NEFT,success
T0002196,A000676,A001192,1223,2026-07-04T19:31:07,NEFT,success
T0005539,A000370,A000437,10310,2026-07-04T19:33:47,IMPS,success
T0007304,A001030,A000256,16254,2026-07-04T19:37:19,IMPS,success
T0011448,A000971,A001030,485,2026-07-04T19:38:59,NEFT,success
T0004836,A001360,A001234,1516,2026-07-04T19:39:07,IMPS,success
T0005659,A001373,A000119,50000,2026-07-04T19:41:20,UPI,success
T0005214,A000579,A000252,110,2026-07-04T19:41:25,UPI,success
T0013609,A000011,A000383,955,2026-07-04T19:53:39,UPI,success
T0013985,A000901,A001193,1143,2026-07-04T19:57:36,IMPS,success
T0008772,A001087,A001028,22529,2026-07-04T19:58:13,IMPS,success
T0010895,A001144,A000895,5903,2026-07-04T20:00:24,NEFT,success
T0011360,A000556,A000379,517,2026-07-04T20:02:06,NEFT,success
T0002303,A001035,A000654,762,2026-07-04T20:02:55,UPI,success
T0014823,A001349,A001106,25000,2026-07-04T20:08:19,IMPS,success
T0003106,A000350,A000224,1011,2026-07-04T20:09:08,IMPS,success
T0012703,A000268,A000598,1189,2026-07-04T20:11:17,IMPS,success
T0001982,A001250,A000735,85883,2026-07-04T20:14:38,UPI,failed
T0003193,A001099,A000855,354,2026-07-04T20:17:05,UPI,success
T0004269,A001105,A001173,1202,2026-07-04T20:18:25,NEFT,success
T0009418,A000410,A000651,1506,2026-07-04T20:18:54,IMPS,success
T0006321,A000166,A001148,637,2026-07-04T20:25:57,IMPS,success
T0001239,A000456,A001151,35000,2026-07-04T20:35:48,UPI,success
T0000947,A000716,A001031,155921,2026-07-04T20:35:55,UPI,success
T0011924,A000642,A000364,606,2026-07-04T20:36:30,NEFT,success
T0006560,A000847,A000703,1294,2026-07-04T20:38:36,NEFT,success
T0014944,A000717,A000686,35000,2026-07-04T20:38:38,UPI,success
T0009913,A000143,A000718,20593,2026-07-04T20:47:58,NEFT,success
T0009523,A000030,A000840,608,2026-07-04T20:56:52,UPI,success
T0005943,A000636,A000499,3536,2026-07-04T21:01:37,NEFT,success
T0013110,A001368,A000748,615,2026-07-04T21:04:07,IMPS,success
T0002401,A000652,A000240,96572,2026-07-04T21:07:00,NEFT,success
T0008348,A000767,A000688,216,2026-07-04T21:07:08,IMPS,success
T0003809,A000599,A001114,2363,2026-07-04T21:08:03,UPI,success
T0009277,A000417,A000387,269,2026-07-04T21:09:10,NEFT,success
T0010601,A000533,A000070,5506,2026-07-04T21:10:45,NEFT,success
T0013205,A000398,A000319,10767,2026-07-04T21:10:49,NEFT,success
T0004555,A000029,A001175,25000,2026-07-04T21:14:51,NEFT,success
T0011185,A000003,A000086,19824,2026-07-04T21:15:43,IMPS,success
T0003001,A000170,A000967,490,2026-07-04T21:21:52,NEFT,success
T0003079,A000659,A001245,46029,2026-07-04T21:25:05,NEFT,success
T0010512,A000840,A001105,24444,2026-07-04T21:25:12,IMPS,failed
T0002975,A001155,A001267,1689,2026-07-04T21:25:14,IMPS,success
T0001943,A000002,A000385,80000,2026-07-04T21:33:55,IMPS,success
T0003367,A000493,A000938,107,2026-07-04T21:36:15,IMPS,success
T0013967,A000610,A000649,854,2026-07-04T21:38:39,NEFT,success
T0009122,A000081,A000992,3842,2026-07-04T21:39:32,NEFT,success
T0005325,A000011,A000576,136,2026-07-04T21:40:07,UPI,success
T0010444,A000582,A000286,320,2026-07-04T21:43:46,UPI,success
T0007013,A000517,A000891,608,2026-07-04T21:45:59,NEFT,success
T0007900,A000014,A000872,73315,2026-07-04T21:46:58,NEFT,success
T0013162,A000719,A000661,1494,2026-07-04T21:48:39,IMPS,success
T0006005,A000347,A001263,50000,2026-07-04T21:54:24,NEFT,success
T0000661,A000829,A000887,853,2026-07-04T21:55:00,IMPS,success
T0002896,A000999,A001318,2931,2026-07-04T21:55:51,UPI,success
T0006073,A000485,A000147,8251,2026-07-04T21:59:08,UPI,success
T0001579,A000033,A000889,25000,2026-07-04T21:59:51,NEFT,success
T0008138,A000561,A000359,3268,2026-07-04T22:00:56,NEFT,success
T0003833,A000975,A001349,933,2026-07-04T22:02:33,NEFT,success
T0014224,A000104,A001064,1943,2026-07-04T22:04:54,IMPS,success
T0013464,A001028,A001132,50000,2026-07-04T22:08:19,UPI,success
T0009138,A000450,A000424,975,2026-07-04T22:13:06,UPI,success
T0006454,A000877,A001002,80000,2026-07-04T22:14:22,UPI,success
T0009218,A000171,A000901,1492,2026-07-04T22:15:39,UPI,success
T0008935,A000812,A000948,833,2026-07-04T22:18:34,IMPS,success
T0004263,A001135,A000719,2591,2026-07-04T22:20:47,NEFT,success
T0006119,A000176,A000309,43294,2026-07-04T22:27:13,IMPS,success
T0008739,A000333,A001288,26578,2026-07-04T22:29:24,UPI,success
T0006771,A000074,A000492,432,2026-07-04T22:29:26,IMPS,success
T0000076,A001467,A001457,28054,2026-07-04T22:34:00,UPI,success
T0000198,A001310,A000155,807,2026-07-04T22:37:12,UPI,success
T0004568,A000449,A000629,9595,2026-07-04T22:42:59,IMPS,success
T0006272,A000911,A000485,80000,2026-07-04T22:43:39,NEFT,success
T0013885,A000855,A000524,899,2026-07-04T22:46:33,NEFT,success
T0009399,A000734,A000084,2462,2026-07-04T22:51:06,NEFT,success
T0011425,A000089,A000294,17922,2026-07-04T22:51:49,IMPS,success
T0012192,A000306,A000539,35000,2026-07-04T22:52:17,UPI,failed
T0003066,A000859,A000926,59477,2026-07-04T22:53:45,NEFT,success
T0003754,A000054,A000452,25000,2026-07-04T22:54:16,IMPS,success
T0001199,A000573,A001152,20352,2026-07-04T22:56:58,IMPS,success
T0001682,A000615,A001286,19841,2026-07-04T23:00:31,NEFT,success
T0000441,A000063,A001177,15000,2026-07-04T23:00:34,IMPS,success
T0009410,A000777,A000976,1395,2026-07-04T23:03:34,IMPS,success
T0000506,A000170,A000590,452,2026-07-04T23:05:32,IMPS,success
T0012105,A000383,A000898,15000,2026-07-04T23:05:38,UPI,success
T0009263,A000770,A000396,980,2026-07-04T23:06:17,UPI,success
T0005097,A001117,A001038,322,2026-07-04T23:06:53,UPI,success
T0002190,A000923,A000220,50000,2026-07-04T23:07:35,NEFT,success
T0007457,A000591,A000859,582,2026-07-04T23:12:09,UPI,success
T0001182,A000271,A000643,4398,2026-07-04T23:12:25,NEFT,success
T0005671,A000802,A000410,17684,2026-07-04T23:13:26,UPI,success
T0008709,A001374,A000666,1006,2026-07-04T23:16:43,UPI,success
T0000465,A000694,A000177,23860,2026-07-04T23:20:54,NEFT,success
T0013307,A000272,A001097,25000,2026-07-04T23:21:02,UPI,success
T0013156,A001131,A000345,6559,2026-07-04T23:22:33,UPI,success
T0012779,A000138,A000946,389,2026-07-04T23:23:17,UPI,success
T0011570,A000952,A001263,1654,2026-07-04T23:23:26,IMPS,success
T0001885,A000246,A000141,996,2026-07-04T23:25:12,NEFT,success
T0006755,A000190,A000085,544,2026-07-04T23:29:08,UPI,success
T0012443,A000978,A000090,7182,2026-07-04T23:34:50,NEFT,success
T0006651,A001306,A000330,1722,2026-07-04T23:41:33,NEFT,success
T0013301,A000238,A001198,671,2026-07-04T23:45:03,IMPS,success
T0002103,A000596,A000172,298,2026-07-04T23:47:04,IMPS,failed
T0007787,A000072,A000963,14206,2026-07-04T23:48:58,UPI,failed
T0005727,A000793,A000945,687,2026-07-04T23:50:23,IMPS,failed
T0014866,A000558,A000639,35987,2026-07-04T23:53:47,UPI,success
T0000591,A000293,A000288,22504,2026-07-05T00:02:37,IMPS,success
T0009585,A000126,A001370,66270,2026-07-05T00:03:28,UPI,success
T0003057,A000463,A000919,686,2026-07-05T00:08:23,NEFT,success
T0000233,A000629,A000838,80000,2026-07-05T00:12:54,IMPS,success
T0009813,A000961,A000573,829,2026-07-05T00:13:03,NEFT,success
T0010592,A000643,A001053,15735,2026-07-05T00:21:39,UPI,success
T0014160,A000426,A000016,118,2026-07-05T00:22:34,IMPS,failed
T0001716,A001274,A001165,2203,2026-07-05T00:24:22,NEFT,success
T0014447,A001243,A000483,547,2026-07-05T00:25:00,IMPS,success
T0001760,A001154,A000443,229,2026-07-05T00:28:39,NEFT,success
T0010295,A000428,A000308,137,2026-07-05T00:28:55,UPI,success
T0008161,A000445,A001371,591,2026-07-05T00:36:49,NEFT,success
T0012205,A000468,A001021,12873,2026-07-05T00:37:04,UPI,success
T0014038,A000749,A001107,11773,2026-07-05T00:39:06,IMPS,success
T0011720,A000839,A001092,5713,2026-07-05T00:44:43,IMPS,success
T0001801,A000490,A000792,65000,2026-07-05T00:48:09,UPI,success
T0001161,A000560,A000674,1162,2026-07-05T00:49:29,NEFT,success
T0005048,A000124,A000251,584,2026-07-05T00:50:42,UPI,success
T0011186,A000651,A000159,275,2026-07-05T00:51:52,UPI,success
T0003952,A000929,A000258,1276,2026-07-05T00:54:53,IMPS,success
T0003219,A000998,A000361,902,2026-07-05T01:02:26,NEFT,success
T0014833,A001002,A000805,18415,2026-07-05T01:03:34,NEFT,success
T0006863,A001124,A001092,2433,2026-07-05T01:05:03,IMPS,success
T0012246,A001080,A000195,296,2026-07-05T01:12:40,UPI,success
T0001414,A000791,A000349,302,2026-07-05T01:14:57,IMPS,success
T0011659,A000793,A000425,897,2026-07-05T01:16:45,NEFT,success
T0003385,A000114,A000356,5855,2026-07-05T01:18:39,NEFT,success
T0013762,A000094,A001157,634,2026-07-05T01:19:37,NEFT,success
T0004081,A001216,A000529,570,2026-07-05T01:34:07,UPI,success
T0003278,A001232,A000107,623,2026-07-05T01:34:23,UPI,success
T0013875,A000478,A000689,720,2026-07-05T01:38:23,UPI,success
T0012479,A000127,A000909,3320,2026-07-05T01:40:12,IMPS,success
T0011611,A000272,A000420,1438,2026-07-05T01:40:36,UPI,success
T0001592,A000261,A000254,21778,2026-07-05T01:40:59,NEFT,success
T0014155,A000700,A001120,879,2026-07-05T01:43:01,NEFT,success
T0009023,A001376,A001023,34043,2026-07-05T01:45:03,NEFT,success
T0001022,A000131,A001215,34008,2026-07-05T01:46:10,NEFT,success
T0005803,A000315,A000466,369,2026-07-05T01:50:09,UPI,success
T0007465,A000354,A000320,6393,2026-07-05T01:51:31,UPI,success
T0014357,A000756,A000083,13265,2026-07-05T01:59:06,UPI,success
T0014594,A000076,A000134,15000,2026-07-05T02:00:13,IMPS,success
T0004623,A000140,A000954,2485,2026-07-05T02:04:14,IMPS,success
T0012662,A000079,A000764,1677,2026-07-05T02:05:53,IMPS,success
T0010613,A000084,A000581,1003,2026-07-05T02:10:00,NEFT,success
T0006408,A001102,A000242,30564,2026-07-05T02:10:14,IMPS,success
T0007919,A001352,A000952,35000,2026-07-05T02:11:53,IMPS,success
T0000309,A000499,A001290,52781,2026-07-05T02:19:29,IMPS,success
T0004992,A001106,A000871,65000,2026-07-05T02:20:52,UPI,success
T0005732,A000729,A001144,713,2026-07-05T02:21:17,UPI,success
T0000575,A000095,A001304,1635,2026-07-05T02:24:05,IMPS,success
T0008036,A000796,A000779,32865,2026-07-05T02:24:39,IMPS,success
T0004439,A000883,A001244,3998,2026-07-05T02:28:09,NEFT,success
T0009764,A000687,A001110,14353,2026-07-05T02:28:14,UPI,success
T0012006,A000176,A000286,35000,2026-07-05T02:31:37,IMPS,success
T0011756,A000913,A001118,52274,2026-07-05T02:32:35,NEFT,success
T0000193,A000714,A000663,1259,2026-07-05T02:37:16,IMPS,success
T0006003,A000639,A001185,470,2026-07-05T02:48:04,NEFT,success
T0005426,A000190,A000293,37211,2026-07-05T02:50:31,UPI,success
T0004715,A000680,A000305,730,2026-07-05T02:50:51,IMPS,success
T0005447,A001129,A000773,1416,2026-07-05T03:01:53,IMPS,success
T0011007,A000896,A000333,50000,2026-07-05T03:02:37,NEFT,success
T0011437,A000386,A001233,39773,2026-07-05T03:02:43,UPI,success
T0004502,A000315,A000525,592,2026-07-05T03:02:44,NEFT,success
T0011551,A001134,A001380,37032,2026-07-05T03:05:01,UPI,success
T0008136,A000907,A000896,121702,2026-07-05T03:09:19,IMPS,success
T0001912,A000791,A001230,227,2026-07-05T03:09:39,UPI,success
T0007915,A000986,A000998,62269,2026-07-05T03:09:51,IMPS,success
T0014102,A000089,A000857,14675,2026-07-05T03:13:10,IMPS,success
T0008717,A000841,A000148,1798,2026-07-05T03:15:59,UPI,success
T0005745,A001181,A000078,2297,2026-07-05T03:26:49,NEFT,success
T0007371,A000664,A000208,2398,2026-07-05T03:29:42,UPI,success
T0002082,A000262,A000663,155724,2026-07-05T03:33:43,NEFT,success
T0004726,A000827,A000027,735,2026-07-05T03:42:46,NEFT,success
T0001351,A000302,A000578,6815,2026-07-05T03:42:47,UPI,success
T0002174,A000558,A000724,19399,2026-07-05T03:45:32,UPI,success
T0013402,A000918,A000136,918,2026-07-05T03:47:42,NEFT,success
T0011881,A000381,A000354,669,2026-07-05T03:50:11,UPI,success
T0002685,A000382,A000959,23739,2026-07-05T03:54:11,IMPS,success
T0007732,A000440,A000430,7450,2026-07-05T03:54:20,UPI,success
T0012819,A000459,A001155,650,2026-07-05T03:58:13,NEFT,success
T0013367,A000961,A000070,383,2026-07-05T03:59:14,NEFT,success
T0004577,A000085,A000259,340,2026-07-05T03:59:27,IMPS,success
T0011646,A000390,A000072,1010,2026-07-05T04:00:01,NEFT,success
T0009095,A001000,A000388,152,2026-07-05T04:00:04,IMPS,success
T0013095,A001362,A000716,21566,2026-07-05T04:00:35,IMPS,success
T0007234,A000002,A000407,17918,2026-07-05T04:05:03,IMPS,success
T0010339,A001029,A000216,80000,2026-07-05T04:07:15,IMPS,success
T0009425,A000111,A000210,80000,2026-07-05T04:18:02,UPI,success
T0009954,A000486,A000136,1593,2026-07-05T04:18:49,UPI,success
T0000235,A001321,A001120,30456,2026-07-05T04:20:03,IMPS,failed
T0010704,A000718,A000581,11489,2026-07-05T04:25:48,NEFT,success
T0003613,A000515,A000568,69940,2026-07-05T04:26:23,UPI,success
T0002828,A000697,A001124,779,2026-07-05T04:26:55,NEFT,success
T0014344,A000839,A000482,1253,2026-07-05T04:29:44,NEFT,success
T0012324,A001160,A000438,1337,2026-07-05T04:30:14,IMPS,success
T0002617,A000277,A000737,574,2026-07-05T04:31:01,UPI,success
T0000496,A000419,A000236,33747,2026-07-05T04:32:06,UPI,success
T0012962,A000355,A000721,21251,2026-07-05T04:33:04,IMPS,success
T0001871,A000155,A000818,328,2026-07-05T04:34:07,NEFT,success
T0006846,A000204,A000473,25000,2026-07-05T04:38:45,IMPS,success
T0001769,A000853,A000197,917,2026-07-05T04:43:39,UPI,success
T0001178,A001121,A000200,235,2026-07-05T04:44:52,IMPS,success
T0007035,A000133,A000815,65000,2026-07-05T04:45:14,IMPS,success
T0013663,A001074,A000317,48233,2026-07-05T04:46:56,NEFT,success
T0001791,A001060,A000349,1979,2026-07-05T04:50:08,NEFT,success
T0005602,A000620,A000051,5000,2026-07-05T04:55:43,UPI,success
T0006897,A000378,A000259,2650,2026-07-05T04:56:11,UPI,success
T0005854,A001266,A000827,2052,2026-07-05T04:58:22,IMPS,success
T0013664,A001129,A000645,5806,2026-07-05T05:00:49,IMPS,success
T0007187,A000957,A001212,1429,2026-07-05T05:03:42,NEFT,success
T0013749,A000719,A001327,1881,2026-07-05T05:05:33,UPI,success
T0009062,A001301,A001367,24623,2026-07-05T05:08:24,NEFT,success
T0013103,A000383,A001261,35000,2026-07-05T05:09:44,IMPS,success
T0009628,A000203,A000632,4316,2026-07-05T05:14:13,NEFT,success
T0010676,A000772,A000596,2796,2026-07-05T05:15:31,NEFT,success
T0008801,A001353,A000350,3237,2026-07-05T05:18:40,IMPS,success
T0002359,A000512,A001362,32647,2026-07-05T05:18:56,NEFT,success
T0002362,A000839,A001297,19565,2026-07-05T05:26:18,IMPS,success
T0012932,A001119,A000824,416,2026-07-05T05:29:16,IMPS,success
T0000286,A001252,A000659,15000,2026-07-05T05:38:15,NEFT,success
T0010452,A000258,A001285,7906,2026-07-05T05:40:39,IMPS,success
T0011724,A000741,A000892,50000,2026-07-05T05:43:49,NEFT,success
T0004223,A001157,A001015,35000,2026-07-05T05:50:53,IMPS,success
T0000785,A000812,A001196,1172,2026-07-05T05:52:56,UPI,success
T0008049,A000182,A000712,268,2026-07-05T05:53:02,IMPS,success
T0013737,A000973,A000729,15000,2026-07-05T05:55:07,IMPS,success
T0002483,A000058,A000364,8965,2026-07-05T05:58:49,UPI,success
T0011879,A001326,A000430,182,2026-07-05T05:59:52,IMPS,success
T0000082,A001473,A001453,43782,2026-07-05T06:03:44,UPI,success
T0013256,A000925,A000574,736,2026-07-05T06:12:45,UPI,success
T0009274,A000083,A000695,33900,2026-07-05T06:16:16,IMPS,success
T0010329,A000774,A001348,50000,2026-07-05T06:16:34,IMPS,success
T0005795,A000534,A000921,564,2026-07-05T06:20:20,IMPS,success
T0008313,A000551,A000650,776,2026-07-05T06:23:49,NEFT,success
T0011140,A001350,A000554,635,2026-07-05T06:27:05,UPI,success
T0008613,A000010,A000343,3211,2026-07-05T06:36:04,IMPS,success
T0014142,A000811,A001232,35000,2026-07-05T06:38:46,IMPS,success
T0003048,A000449,A001071,29568,2026-07-05T06:41:52,NEFT,success
T0014860,A000787,A000767,155,2026-07-05T06:44:33,NEFT,success
T0006101,A000211,A000453,71154,2026-07-05T06:46:14,IMPS,success
T0000184,A000492,A000058,911,2026-07-05T06:50:57,UPI,success
T0001048,A000178,A000042,1241,2026-07-05T07:03:44,IMPS,success
T0003340,A001010,A000372,65000,2026-07-05T07:06:21,IMPS,success
T0008354,A000697,A000846,1373,2026-07-05T07:09:39,NEFT,success
T0011165,A000690,A001145,1756,2026-07-05T07:10:31,UPI,success
T0008336,A000723,A001286,537,2026-07-05T07:11:02,UPI,success
T0002263,A001005,A000167,15000,2026-07-05T07:17:11,IMPS,success
T0013284,A000978,A000041,1053,2026-07-05T07:22:28,NEFT,failed
T0006884,A000513,A000434,818,2026-07-05T07:25:10,NEFT,success
T0010671,A000031,A001225,80000,2026-07-05T07:25:16,UPI,success
T0013407,A001191,A001056,1174,2026-07-05T07:25:19,IMPS,success
T0010036,A000843,A001299,116728,2026-07-05T07:31:19,IMPS,success
T0011002,A000346,A000066,783,2026-07-05T07:33:33,IMPS,success
T0001166,A000965,A001192,223,2026-07-05T07:39:07,NEFT,success
T0010008,A001008,A000349,869,2026-07-05T07:40:40,NEFT,success
T0013604,A000590,A000945,1675,2026-07-05T07:40:54,IMPS,success
T0011334,A001289,A000934,24965,2026-07-05T07:45:05,NEFT,success
T0012876,A000248,A001128,25000,2026-07-05T07:45:26,UPI,success
T0005734,A000266,A001232,35000,2026-07-05T07:53:06,IMPS,success
T0011870,A000237,A000762,188,2026-07-05T07:55:39,UPI,success
T0003422,A001139,A000002,65000,2026-07-05T07:56:55,NEFT,success
T0006303,A000992,A000500,23725,2026-07-05T08:05:29,IMPS,success
T0011663,A000401,A000484,80000,2026-07-05T08:10:08,NEFT,success
T0000561,A001240,A000862,20673,2026-07-05T08:17:07,UPI,success
T0012123,A000562,A000315,640,2026-07-05T08:22:08,UPI,success
T0009552,A000642,A001023,10272,2026-07-05T08:22:41,NEFT,success
T0000765,A000681,A000159,2181,2026-07-05T08:23:00,NEFT,success
T0002870,A001317,A000616,2657,2026-07-05T08:25:14,IMPS,success
T0000511,A000073,A000218,320,2026-07-05T08:28:25,NEFT,success
T0011031,A000532,A000214,428,2026-07-05T08:29:25,IMPS,success
T0001355,A000169,A000542,27049,2026-07-05T08:34:54,IMPS,success
T0009974,A000142,A000857,413,2026-07-05T08:39:50,IMPS,success
T0001584,A001228,A001012,1777,2026-07-05T08:40:43,IMPS,success
T0001318,A001357,A000683,185,2026-07-05T08:41:25,UPI,success
T0011712,A000029,A001033,125113,2026-07-05T08:42:52,NEFT,success
T0010042,A000389,A000019,372,2026-07-05T08:44:06,NEFT,success
T0006229,A000620,A000330,15000,2026-07-05T08:44:45,NEFT,success
T0014508,A000300,A000916,6820,2026-07-05T08:45:16,NEFT,success
T0010637,A000333,A000768,50000,2026-07-05T08:46:41,UPI,success
T0012767,A001068,A000289,2133,2026-07-05T08:47:44,IMPS,success
T0003489,A000512,A000028,635,2026-07-05T08:48:32,IMPS,success
T0000874,A001044,A000840,85,2026-07-05T08:51:30,IMPS,success
T0006545,A000108,A000385,2039,2026-07-05T09:01:05,IMPS,success
T0001703,A001257,A001245,285,2026-07-05T09:02:26,NEFT,success
T0003137,A001364,A000807,795,2026-07-05T09:05:16,UPI,success
T0005484,A001290,A001220,2160,2026-07-05T09:07:41,NEFT,success
T0004206,A001214,A000287,7931,2026-07-05T09:09:27,UPI,success
T0005995,A000066,A000736,50000,2026-07-05T09:09:58,IMPS,success
T0001580,A001240,A000831,80000,2026-07-05T09:17:54,IMPS,success
T0006160,A000197,A000087,1409,2026-07-05T09:18:52,NEFT,success
T0004937,A000286,A000198,57360,2026-07-05T09:21:03,IMPS,success
T0002150,A000236,A000289,318,2026-07-05T09:21:19,NEFT,success
T0014771,A000196,A001343,2171,2026-07-05T09:21:36,NEFT,success
T0001742,A000462,A000131,2307,2026-07-05T09:26:30,IMPS,success
T0000127,A001214,A001154,1045,2026-07-05T09:27:44,UPI,success
T0010029,A000150,A000882,179,2026-07-05T09:33:38,UPI,success
T0002818,A000045,A000579,18889,2026-07-05T09:34:09,NEFT,success
T0002399,A000578,A000340,2733,2026-07-05T09:37:23,IMPS,success
T0007179,A001324,A001346,921,2026-07-05T09:42:15,UPI,success
T0004551,A000668,A000807,831,2026-07-05T09:47:29,UPI,success
T0013978,A001081,A001373,35000,2026-07-05T09:54:32,UPI,success
T0003957,A000959,A001101,1609,2026-07-05T09:59:42,UPI,success
T0006776,A001253,A000356,1239,2026-07-05T10:04:48,UPI,success
T0011107,A000389,A001038,915,2026-07-05T10:05:13,UPI,success
T0009017,A000839,A000271,1497,2026-07-05T10:08:48,IMPS,success
T0005208,A000906,A001239,18666,2026-07-05T10:11:18,NEFT,success
T0007024,A000133,A000679,1124,2026-07-05T10:15:22,UPI,success
T0001375,A000041,A000960,1314,2026-07-05T10:18:09,UPI,success
T0000253,A001218,A000739,715,2026-07-05T10:19:47,NEFT,success
T0014509,A001161,A000191,15000,2026-07-05T10:20:31,UPI,success
T0007554,A000310,A000165,66834,2026-07-05T10:20:50,UPI,success
T0003962,A000232,A000367,322,2026-07-05T10:22:17,IMPS,success
T0009465,A000241,A001010,446,2026-07-05T10:26:15,UPI,success
T0007432,A000095,A001112,15000,2026-07-05T10:33:00,NEFT,success
T0002882,A001255,A000380,882,2026-07-05T10:35:26,UPI,success
T0005927,A001135,A000004,1538,2026-07-05T10:38:59,IMPS,success
T0008426,A000211,A000766,1546,2026-07-05T10:40:02,IMPS,success
T0005015,A000518,A000024,65000,2026-07-05T10:41:44,UPI,success
T0007730,A000209,A001209,1498,2026-07-05T10:41:57,NEFT,success
T0002280,A000288,A000472,2426,2026-07-05T10:44:13,IMPS,success
T0000969,A001132,A000338,26085,2026-07-05T10:44:31,UPI,success
T0004282,A001163,A000594,27530,2026-07-05T10:46:46,UPI,success
T0001448,A000800,A001055,14648,2026-07-05T10:56:57,UPI,success
T0012826,A000373,A001093,172,2026-07-05T11:01:00,IMPS,success
T0001065,A000894,A000901,257,2026-07-05T11:16:05,UPI,success
T0010825,A001035,A001313,98110,2026-07-05T11:17:38,IMPS,success
T0003251,A000731,A000838,195,2026-07-05T11:18:05,IMPS,success
T0006918,A000466,A000681,1586,2026-07-05T11:18:13,IMPS,success
T0000104,A001495,A001485,133173,2026-07-05T11:19:17,UPI,success
T0007529,A000460,A001166,948,2026-07-05T11:19:56,IMPS,success
T0008867,A001347,A001057,15000,2026-07-05T11:24:11,UPI,success
T0004071,A000100,A001290,57450,2026-07-05T11:24:28,NEFT,success
T0008041,A000946,A001220,33956,2026-07-05T11:27:38,NEFT,success
T0012368,A000933,A000245,77963,2026-07-05T11:27:53,NEFT,success
T0001994,A001064,A001269,707,2026-07-05T11:28:37,NEFT,success
T0000853,A000941,A001253,1120,2026-07-05T11:29:45,IMPS,success
T0003299,A001006,A000003,28757,2026-07-05T11:34:42,NEFT,success
T0005896,A000806,A001333,16246,2026-07-05T11:36:06,NEFT,success
T0003295,A000251,A000295,44936,2026-07-05T11:41:32,NEFT,success
T0012628,A000925,A000250,409,2026-07-05T11:42:14,IMPS,success
T0008893,A000638,A001294,15000,2026-07-05T11:43:31,UPI,success
T0011598,A000966,A001117,1034,2026-07-05T11:45:25,UPI,success
T0003445,A000133,A000790,905,2026-07-05T11:45:38,UPI,success
T0008825,A000068,A000591,16449,2026-07-05T11:46:02,NEFT,success
T0009545,A000186,A000921,10731,2026-07-05T11:46:27,NEFT,success
T0014969,A000898,A000059,18902,2026-07-05T11:47:10,NEFT,success
T0008683,A000741,A001333,422,2026-07-05T11:48:41,UPI,success
T0003738,A000969,A000983,379,2026-07-05T11:50:09,NEFT,success
T0006468,A000971,A001098,837,2026-07-05T11:51:16,IMPS,success
T0007151,A000136,A000704,276,2026-07-05T11:54:50,IMPS,success
T0012913,A000505,A000403,1586,2026-07-05T12:03:21,NEFT,success
T0009157,A001068,A001362,1049,2026-07-05T12:08:00,UPI,success
T0012608,A000943,A000873,313,2026-07-05T12:12:25,UPI,success
T0006445,A000328,A001011,25000,2026-07-05T12:14:54,NEFT,success
T0014586,A000862,A000730,25579,2026-07-05T12:18:34,IMPS,success
T0002012,A000737,A000064,50000,2026-07-05T12:23:42,UPI,success
T0011291,A000137,A000851,725,2026-07-05T12:24:47,IMPS,success
T0004919,A000253,A000717,15220,2026-07-05T12:25:25,IMPS,success
T0006939,A000252,A000728,11299,2026-07-05T12:28:32,NEFT,success
T0013799,A000816,A000129,758,2026-07-05T12:29:18,NEFT,success
T0004154,A000940,A001321,50000,2026-07-05T12:29:34,UPI,success
T0012062,A001153,A000898,8307,2026-07-05T12:31:52,NEFT,success
T0013961,A001320,A000347,20028,2026-07-05T12:34:11,IMPS,success
T0008379,A001276,A000001,65000,2026-07-05T12:35:03,NEFT,success
T0001839,A000512,A000540,727,2026-07-05T12:35:51,UPI,success
T0009363,A001267,A000420,1294,2026-07-05T12:40:04,NEFT,success
T0006865,A000983,A000924,47165,2026-07-05T12:44:46,UPI,success
T0010540,A000649,A001047,34755,2026-07-05T12:45:11,NEFT,success
T0007334,A001067,A000238,7146,2026-07-05T12:48:07,NEFT,success
T0007848,A000544,A000759,16122,2026-07-05T12:52:38,NEFT,success
T0002296,A000118,A001075,330,2026-07-05T12:53:13,IMPS,success
T0006693,A001258,A000287,1510,2026-07-05T12:53:23,UPI,success
T0008398,A001020,A000981,9569,2026-07-05T12:54:07,NEFT,success
T0012746,A000789,A000625,1869,2026-07-05T12:59:27,IMPS,success
T0008594,A001129,A000018,80000,2026-07-05T13:00:49,NEFT,failed
T0004589,A001283,A000798,622,2026-07-05T13:04:50,UPI,success
T0005696,A000715,A000949,1039,2026-07-05T13:06:59,IMPS,success
T0004347,A000215,A000522,475,2026-07-05T13:07:24,IMPS,success
T0003746,A001195,A000851,1120,2026-07-05T13:07:36,UPI,success
T0014007,A001108,A000972,348,2026-07-05T13:08:09,UPI,success
T0007391,A000795,A000645,1271,2026-07-05T13:09:02,IMPS,success
T0004192,A000490,A000366,94628,2026-07-05T13:12:12,UPI,success
T0014707,A000535,A001049,581,2026-07-05T13:15:28,UPI,success
T0013328,A001133,A000284,15000,2026-07-05T13:15:30,UPI,success
T0003735,A000360,A000915,62546,2026-07-05T13:19:48,IMPS,success
T0005099,A000827,A000224,10256,2026-07-05T13:21:23,IMPS,success
T0005948,A000071,A001310,7950,2026-07-05T13:22:43,IMPS,success
T0006236,A000127,A001042,790,2026-07-05T13:28:22,IMPS,success
T0014104,A000283,A000410,16176,2026-07-05T13:29:14,NEFT,failed
T0005649,A000936,A000949,106440,2026-07-05T13:31:27,UPI,success
T0003436,A000861,A000465,430,2026-07-05T13:31:31,NEFT,success
T0014014,A000344,A000063,3174,2026-07-05T13:32:52,UPI,success
T0012390,A000007,A000257,35000,2026-07-05T13:33:18,IMPS,success
T0005503,A000291,A001218,6978,2026-07-05T13:34:51,IMPS,success
T0012480,A000392,A001371,21748,2026-07-05T13:40:18,UPI,success
T0001237,A000828,A000744,515,2026-07-05T13:41:19,IMPS,success
T0004865,A000204,A001044,866,2026-07-05T14:08:03,IMPS,success
T0005821,A000930,A000776,519,2026-07-05T14:08:43,IMPS,success
T0002751,A000983,A000417,297,2026-07-05T14:08:54,NEFT,success
T0008359,A000728,A001153,192,2026-07-05T14:12:23,NEFT,success
T0007336,A000761,A000592,25692,2026-07-05T14:15:43,NEFT,success
T0007342,A000300,A000060,6067,2026-07-05T14:16:09,UPI,success
T0001138,A000434,A000398,388,2026-07-05T14:17:35,UPI,success
T0012811,A000539,A001075,35000,2026-07-05T14:20:48,NEFT,success
T0011345,A000759,A001313,3384,2026-07-05T14:23:33,IMPS,failed
T0009406,A000589,A000186,25000,2026-07-05T14:23:55,NEFT,success
T0014542,A001357,A000079,862,2026-07-05T14:27:07,NEFT,success
T0006442,A000073,A001107,25954,2026-07-05T14:31:29,UPI,success
T0014092,A001137,A000130,380,2026-07-05T14:31:56,IMPS,success
T0008812,A000955,A000112,3677,2026-07-05T14:32:59,UPI,success
T0014408,A000252,A000707,1779,2026-07-05T14:34:00,IMPS,success
T0007359,A000482,A001340,35000,2026-07-05T14:36:47,IMPS,success
T0006254,A000466,A000460,429,2026-07-05T14:38:57,NEFT,success
T0003248,A000695,A000592,65000,2026-07-05T14:39:02,IMPS,success
T0011370,A000164,A000845,1048,2026-07-05T14:39:25,UPI,success
T0008587,A000717,A000378,462,2026-07-05T14:39:57,IMPS,success
T0003870,A001366,A000783,596,2026-07-05T14:45:05,IMPS,success
T0010469,A000671,A000255,25514,2026-07-05T14:45:47,NEFT,success
T0012050,A000557,A000756,412,2026-07-05T14:51:20,NEFT,success
T0014570,A000098,A000898,2764,2026-07-05T14:54:01,UPI,success
T0000458,A000884,A001098,496,2026-07-05T14:54:36,NEFT,success
T0010811,A000601,A000483,1159,2026-07-05T14:58:20,NEFT,success
T0009216,A000609,A001352,14377,2026-07-05T15:07:43,IMPS,success
T0010121,A001319,A001012,739,2026-07-05T15:08:40,IMPS,success
T0004438,A001278,A000654,16167,2026-07-05T15:12:59,UPI,success
T0011358,A000633,A000492,549,2026-07-05T15:14:24,UPI,success
T0002589,A000985,A001286,7042,2026-07-05T15:14:47,NEFT,failed
T0001271,A001371,A000344,383,2026-07-05T15:18:41,IMPS,success
T0003109,A001296,A000178,53632,2026-07-05T15:22:34,UPI,success
T0004018,A000834,A000486,58193,2026-07-05T15:28:48,IMPS,success
T0000168,A000506,A000575,1410,2026-07-05T15:28:51,IMPS,success
T0004408,A001282,A001326,5428,2026-07-05T15:33:51,UPI,success
T0003125,A001255,A000744,61913,2026-07-05T15:34:22,NEFT,success
T0013302,A000506,A000362,161,2026-07-05T15:35:43,IMPS,success
T0004709,A000427,A001195,1281,2026-07-05T15:38:40,UPI,success
T0004391,A001218,A000024,2269,2026-07-05T15:41:45,NEFT,success
T0008957,A000554,A000307,834,2026-07-05T15:42:11,NEFT,success
T0012774,A000293,A000498,1238,2026-07-05T15:43:28,NEFT,success
T0008180,A000943,A001286,1768,2026-07-05T15:44:35,IMPS,success
T0004234,A000603,A001214,10362,2026-07-05T15:48:35,NEFT,success
T0006462,A000251,A000995,598,2026-07-05T15:49:21,IMPS,success
T0009827,A000282,A000705,35000,2026-07-05T15:50:52,IMPS,success
T0014892,A000474,A000306,463,2026-07-05T15:57:48,NEFT,success
T0001644,A000609,A000921,4140,2026-07-05T15:59:12,IMPS,success
T0010284,A001276,A000478,80000,2026-07-05T16:01:54,NEFT,success
T0002135,A000891,A000819,65000,2026-07-05T16:02:24,NEFT,success
T0013477,A000765,A001306,1574,2026-07-05T16:02:40,UPI,success
T0006494,A000375,A000558,26194,2026-07-05T16:05:54,IMPS,success
T0007993,A000689,A001039,939,2026-07-05T16:07:09,NEFT,success
T0013133,A000783,A001370,1050,2026-07-05T16:16:45,NEFT,success
T0014241,A001161,A001285,50000,2026-07-05T16:24:07,NEFT,success
T0009361,A000202,A001031,25000,2026-07-05T16:28:31,IMPS,success
T0002862,A000569,A000009,153,2026-07-05T16:28:46,IMPS,success
T0014427,A000012,A000690,2522,2026-07-05T16:35:32,IMPS,success
T0009811,A001090,A000477,529,2026-07-05T16:37:10,IMPS,success
T0014013,A000425,A000451,1092,2026-07-05T16:38:05,NEFT,success
T0002332,A000401,A000659,592,2026-07-05T16:42:06,UPI,success
T0009869,A000093,A001301,50000,2026-07-05T16:43:04,UPI,success
T0007863,A000801,A000396,531,2026-07-05T16:44:08,IMPS,success
T0005686,A000701,A001039,2709,2026-07-05T16:55:32,UPI,success
T0007475,A000843,A000311,62479,2026-07-05T16:56:18,UPI,success
T0009530,A000723,A000179,65000,2026-07-05T17:04:54,UPI,failed
T0006167,A001110,A000576,1046,2026-07-05T17:05:55,IMPS,success
T0014919,A000007,A000552,15000,2026-07-05T17:07:39,IMPS,success
T0009126,A000496,A000629,8640,2026-07-05T17:10:25,NEFT,success
T0007147,A000856,A000115,50000,2026-07-05T17:13:52,UPI,success
T0005398,A000921,A000264,1047,2026-07-05T17:16:19,IMPS,success
T0011386,A000468,A000074,196,2026-07-05T17:17:17,NEFT,success
T0002523,A000939,A000245,132177,2026-07-05T17:18:53,UPI,success
T0009749,A001172,A000044,852,2026-07-05T17:19:30,IMPS,success
T0008039,A000543,A000576,15000,2026-07-05T17:21:25,UPI,success
T0010812,A000385,A000412,213,2026-07-05T17:21:58,IMPS,success
T0006220,A000261,A000259,557,2026-07-05T17:24:23,IMPS,success
T0014381,A001147,A001132,25000,2026-07-05T17:29:55,IMPS,success
T0003779,A000447,A000841,15000,2026-07-05T17:31:14,NEFT,success
T0001600,A000818,A000917,3129,2026-07-05T17:31:49,NEFT,success
T0000445,A000493,A001261,529,2026-07-05T17:35:01,UPI,success
T0002159,A001290,A000147,5254,2026-07-05T17:35:20,NEFT,success
T0011174,A001265,A000883,1755,2026-07-05T17:36:14,UPI,success
T0013432,A001093,A000029,489,2026-07-05T17:38:16,IMPS,success
T0006064,A001213,A000216,43218,2026-07-05T17:38:56,IMPS,success
T0010685,A000855,A001225,534,2026-07-05T17:39:52,UPI,success
T0014412,A000660,A000384,327,2026-07-05T17:41:17,UPI,success
T0006532,A000226,A000969,50000,2026-07-05T17:42:03,UPI,success
T0001165,A000049,A000679,601,2026-07-05T17:50:57,UPI,success
T0001040,A000181,A000426,43544,2026-07-05T17:56:59,NEFT,success
T0007826,A001238,A000106,1422,2026-07-05T17:57:25,UPI,success
T0010052,A001300,A001317,611,2026-07-05T17:59:02,UPI,success
T0002792,A000041,A000831,80000,2026-07-05T18:04:02,UPI,success
T0011714,A001186,A000454,588,2026-07-05T18:04:52,UPI,success
T0014749,A000442,A000777,50000,2026-07-05T18:08:47,NEFT,success
T0013640,A000168,A000768,374,2026-07-05T18:11:04,IMPS,success
T0001401,A001155,A001028,1093,2026-07-05T18:13:10,IMPS,success
T0005028,A000153,A000239,1319,2026-07-05T18:13:58,IMPS,success
T0009334,A001311,A000824,15000,2026-07-05T18:14:30,UPI,success
T0009170,A000546,A000195,6301,2026-07-05T18:23:17,UPI,success
T0004630,A000928,A000258,50000,2026-07-05T18:23:42,UPI,success
T0006095,A000239,A001206,717,2026-07-05T18:24:31,NEFT,success
T0003127,A000278,A000408,6769,2026-07-05T18:26:42,NEFT,success
T0000270,A000921,A000556,48927,2026-07-05T18:29:48,NEFT,success
T0014011,A000977,A000525,164,2026-07-05T18:34:22,NEFT,success
T0011616,A000664,A001115,2901,2026-07-05T18:36:06,IMPS,success
T0000999,A000537,A000595,8765,2026-07-05T18:36:15,IMPS,success
T0003099,A001358,A000552,753,2026-07-05T18:41:03,UPI,success
T0006361,A000340,A000074,66809,2026-07-05T18:41:47,UPI,success
T0010440,A001363,A001188,1234,2026-07-05T18:41:56,NEFT,success
T0013869,A000352,A000577,5000,2026-07-05T18:42:36,IMPS,failed
T0008106,A001081,A001046,282,2026-07-05T18:47:10,UPI,success
T0011985,A000302,A001187,633,2026-07-05T18:48:34,IMPS,success
T0012097,A001113,A000367,10812,2026-07-05T18:49:34,NEFT,success
T0010543,A000015,A001105,170,2026-07-05T18:55:28,IMPS,success
T0004729,A000997,A000795,25000,2026-07-05T18:56:41,IMPS,success
T0000097,A001488,A001483,15000,2026-07-05T18:57:38,UPI,success
T0014593,A000693,A000009,2978,2026-07-05T18:58:43,UPI,success
T0013446,A001004,A000270,1438,2026-07-05T19:01:02,UPI,success
T0002351,A001070,A000778,1346,2026-07-05T19:02:50,IMPS,success
T0002105,A000635,A000616,3563,2026-07-05T19:04:06,NEFT,success
T0009968,A001082,A000385,3804,2026-07-05T19:04:29,NEFT,success
T0010865,A000284,A000425,805,2026-07-05T19:06:19,NEFT,success
T0014284,A000483,A001176,933,2026-07-05T19:09:22,IMPS,success
T0000100,A001491,A001483,90556,2026-07-05T19:15:38,UPI,success
T0001074,A000658,A000939,1040,2026-07-05T19:16:52,UPI,success
T0004701,A000883,A000804,80000,2026-07-05T19:18:26,UPI,success
T0007526,A000128,A000507,2409,2026-07-05T19:20:25,NEFT,success
T0001425,A000058,A000348,199,2026-07-05T19:21:42,IMPS,success
T0011289,A000401,A000124,667,2026-07-05T19:24:58,IMPS,success
T0005648,A000179,A000899,5000,2026-07-05T19:28:36,IMPS,success
T0005616,A000048,A000474,1377,2026-07-05T19:29:43,NEFT,success
T0000096,A001487,A001483,27411,2026-07-05T19:34:38,UPI,success
T0003508,A000100,A000804,2542,2026-07-05T19:35:48,IMPS,success
T0008370,A000588,A000105,383,2026-07-05T19:40:58,NEFT,success
T0009182,A000579,A001311,5783,2026-07-05T19:43:58,UPI,success
T0000788,A000664,A000648,24526,2026-07-05T19:48:40,NEFT,success
T0004177,A001091,A001190,89619,2026-07-05T19:49:23,IMPS,success
T0011797,A000549,A000097,1444,2026-07-05T19:54:27,IMPS,success
T0012892,A000180,A000209,41194,2026-07-05T19:55:18,UPI,success
T0001157,A001076,A001328,7117,2026-07-05T19:56:00,IMPS,success
T0008722,A000037,A001319,838,2026-07-05T19:56:29,NEFT,success
T0001350,A000798,A001337,29064,2026-07-05T20:00:00,UPI,success
T0014741,A000538,A001278,12398,2026-07-05T20:03:47,UPI,success
T0010680,A000998,A001011,26720,2026-07-05T20:04:21,UPI,success
T0004576,A001150,A000261,1862,2026-07-05T20:06:20,IMPS,success
T0002301,A000711,A001062,284,2026-07-05T20:06:23,NEFT,success
T0000098,A001489,A001483,40644,2026-07-05T20:08:38,UPI,success
T0014115,A000561,A000038,36373,2026-07-05T20:13:17,IMPS,success
T0006152,A001342,A000097,767,2026-07-05T20:17:38,UPI,success
T0003447,A000766,A000053,189,2026-07-05T20:19:08,IMPS,success
T0000755,A000133,A000649,1564,2026-07-05T20:20:50,UPI,success
T0013226,A001000,A001185,1315,2026-07-05T20:21:47,NEFT,success
T0005985,A001075,A000163,1196,2026-07-05T20:22:10,IMPS,success
T0000543,A001356,A000034,25000,2026-07-05T20:23:26,UPI,success
T0010851,A000545,A000422,25000,2026-07-05T20:24:38,UPI,success
T0000095,A001486,A001483,222127,2026-07-05T20:26:38,UPI,success
T0000099,A001490,A001483,15000,2026-07-05T20:28:38,UPI,success
T0013757,A001025,A000910,461,2026-07-05T20:38:41,IMPS,success
T0000489,A000380,A001157,1704,2026-07-05T21:00:16,NEFT,success
T0007438,A000552,A001285,5660,2026-07-05T21:01:14,IMPS,success
T0000968,A000188,A000531,1218,2026-07-05T21:04:31,NEFT,success
T0008618,A000814,A000830,25000,2026-07-05T21:07:07,IMPS,success
T0008193,A000433,A000450,65000,2026-07-05T21:08:31,UPI,success
T0002831,A000631,A000413,57602,2026-07-05T21:09:39,IMPS,success
T0000145,A001155,A000177,67753,2026-07-05T21:12:48,NEFT,success
T0008340,A000131,A000916,772,2026-07-05T21:15:48,IMPS,success
T0001551,A000762,A001003,8977,2026-07-05T21:16:59,NEFT,success
T0008724,A000335,A000716,24382,2026-07-05T21:18:46,NEFT,success
T0012857,A000952,A000974,23330,2026-07-05T21:19:19,IMPS,success
T0000577,A000587,A001283,743,2026-07-05T21:20:07,NEFT,success
T0010454,A000350,A001304,16176,2026-07-05T21:23:24,UPI,failed
T0013356,A000571,A000684,38771,2026-07-05T21:24:21,UPI,success
T0011023,A000842,A001001,85,2026-07-05T21:24:30,NEFT,success
T0000833,A001013,A001231,25000,2026-07-05T21:25:22,IMPS,success
T0001947,A000187,A001203,3162,2026-07-05T21:27:11,NEFT,success
T0011640,A000433,A001222,65000,2026-07-05T21:40:46,NEFT,success
T0010348,A000813,A000526,122,2026-07-05T21:42:45,IMPS,success
T0012363,A001033,A001237,167,2026-07-05T21:43:43,IMPS,success
T0013462,A001031,A001093,766,2026-07-05T21:43:43,UPI,success
T0005894,A000537,A000533,1378,2026-07-05T21:46:34,IMPS,success
T0012251,A000475,A000163,65748,2026-07-05T21:47:27,UPI,success
T0008521,A000822,A001169,15000,2026-07-05T21:48:56,IMPS,success
T0001218,A000389,A000073,1205,2026-07-05T21:51:18,NEFT,success
T0010290,A000118,A000805,15000,2026-07-05T21:52:44,UPI,success
T0008114,A000751,A000897,1446,2026-07-05T21:53:08,UPI,success
T0006045,A001329,A000937,410,2026-07-05T21:54:23,UPI,success
T0005155,A000069,A001095,1028,2026-07-05T21:59:28,NEFT,success
T0008620,A000091,A000666,358,2026-07-05T22:12:44,UPI,success
T0010448,A000309,A000617,753,2026-07-05T22:14:08,IMPS,failed
T0003008,A000519,A000195,1367,2026-07-05T22:16:03,NEFT,success
T0008550,A000885,A000222,641,2026-07-05T22:19:58,UPI,success
T0001849,A000418,A000105,33479,2026-07-05T22:22:48,NEFT,success
T0009307,A000151,A000881,1025,2026-07-05T22:25:20,IMPS,success
T0002400,A000197,A000593,553,2026-07-05T22:28:23,NEFT,success
T0008875,A001139,A000965,15000,2026-07-05T22:30:07,IMPS,success
T0001221,A000125,A000276,442,2026-07-05T22:31:57,NEFT,success
T0001554,A001344,A000328,1720,2026-07-05T22:35:00,UPI,success
T0001648,A001316,A001103,450,2026-07-05T22:41:18,UPI,success
T0004235,A001359,A000930,836,2026-07-05T22:45:24,UPI,success
T0003561,A001204,A000941,65000,2026-07-05T22:46:22,UPI,success
T0001125,A000826,A000429,35000,2026-07-05T22:46:26,IMPS,success
T0009651,A001145,A001199,15000,2026-07-05T22:48:05,UPI,success
T0006941,A001147,A001184,840,2026-07-05T22:49:03,NEFT,success
T0007834,A000800,A000893,387,2026-07-05T22:50:11,NEFT,success
T0009990,A000968,A000708,2183,2026-07-05T22:50:52,UPI,success
T0013724,A001103,A000422,645,2026-07-05T22:51:16,IMPS,success
T0010835,A000139,A001352,610,2026-07-05T22:54:13,NEFT,success
T0010522,A000605,A000125,15000,2026-07-05T22:54:49,IMPS,success
T0012233,A000681,A000300,15000,2026-07-05T22:55:55,NEFT,success
T0001796,A000930,A000595,453,2026-07-05T22:56:19,IMPS,success
T0004603,A000234,A001093,2344,2026-07-05T22:57:28,IMPS,success
T0009328,A000484,A001171,21005,2026-07-05T22:57:35,UPI,success
T0006775,A000906,A000056,7888,2026-07-05T22:57:53,NEFT,success
T0010572,A001235,A000547,50000,2026-07-05T23:00:04,UPI,failed
T0002642,A000741,A001273,34453,2026-07-05T23:05:42,IMPS,success
T0008697,A000450,A000138,3076,2026-07-05T23:08:41,NEFT,success
T0001131,A001134,A001269,935,2026-07-05T23:14:08,NEFT,success
T0004990,A000739,A001202,1192,2026-07-05T23:14:10,IMPS,success
T0003277,A000070,A000106,80000,2026-07-05T23:14:17,IMPS,success
T0000667,A000034,A000739,20471,2026-07-05T23:17:27,IMPS,success
T0014125,A001337,A000484,671,2026-07-05T23:21:06,UPI,success
T0001775,A000116,A000830,1615,2026-07-05T23:21:57,UPI,success
T0013592,A001225,A000808,21299,2026-07-05T23:22:54,IMPS,success
T0010584,A000149,A000049,35000,2026-07-05T23:23:21,UPI,success
T0010600,A000147,A000239,1068,2026-07-05T23:24:14,NEFT,success
T0013032,A000396,A000236,11806,2026-07-05T23:25:39,NEFT,success
T0007593,A000277,A000841,15000,2026-07-05T23:25:59,UPI,success
T0002020,A000477,A000267,25000,2026-07-05T23:29:08,UPI,success
T0013086,A001360,A000400,2016,2026-07-05T23:30:51,NEFT,success
T0001627,A001214,A001341,278,2026-07-05T23:43:29,NEFT,success
T0005921,A001122,A000845,27132,2026-07-05T23:45:34,NEFT,success
T0011861,A001043,A000726,1191,2026-07-05T23:51:47,UPI,success
T0000172,A000412,A000060,423,2026-07-05T23:52:29,IMPS,success
T0004705,A001119,A001042,2693,2026-07-05T23:52:43,NEFT,success
T0001136,A000483,A001190,1153,2026-07-05T23:53:50,NEFT,success
T0006120,A001365,A000493,11723,2026-07-05T23:55:42,NEFT,success
T0000963,A001181,A000713,1354,2026-07-05T23:55:50,IMPS,success
T0004777,A001349,A000345,931,2026-07-05T23:56:00,NEFT,success
T0013723,A000919,A000262,242,2026-07-06T00:02:17,UPI,success
T0009992,A000905,A000407,9981,2026-07-06T00:05:17,UPI,success
T0001787,A001117,A000566,263,2026-07-06T00:05:23,IMPS,success
T0007487,A000606,A000855,1889,2026-07-06T00:09:12,NEFT,success
T0005476,A000397,A000189,431,2026-07-06T00:19:22,UPI,success
T0014980,A000333,A000034,12464,2026-07-06T00:34:35,IMPS,success
T0004342,A000927,A001138,80000,2026-07-06T00:36:01,IMPS,success
T0005198,A001034,A001070,1045,2026-07-06T00:38:13,UPI,success
T0010962,A000161,A000681,1092,2026-07-06T00:40:27,UPI,success
T0003566,A000172,A000782,48707,2026-07-06T00:43:16,NEFT,success
T0008824,A000398,A000853,7591,2026-07-06T00:46:12,NEFT,success
T0001932,A000579,A001264,23392,2026-07-06T00:46:13,UPI,success
T0004678,A001279,A001211,2409,2026-07-06T00:50:53,NEFT,success
T0013641,A001296,A000567,1225,2026-07-06T00:55:07,UPI,success
T0000764,A000691,A000005,501,2026-07-06T00:55:20,UPI,success
T0011632,A000413,A000666,2356,2026-07-06T00:55:48,IMPS,success
T0001536,A000517,A001095,1302,2026-07-06T01:02:03,IMPS,success
T0001254,A001042,A000477,599,2026-07-06T01:02:26,NEFT,success
T0007366,A000803,A001293,1458,2026-07-06T01:03:39,NEFT,success
T0006411,A001369,A000014,80000,2026-07-06T01:09:24,UPI,success
T0012002,A000161,A001013,30277,2026-07-06T01:16:54,UPI,success
T0002028,A000328,A000094,1777,2026-07-06T01:23:14,IMPS,success
T0005596,A000789,A000835,255,2026-07-06T01:25:18,IMPS,success
T0000568,A000518,A000005,1776,2026-07-06T01:26:01,NEFT,success
T0008331,A000567,A000960,65000,2026-07-06T01:27:11,UPI,success
T0001973,A000489,A000270,484,2026-07-06T01:28:17,IMPS,success
T0014048,A001367,A000525,442,2026-07-06T01:28:51,UPI,success
T0004831,A001222,A001219,25000,2026-07-06T01:29:16,IMPS,success
T0003494,A000158,A000377,757,2026-07-06T01:29:17,UPI,success
T0008526,A001237,A000169,778,2026-07-06T01:29:20,NEFT,success
T0007119,A000308,A000456,1185,2026-07-06T01:29:27,UPI,success
T0004747,A001087,A001054,25000,2026-07-06T01:38:59,IMPS,success
T0013573,A000594,A000111,1496,2026-07-06T01:38:59,NEFT,success
T0014660,A001192,A001184,1326,2026-07-06T01:39:31,NEFT,success
T0003853,A000539,A000254,12355,2026-07-06T01:49:54,UPI,success
T0009608,A001324,A000012,22029,2026-07-06T01:51:05,IMPS,success
T0007203,A000629,A000281,2086,2026-07-06T01:51:07,IMPS,success
T0007577,A000741,A001338,1185,2026-07-06T01:51:57,UPI,success
T0008173,A001340,A000748,326,2026-07-06T01:55:09,UPI,success
T0010738,A001137,A000043,572,2026-07-06T01:56:22,UPI,success
T0013065,A001129,A000925,50153,2026-07-06T02:02:33,IMPS,success
T0008027,A000935,A000823,499,2026-07-06T02:03:47,IMPS,success
T0001122,A000224,A000560,566,2026-07-06T02:05:24,UPI,success
T0014872,A000834,A001286,1010,2026-07-06T02:07:33,IMPS,success
T0007692,A000473,A000382,1344,2026-07-06T02:11:53,NEFT,success
T0001814,A000110,A001121,705,2026-07-06T02:12:21,NEFT,success
T0014204,A001051,A000006,105,2026-07-06T02:16:55,UPI,success
T0008264,A000407,A000394,378,2026-07-06T02:23:56,IMPS,success
T0011051,A000560,A000803,3466,2026-07-06T02:23:56,NEFT,success
T0012961,A000938,A000653,25000,2026-07-06T02:24:11,UPI,success
T0009383,A001279,A000244,465,2026-07-06T02:26:42,NEFT,success
T0014908,A001318,A000750,38191,2026-07-06T02:31:24,IMPS,success
T0008019,A000518,A001004,273,2026-07-06T02:33:22,NEFT,success
T0006889,A001263,A000204,179,2026-07-06T02:39:56,NEFT,success
T0008888,A000269,A000549,486,2026-07-06T02:41:46,NEFT,success
T0012106,A000661,A000850,14207,2026-07-06T02:47:25,IMPS,success
T0004837,A000120,A000364,2438,2026-07-06T02:48:36,NEFT,success
T0009076,A000373,A001165,585,2026-07-06T02:48:59,IMPS,success
T0010596,A000203,A000431,14329,2026-07-06T02:51:17,IMPS,success
T0014460,A000339,A001355,1059,2026-07-06T02:54:56,UPI,success
T0007139,A000398,A000729,200000,2026-07-06T03:01:26,UPI,success
T0003591,A000347,A001227,80000,2026-07-06T03:02:33,UPI,success
T0005166,A000227,A000100,725,2026-07-06T03:04:47,UPI,success
T0008856,A000936,A000417,2409,2026-07-06T03:07:18,IMPS,success
T0005979,A000009,A000743,976,2026-07-06T03:11:14,IMPS,success
T0002275,A000209,A000430,513,2026-07-06T03:11:31,UPI,success
T0004691,A000787,A001355,809,2026-07-06T03:11:34,NEFT,success
T0008658,A000934,A001223,362,2026-07-06T03:11:35,IMPS,success
T0014411,A001014,A000666,95083,2026-07-06T03:12:50,UPI,success
T0012690,A000458,A000169,80000,2026-07-06T03:13:02,IMPS,success
T0000463,A000638,A001113,771,2026-07-06T03:20:55,NEFT,success
T0011355,A000538,A000894,20408,2026-07-06T03:23:48,IMPS,success
T0014373,A000785,A000929,424,2026-07-06T03:28:20,NEFT,success
T0009005,A000071,A001182,2583,2026-07-06T03:29:43,NEFT,success
T0002616,A001105,A000508,752,2026-07-06T03:33:51,UPI,success
T0001144,A001076,A001156,379,2026-07-06T03:34:16,NEFT,success
T0012669,A000980,A000299,15471,2026-07-06T03:38:53,UPI,success
T0000411,A001283,A001225,15000,2026-07-06T03:41:01,UPI,success
T0005185,A000421,A000847,80000,2026-07-06T03:43:00,IMPS,success
T0004980,A000885,A000219,25000,2026-07-06T03:46:25,UPI,success
T0002278,A000377,A000586,59267,2026-07-06T03:48:51,NEFT,success
T0001958,A000866,A001017,1921,2026-07-06T03:56:29,IMPS,success
T0009607,A001031,A001182,50000,2026-07-06T03:57:10,IMPS,success
T0009964,A000037,A001320,840,2026-07-06T04:04:17,NEFT,success
T0004198,A000540,A000213,80000,2026-07-06T04:07:46,NEFT,success
T0010544,A000603,A001235,478,2026-07-06T04:11:10,IMPS,success
T0001543,A001059,A000405,3801,2026-07-06T04:13:09,NEFT,success
T0002254,A000575,A000004,17982,2026-07-06T04:13:43,IMPS,success
T0009680,A000968,A000175,1882,2026-07-06T04:15:21,IMPS,success
T0001146,A001262,A001200,143,2026-07-06T04:18:18,NEFT,success
T0005022,A001238,A000011,35000,2026-07-06T04:18:48,NEFT,success
T0001377,A000090,A000775,726,2026-07-06T04:22:48,UPI,success
T0004447,A001348,A000602,536,2026-07-06T04:32:36,NEFT,success
T0005017,A000035,A000421,264,2026-07-06T04:33:10,IMPS,success
T0006608,A000762,A000040,80000,2026-07-06T04:38:57,UPI,success
T0013637,A001135,A000701,911,2026-07-06T04:38:57,IMPS,success
T0001829,A000658,A000979,1214,2026-07-06T04:40:06,IMPS,success
T0011651,A000628,A001149,769,2026-07-06T04:41:15,NEFT,success
T0011359,A000244,A000189,2664,2026-07-06T04:42:25,IMPS,success
T0004286,A000500,A001052,941,2026-07-06T04:43:16,IMPS,success
T0007673,A000324,A001216,13967,2026-07-06T04:44:18,UPI,success
T0011727,A001141,A001239,600,2026-07-06T04:55:56,IMPS,success
T0009685,A000377,A000906,1492,2026-07-06T04:59:27,UPI,success
T0013009,A000588,A001151,1742,2026-07-06T05:09:48,UPI,success
T0014477,A001088,A000307,3626,2026-07-06T05:09:50,UPI,success
T0010379,A000015,A000667,442,2026-07-06T05:17:35,IMPS,success
T0001866,A000011,A001277,1098,2026-07-06T05:18:21,IMPS,success
T0000402,A000532,A000617,159,2026-07-06T05:19:43,NEFT,success
T0011938,A001191,A000813,11252,2026-07-06T05:19:53,NEFT,success
T0004882,A000530,A000512,864,2026-07-06T05:20:46,IMPS,success
T0007431,A001262,A000550,3352,2026-07-06T05:20:56,NEFT,success
T0010061,A000089,A000452,209,2026-07-06T05:23:27,UPI,success
T0004569,A000632,A001283,2390,2026-07-06T05:27:53,IMPS,success
T0012282,A000019,A001218,1373,2026-07-06T05:35:09,UPI,success
T0012434,A000236,A000985,80000,2026-07-06T05:36:09,UPI,success
T0001550,A000824,A000073,5000,2026-07-06T05:36:34,UPI,success
T0006699,A000903,A001218,80000,2026-07-06T05:38:50,NEFT,success
T0013283,A000611,A000456,1903,2026-07-06T05:38:59,UPI,success
T0007865,A000923,A000696,3035,2026-07-06T05:50:49,IMPS,success
T0012998,A000802,A000782,2547,2026-07-06T05:53:16,NEFT,success
T0004004,A000767,A000664,1040,2026-07-06T06:03:29,NEFT,success
T0008685,A000206,A000213,315,2026-07-06T06:05:49,NEFT,success
T0012881,A000461,A000659,1294,2026-07-06T06:10:08,UPI,success
T0009769,A000465,A001269,40470,2026-07-06T06:25:08,UPI,success
T0000983,A001365,A000290,28423,2026-07-06T06:25:20,IMPS,success
T0000697,A001317,A000736,122557,2026-07-06T06:25:40,IMPS,success
T0012792,A000429,A000088,3937,2026-07-06T06:25:53,NEFT,success
T0012287,A000053,A000469,5749,2026-07-06T06:29:21,NEFT,success
T0011152,A000197,A000448,617,2026-07-06T06:47:39,IMPS,success
T0004090,A001081,A000922,414,2026-07-06T06:49:55,IMPS,success
T0013161,A000966,A000594,488,2026-07-06T06:54:09,IMPS,success
T0007263,A000244,A000632,31948,2026-07-06T06:55:30,UPI,success
T0002580,A000124,A001037,482,2026-07-06T06:58:26,IMPS,success
T0013426,A000974,A000245,88863,2026-07-06T07:05:49,NEFT,success
T0010830,A000253,A000818,174,2026-07-06T07:11:59,IMPS,success
T0008892,A000013,A001349,18170,2026-07-06T07:12:51,NEFT,success
T0008655,A001118,A001023,35000,2026-07-06T07:14:26,IMPS,success
T0000173,A000060,A000392,25000,2026-07-06T07:16:24,NEFT,success
T0001046,A001249,A001026,12527,2026-07-06T07:19:11,IMPS,success
T0004118,A000627,A000797,2256,2026-07-06T07:21:55,NEFT,failed
T0006567,A000613,A000030,50000,2026-07-06T07:24:43,IMPS,success
T0001941,A000235,A001365,1127,2026-07-06T07:26:10,UPI,success
T0003087,A000650,A000521,1094,2026-07-06T07:26:39,UPI,success
T0006571,A000417,A001379,8047,2026-07-06T07:30:42,IMPS,success
T0011201,A000275,A000193,1303,2026-07-06T07:30:48,IMPS,success
T0010236,A000058,A000621,50392,2026-07-06T07:32:09,NEFT,success
T0013804,A001033,A000260,11837,2026-07-06T07:32:27,NEFT,failed
T0005968,A000014,A000920,584,2026-07-06T07:33:11,UPI,success
T0005088,A001027,A000741,12708,2026-07-06T07:33:23,NEFT,success
T0008921,A000013,A000610,959,2026-07-06T07:34:40,NEFT,success
T0006890,A000490,A000889,3298,2026-07-06T07:36:16,UPI,success
T0006054,A000933,A001307,50000,2026-07-06T07:37:49,IMPS,success
T0009661,A000967,A001146,4116,2026-07-06T07:43:07,UPI,success
T0009481,A000873,A000060,108222,2026-07-06T07:44:08,UPI,success
T0012143,A000592,A000326,184,2026-07-06T07:49:18,NEFT,success
T0006893,A001145,A000834,1050,2026-07-06T07:52:54,UPI,success
T0014103,A000485,A000259,50000,2026-07-06T08:01:27,UPI,success
T0005418,A000185,A001300,80000,2026-07-06T08:02:48,UPI,success
T0011066,A000376,A000081,15000,2026-07-06T08:03:44,UPI,success
T0008803,A000712,A000215,191247,2026-07-06T08:04:09,IMPS,success
T0011475,A000270,A000772,286,2026-07-06T08:06:35,NEFT,success
T0013466,A001036,A000796,46201,2026-07-06T08:09:31,UPI,success
T0000863,A001284,A000828,60092,2026-07-06T08:12:01,NEFT,success
T0013353,A000849,A001305,16925,2026-07-06T08:15:19,NEFT,success
T0009816,A001178,A001101,237,2026-07-06T08:15:46,NEFT,success
T0004590,A000030,A000291,302,2026-07-06T08:15:51,NEFT,success
T0002965,A000824,A000995,14552,2026-07-06T08:18:50,NEFT,success
T0009618,A001032,A000748,220,2026-07-06T08:19:52,NEFT,success
T0012760,A000750,A000849,113,2026-07-06T08:22:49,NEFT,success
T0006376,A000316,A000425,23551,2026-07-06T08:29:11,IMPS,success
T0002741,A000233,A001342,294,2026-07-06T08:33:56,UPI,success
T0009369,A000350,A000777,3423,2026-07-06T08:35:18,NEFT,success
T0014023,A001095,A000583,25000,2026-07-06T08:35:56,NEFT,success
T0011581,A000198,A000423,80000,2026-07-06T08:39:04,IMPS,failed
T0013294,A000693,A000540,2101,2026-07-06T08:39:37,NEFT,success
T0005243,A000844,A001019,542,2026-07-06T08:43:14,NEFT,success
T0008476,A000431,A000520,80000,2026-07-06T08:45:00,IMPS,success
T0014529,A000815,A000403,418,2026-07-06T08:46:41,NEFT,success
T0000484,A000416,A001190,50000,2026-07-06T08:48:25,UPI,success
T0014356,A000842,A000652,507,2026-07-06T08:52:10,NEFT,success
T0006115,A000148,A000505,25000,2026-07-06T08:53:00,NEFT,success
T0002517,A000653,A000049,791,2026-07-06T08:55:58,UPI,success
T0007135,A000486,A000465,31650,2026-07-06T08:58:24,IMPS,success
T0008538,A000149,A000133,2493,2026-07-06T08:59:22,NEFT,success
T0009794,A001219,A000803,921,2026-07-06T08:59:59,IMPS,success
T0011217,A001153,A000795,1172,2026-07-06T09:02:52,UPI,success
T0011941,A001068,A001007,1138,2026-07-06T09:04:01,NEFT,success
T0008182,A000077,A000298,61123,2026-07-06T09:04:35,NEFT,success
T0001135,A000498,A000741,1650,2026-07-06T09:05:22,NEFT,success
T0011670,A000689,A000810,44726,2026-07-06T09:07:23,IMPS,success
T0009596,A000430,A001083,2046,2026-07-06T09:10:24,NEFT,success
T0004765,A000683,A001200,340,2026-07-06T09:12:04,NEFT,success
T0004855,A000367,A001243,1769,2026-07-06T09:13:04,IMPS,success
T0013453,A000894,A000318,598,2026-07-06T09:13:36,IMPS,success
T0010035,A000120,A000323,2374,2026-07-06T09:14:39,UPI,success
T0000751,A001171,A001311,1082,2026-07-06T09:15:39,IMPS,success
T0004956,A000236,A001268,16721,2026-07-06T09:16:51,NEFT,success
T0010557,A000714,A001053,9000,2026-07-06T09:17:09,NEFT,success
T0004042,A000818,A001036,601,2026-07-06T09:17:26,UPI,success
T0008482,A001348,A000577,15000,2026-07-06T09:18:21,UPI,success
T0007686,A000376,A000046,333,2026-07-06T09:27:25,UPI,success
T0007962,A001176,A001057,1198,2026-07-06T09:29:17,NEFT,success
T0005372,A001297,A001113,2426,2026-07-06T09:32:40,IMPS,success
T0011851,A000454,A000900,770,2026-07-06T09:35:01,IMPS,success
T0009128,A001094,A000953,616,2026-07-06T09:43:39,UPI,success
T0003145,A000569,A000254,915,2026-07-06T09:44:29,NEFT,success
T0000808,A000171,A001012,1651,2026-07-06T09:48:47,NEFT,success
T0013861,A000442,A001031,29383,2026-07-06T09:49:06,NEFT,success
T0011233,A000162,A000811,15000,2026-07-06T09:50:12,UPI,success
T0006360,A000495,A000098,440,2026-07-06T09:58:50,UPI,success
T0004925,A000388,A000006,24532,2026-07-06T10:00:16,NEFT,success
T0014763,A000176,A001285,16338,2026-07-06T10:00:46,IMPS,success
T0005211,A000173,A000748,18220,2026-07-06T10:01:38,IMPS,success
T0013169,A000702,A000993,15000,2026-07-06T10:03:52,IMPS,success
T0006536,A000894,A000751,165,2026-07-06T10:04:59,UPI,success
T0013097,A001112,A000817,793,2026-07-06T10:05:23,NEFT,success
T0009949,A000295,A000711,15989,2026-07-06T10:05:55,NEFT,success
T0003275,A000447,A001304,3300,2026-07-06T10:10:21,UPI,success
T0010126,A000541,A000530,749,2026-07-06T10:12:37,IMPS,success
T0010221,A001250,A000423,13640,2026-07-06T10:14:35,IMPS,success
T0001252,A000760,A001049,25473,2026-07-06T10:18:59,UPI,success
T0004810,A001009,A001232,669,2026-07-06T10:19:15,NEFT,success
T0000072,A001463,A001455,94149,2026-07-06T10:23:58,UPI,success
T0006531,A000768,A000952,2222,2026-07-06T10:24:35,UPI,success
T0012100,A001224,A000527,25000,2026-07-06T10:26:42,NEFT,success
T0006998,A000519,A000487,31660,2026-07-06T10:29:13,NEFT,success
T0010172,A000516,A000045,8489,2026-07-06T10:30:25,NEFT,success
T0014275,A001262,A001227,901,2026-07-06T10:41:46,UPI,success
T0001783,A000651,A000750,207,2026-07-06T10:43:41,NEFT,success
T0000070,A001461,A001455,43617,2026-07-06T10:45:58,UPI,success
T0010657,A000204,A000681,145,2026-07-06T10:47:25,NEFT,success
T0001423,A001376,A000419,2221,2026-07-06T10:48:12,IMPS,success
T0008554,A000213,A001136,8812,2026-07-06T10:51:24,UPI,success
T0008184,A001365,A000615,22190,2026-07-06T10:56:19,IMPS,success
T0014923,A001112,A001372,4058,2026-07-06T10:57:59,NEFT,success
T0004152,A000136,A000349,1037,2026-07-06T10:59:35,UPI,success
T0010303,A001350,A000355,68,2026-07-06T11:03:31,UPI,success
T0005016,A000464,A000060,3528,2026-07-06T11:03:59,NEFT,success
T0011807,A000837,A001124,231,2026-07-06T11:04:13,UPI,success
T0009044,A000253,A000973,593,2026-07-06T11:07:07,UPI,success
T0003499,A001018,A001203,1977,2026-07-06T11:07:34,NEFT,success
T0005822,A000037,A000338,1367,2026-07-06T11:08:32,IMPS,success
T0001061,A000163,A000958,65000,2026-07-06T11:18:02,UPI,success
T0014414,A000900,A000599,6992,2026-07-06T11:22:18,UPI,success
T0001282,A000317,A000907,59161,2026-07-06T11:23:47,IMPS,success
T0013102,A000113,A000266,825,2026-07-06T11:28:42,UPI,success
T0012827,A000225,A001334,80000,2026-07-06T11:28:48,IMPS,failed
T0011144,A000464,A000508,564,2026-07-06T11:32:36,IMPS,success
T0002017,A000906,A000557,1907,2026-07-06T11:32:54,NEFT,success
T0000068,A001459,A001455,22779,2026-07-06T11:34:58,UPI,success
T0008401,A000457,A000432,155,2026-07-06T11:35:24,UPI,success
T0006488,A001277,A001225,371,2026-07-06T11:38:21,IMPS,success
T0003532,A000402,A000039,306,2026-07-06T11:38:31,UPI,success
T0013392,A001119,A000929,1687,2026-07-06T11:40:29,NEFT,success
T0004092,A000405,A001304,154,2026-07-06T11:43:12,IMPS,success
T0013761,A000618,A000850,495,2026-07-06T11:45:27,NEFT,success
T0004662,A000132,A000225,159,2026-07-06T11:46:00,IMPS,success
T0002765,A000797,A000709,65000,2026-07-06T11:50:14,UPI,success
T0008906,A001136,A000957,26349,2026-07-06T11:50:55,IMPS,success
T0000067,A001458,A001455,75937,2026-07-06T11:51:58,UPI,success
T0003006,A000016,A000044,466,2026-07-06T11:54:37,IMPS,success
T0010152,A000515,A000702,26530,2026-07-06T11:58:14,IMPS,success
T0011044,A000910,A000451,7041,2026-07-06T12:01:13,UPI,success
T0003501,A000561,A000697,341,2026-07-06T12:01:31,IMPS,success
T0000069,A001460,A001455,16472,2026-07-06T12:03:58,UPI,success
T0014478,A000441,A000134,26989,2026-07-06T12:06:30,NEFT,failed
T0011414,A001246,A000495,760,2026-07-06T12:07:09,IMPS,success
T0000071,A001462,A001455,46556,2026-07-06T12:07:58,UPI,success
T0014380,A000341,A001353,2507,2026-07-06T12:11:07,UPI,success
T0003976,A000443,A000616,80000,2026-07-06T12:13:01,NEFT,success
T0007799,A001315,A000965,619,2026-07-06T12:14:21,IMPS,success
T0012783,A001002,A001118,843,2026-07-06T12:17:40,UPI,success
T0011566,A000066,A000250,72137,2026-07-06T12:18:20,NEFT,success
T0006847,A000957,A000915,403,2026-07-06T12:19:08,IMPS,success
T0005706,A001378,A000369,546,2026-07-06T12:20:09,IMPS,success
T0008256,A000347,A000867,584,2026-07-06T12:20:10,IMPS,success
T0009464,A001381,A000690,30032,2026-07-06T12:23:04,UPI,success
T0000397,A000369,A001193,2177,2026-07-06T12:24:34,UPI,success
T0000866,A000951,A001224,41805,2026-07-06T12:29:28,UPI,failed
T0012613,A000259,A000635,2621,2026-07-06T12:32:17,NEFT,success
T0001537,A000197,A001352,35000,2026-07-06T12:34:34,IMPS,success
T0003907,A000747,A001003,15000,2026-07-06T12:35:21,NEFT,success
T0008488,A000078,A000006,1236,2026-07-06T12:37:15,NEFT,success
T0011735,A000316,A000565,2739,2026-07-06T12:38:40,UPI,success
T0006365,A001302,A000317,1884,2026-07-06T12:43:38,IMPS,success
T0011894,A000038,A000814,5000,2026-07-06T12:44:11,IMPS,success
T0001220,A001002,A000665,448,2026-07-06T12:49:07,IMPS,success
T0006091,A000029,A000550,744,2026-07-06T12:51:19,IMPS,success
T0005923,A000586,A000204,368,2026-07-06T13:04:46,IMPS,success
T0007278,A001366,A000254,278,2026-07-06T13:09:06,IMPS,success
T0004253,A000981,A000428,829,2026-07-06T13:12:37,NEFT,success
T0007808,A000004,A000436,50000,2026-07-06T13:16:26,UPI,success
T0001229,A000477,A000166,835,2026-07-06T13:21:27,UPI,success
T0010912,A000206,A000315,489,2026-07-06T13:23:09,NEFT,success
T0005726,A001109,A000831,1895,2026-07-06T13:27:53,IMPS,success
T0000534,A000844,A000527,5190,2026-07-06T13:29:05,UPI,success
T0010621,A001158,A001046,15000,2026-07-06T13:30:40,NEFT,failed
T0008558,A000438,A000481,1125,2026-07-06T13:37:25,IMPS,success
T0006114,A000578,A000613,4044,2026-07-06T13:37:44,NEFT,success
T0010249,A000858,A000788,1526,2026-07-06T13:39:35,UPI,success
T0002891,A001146,A001365,35000,2026-07-06T13:40:46,IMPS,success
T0010060,A001311,A000303,80000,2026-07-06T13:43:46,NEFT,success
T0013047,A001162,A000260,3314,2026-07-06T13:45:24,IMPS,success
T0003471,A000628,A000008,15000,2026-07-06T13:46:16,IMPS,success
T0001962,A000855,A000227,19614,2026-07-06T13:48:27,IMPS,success
T0013220,A000024,A000761,930,2026-07-06T13:54:52,UPI,success
T0014314,A000777,A000570,9429,2026-07-06T13:58:09,NEFT,failed
T0001338,A001206,A000778,5000,2026-07-06T14:08:09,IMPS,success
T0009612,A000306,A000740,330,2026-07-06T14:08:33,UPI,success
T0002519,A000921,A000070,1263,2026-07-06T14:09:23,IMPS,success
T0005790,A001027,A001208,11520,2026-07-06T14:12:12,IMPS,success
T0010381,A000568,A000210,8622,2026-07-06T14:14:37,UPI,success
T0006645,A001204,A000350,9112,2026-07-06T14:24:12,IMPS,success
T0010067,A000762,A001326,508,2026-07-06T14:24:29,IMPS,success
T0001969,A001156,A001354,826,2026-07-06T14:26:42,NEFT,success
T0002171,A000906,A001077,4324,2026-07-06T14:27:28,NEFT,success
T0012193,A000853,A001326,30175,2026-07-06T14:27:55,IMPS,success
T0012124,A000122,A001185,831,2026-07-06T14:28:26,IMPS,success
T0014073,A001171,A001064,1888,2026-07-06T14:33:51,UPI,success
T0006762,A000416,A001272,3237,2026-07-06T14:36:16,IMPS,success
T0000187,A000205,A001340,33589,2026-07-06T14:47:47,IMPS,success
T0000251,A000581,A000409,2498,2026-07-06T14:48:39,UPI,success
T0014106,A000477,A000945,1431,2026-07-06T14:49:04,NEFT,success
T0010547,A000212,A001004,667,2026-07-06T14:49:14,UPI,success
T0003908,A000851,A000807,23234,2026-07-06T14:51:38,NEFT,success
T0012716,A001040,A000242,683,2026-07-06T14:51:57,IMPS,success
T0009818,A000222,A001371,22992,2026-07-06T14:54:54,IMPS,success
T0005339,A000450,A000939,5223,2026-07-06T14:59:02,NEFT,success
T0007478,A001377,A000889,13033,2026-07-06T15:04:39,NEFT,success
T0000837,A000438,A000672,50000,2026-07-06T15:05:24,IMPS,success
T0000126,A001126,A000259,779,2026-07-06T15:10:06,NEFT,success
T0006479,A000931,A000352,786,2026-07-06T15:18:16,UPI,success
T0009563,A001249,A001047,65000,2026-07-06T15:18:46,NEFT,success
T0002357,A000144,A000566,402,2026-07-06T15:19:53,NEFT,success
T0004770,A000141,A001375,32046,2026-07-06T15:22:20,NEFT,success
T0009697,A000708,A000271,50000,2026-07-06T15:24:11,NEFT,success
T0001253,A000044,A000658,25818,2026-07-06T15:24:54,UPI,success
T0008237,A001354,A000585,582,2026-07-06T15:26:23,NEFT,success
T0013677,A000490,A000517,35000,2026-07-06T15:27:54,NEFT,success
T0008931,A000277,A000993,29406,2026-07-06T15:29:13,IMPS,success
T0013012,A000726,A000860,405,2026-07-06T15:29:31,IMPS,success
T0012721,A000918,A000756,25000,2026-07-06T15:29:54,IMPS,success
T0010539,A000138,A001211,1121,2026-07-06T15:31:43,NEFT,success
T0001462,A001255,A000885,18145,2026-07-06T15:33:24,UPI,success
T0013106,A000439,A000643,42421,2026-07-06T15:34:03,UPI,success
T0014615,A000609,A000091,262,2026-07-06T15:36:07,UPI,success
T0005930,A000463,A000563,22040,2026-07-06T15:37:34,IMPS,success
T0005066,A000090,A000069,15000,2026-07-06T15:37:51,NEFT,success
T0003313,A000942,A000163,27631,2026-07-06T15:40:36,NEFT,success
T0010133,A000331,A000825,264,2026-07-06T15:42:47,IMPS,success
T0014132,A000232,A000578,3224,2026-07-06T15:49:52,NEFT,success
T0002099,A000445,A000161,50000,2026-07-06T15:50:59,IMPS,success
T0012624,A000797,A000657,100,2026-07-06T15:51:38,UPI,success
T0011093,A000265,A000800,9000,2026-07-06T15:53:06,UPI,success
T0008936,A000524,A000027,800,2026-07-06T15:55:07,NEFT,success
T0011222,A000018,A000906,2724,2026-07-06T15:59:26,IMPS,success
T0007795,A000769,A000467,17058,2026-07-06T16:00:25,UPI,success
T0014511,A001290,A000618,818,2026-07-06T16:09:01,IMPS,success
T0000354,A001044,A000419,5000,2026-07-06T16:09:44,NEFT,success
T0014367,A001043,A000452,81394,2026-07-06T16:11:04,NEFT,success
T0009725,A000810,A000006,35000,2026-07-06T16:11:30,NEFT,success
T0006431,A000888,A000801,585,2026-07-06T16:12:31,IMPS,success
T0013371,A000291,A000097,18239,2026-07-06T16:12:40,UPI,success
T0009493,A001071,A000013,50000,2026-07-06T16:13:47,IMPS,success
T0005863,A000502,A000867,800,2026-07-06T16:14:40,UPI,success
T0008692,A001157,A000090,367,2026-07-06T16:21:30,IMPS,success
T0004905,A000661,A001352,50000,2026-07-06T16:22:47,NEFT,success
T0005149,A000334,A000836,1228,2026-07-06T16:23:32,IMPS,success
T0006697,A000762,A000399,15000,2026-07-06T16:24:33,IMPS,success
T0007668,A001339,A001154,15000,2026-07-06T16:36:26,IMPS,success
T0014983,A000972,A000148,35000,2026-07-06T16:38:13,NEFT,success
T0008898,A001027,A000433,5287,2026-07-06T16:41:43,UPI,success
T0009286,A000192,A000326,1187,2026-07-06T16:47:05,IMPS,success
T0006313,A000859,A000700,1727,2026-07-06T16:49:37,IMPS,success
T0013809,A000129,A000519,1646,2026-07-06T16:50:03,IMPS,success
T0000420,A000948,A001249,867,2026-07-06T16:50:33,UPI,success
T0014890,A000344,A000619,403,2026-07-06T16:53:22,IMPS,success
T0011961,A000320,A000549,1325,2026-07-06T16:55:13,UPI,success
T0014777,A000526,A000670,28600,2026-07-06T16:56:25,UPI,success
T0005323,A000565,A000881,1066,2026-07-06T16:57:51,NEFT,success
T0008222,A001145,A000650,394,2026-07-06T16:57:55,NEFT,success
T0005705,A000210,A000408,16943,2026-07-06T16:58:42,IMPS,success
T0002018,A000539,A000152,407,2026-07-06T17:04:25,IMPS,success
T0012460,A000220,A000120,944,2026-07-06T17:05:07,NEFT,failed
T0006834,A000718,A001158,20404,2026-07-06T17:05:12,NEFT,success
T0001954,A000794,A000316,18755,2026-07-06T17:08:17,UPI,success
T0013856,A001276,A000504,65000,2026-07-06T17:08:21,IMPS,success
T0004225,A000158,A001096,65000,2026-07-06T17:11:18,UPI,success
T0007441,A000489,A000291,13260,2026-07-06T17:12:59,IMPS,success
T0012921,A000094,A000685,283,2026-07-06T17:18:06,UPI,success
T0004123,A000825,A000482,25000,2026-07-06T17:23:38,NEFT,success
T0013586,A001253,A000331,80000,2026-07-06T17:24:50,UPI,success
T0007418,A000819,A000879,16702,2026-07-06T17:27:21,IMPS,success
T0006017,A000178,A000883,1092,2026-07-06T17:29:06,UPI,success
T0000311,A000406,A000085,22115,2026-07-06T17:30:19,IMPS,success
T0002347,A000266,A000413,893,2026-07-06T17:32:42,UPI,success
T0006400,A001270,A000190,1959,2026-07-06T17:35:43,NEFT,success
T0009010,A000055,A001303,806,2026-07-06T17:36:36,IMPS,success
T0003570,A000086,A001186,4154,2026-07-06T17:37:12,UPI,success
T0014216,A000904,A001248,45671,2026-07-06T17:37:32,UPI,success
T0001730,A001263,A000874,50000,2026-07-06T17:37:45,NEFT,success
T0012467,A000494,A000174,1420,2026-07-06T17:39:18,IMPS,success
T0007924,A000155,A000751,25000,2026-07-06T17:39:20,UPI,success
T0002052,A001151,A001202,1684,2026-07-06T17:43:58,NEFT,success
T0002509,A000365,A000569,398,2026-07-06T17:46:02,UPI,success
T0012925,A001258,A000107,605,2026-07-06T17:48:56,NEFT,success
T0009476,A000129,A000251,873,2026-07-06T17:49:39,NEFT,success
T0001241,A000335,A000985,461,2026-07-06T17:50:12,NEFT,success
T0013189,A000094,A001366,65000,2026-07-06T17:51:16,UPI,success
T0010968,A001185,A000734,1356,2026-07-06T17:55:47,NEFT,success
T0001698,A001147,A000702,6079,2026-07-06T18:01:02,UPI,success
T0009155,A000282,A000475,820,2026-07-06T18:02:03,NEFT,success
T0006529,A000558,A000064,3784,2026-07-06T18:05:51,UPI,success
T0004279,A000507,A000782,65000,2026-07-06T18:05:52,UPI,success
T0004432,A001069,A000404,7269,2026-07-06T18:10:49,UPI,success
T0014668,A001139,A000611,389,2026-07-06T18:17:39,IMPS,success
T0006817,A001128,A000969,353,2026-07-06T18:17:54,UPI,success
T0012225,A000508,A001098,570,2026-07-06T18:20:35,IMPS,success
T0009368,A000411,A000485,659,2026-07-06T18:22:46,IMPS,success
T0003094,A001335,A000997,40579,2026-07-06T18:27:03,IMPS,success
T0005789,A000364,A001179,5000,2026-07-06T18:27:27,UPI,success
T0009348,A000197,A000881,1005,2026-07-06T18:29:50,UPI,success
T0003986,A000386,A000001,13471,2026-07-06T18:30:12,NEFT,success
T0005782,A001059,A000549,1580,2026-07-06T18:30:26,NEFT,success
T0010041,A001003,A001266,342,2026-07-06T18:37:46,UPI,success
T0003977,A001355,A000174,65000,2026-07-06T18:43:29,UPI,success
T0014247,A000430,A000776,50000,2026-07-06T18:45:06,NEFT,success
T0008185,A001105,A000627,843,2026-07-06T18:49:46,NEFT,success
T0012550,A001101,A000699,580,2026-07-06T18:53:02,UPI,success
T0011770,A000083,A001095,50000,2026-07-06T18:55:04,UPI,success
T0010184,A000630,A000296,115,2026-07-06T18:55:48,UPI,success
T0010931,A000044,A000899,188,2026-07-06T18:58:45,IMPS,success
T0009677,A000334,A000652,1018,2026-07-06T19:02:31,NEFT,success
T0005604,A000201,A001249,49224,2026-07-06T19:04:07,IMPS,success
T0011103,A001130,A001225,8812,2026-07-06T19:05:20,IMPS,success
T0002312,A000488,A001289,31132,2026-07-06T19:05:40,UPI,success
T0009777,A000411,A000356,106,2026-07-06T19:09:41,NEFT,success
T0010272,A000832,A000053,2538,2026-07-06T19:14:25,NEFT,success
T0010020,A001278,A000401,10306,2026-07-06T19:14:33,UPI,success
T0013863,A001041,A000328,50000,2026-07-06T19:20:57,NEFT,success
T0003257,A001253,A001336,1325,2026-07-06T19:32:42,NEFT,success
T0005269,A001143,A000681,1282,2026-07-06T19:39:25,UPI,success
T0009765,A000043,A001372,80000,2026-07-06T19:40:03,UPI,success
T0009100,A000893,A000338,14370,2026-07-06T19:45:12,NEFT,success
T0013577,A000523,A000797,28237,2026-07-06T19:46:44,IMPS,success
T0012743,A000442,A000573,5000,2026-07-06T19:55:31,NEFT,success
T0003585,A000632,A000425,130,2026-07-06T19:56:08,UPI,success
T0010938,A000386,A000290,15000,2026-07-06T19:56:10,IMPS,success
T0010980,A000860,A001027,7800,2026-07-06T19:57:29,UPI,success
T0013574,A000697,A001282,1914,2026-07-06T19:57:48,UPI,success
T0014775,A000621,A000542,991,2026-07-06T19:58:51,IMPS,success
T0005957,A001181,A001233,65000,2026-07-06T20:07:18,UPI,success
T0006603,A000585,A001069,629,2026-07-06T20:08:40,NEFT,success
T0000814,A000336,A000891,69,2026-07-06T20:08:46,UPI,success
T0012398,A001200,A000672,942,2026-07-06T20:09:52,IMPS,failed
T0004981,A000877,A000156,611,2026-07-06T20:11:19,NEFT,success
T0014958,A000308,A000459,15000,2026-07-06T20:11:44,UPI,success
T0009983,A001296,A000808,19510,2026-07-06T20:13:31,UPI,success
T0009901,A000567,A000187,5000,2026-07-06T20:15:59,UPI,success
T0000846,A001015,A001034,28308,2026-07-06T20:19:07,UPI,success
T0001758,A000091,A000731,38996,2026-07-06T20:20:57,IMPS,success
T0006600,A000218,A001139,18803,2026-07-06T20:27:25,NEFT,success
T0006291,A000615,A001096,1470,2026-07-06T20:30:37,IMPS,success
T0010451,A000271,A001242,7380,2026-07-06T20:40:00,IMPS,success
T0003665,A000435,A000281,4652,2026-07-06T20:49:24,UPI,success
T0008672,A000769,A001084,2087,2026-07-06T20:50:59,UPI,success
T0001903,A000015,A000600,35000,2026-07-06T20:54:35,UPI,success
T0002629,A001325,A001062,23214,2026-07-06T20:54:40,UPI,success
T0009033,A001116,A001261,1258,2026-07-06T20:56:31,NEFT,success
T0014459,A001030,A000449,182,2026-07-06T20:56:37,IMPS,success
T0009484,A000287,A001237,755,2026-07-06T21:03:50,IMPS,success
T0002186,A000162,A000455,5000,2026-07-06T21:09:08,NEFT,success
T0002084,A000456,A001245,1313,2026-07-06T21:09:33,UPI,success
T0012043,A001103,A001354,1679,2026-07-06T21:11:14,NEFT,success
T0009807,A000104,A000430,10750,2026-07-06T21:12:09,NEFT,success
T0008730,A000506,A000715,65000,2026-07-06T21:12:21,IMPS,success
T0001354,A000919,A000931,565,2026-07-06T21:20:57,NEFT,success
T0001011,A000090,A001278,778,2026-07-06T21:22:28,UPI,success
T0012031,A001354,A000381,35388,2026-07-06T21:24:02,UPI,success
T0002960,A000007,A000256,11856,2026-07-06T21:24:52,IMPS,success
T0006146,A000522,A000718,951,2026-07-06T21:24:57,UPI,success
T0011574,A000513,A000437,80237,2026-07-06T21:25:31,IMPS,success
T0001569,A000410,A000705,1916,2026-07-06T21:29:39,NEFT,success
T0003619,A000221,A001048,65000,2026-07-06T21:32:40,UPI,success
T0002988,A001299,A000008,1603,2026-07-06T21:36:16,UPI,success
T0003997,A001276,A000341,9000,2026-07-06T21:38:07,IMPS,success
T0011919,A000555,A000310,721,2026-07-06T21:38:19,IMPS,success
T0010904,A001247,A000663,50000,2026-07-06T21:40:04,UPI,success
T0010979,A000522,A001353,18014,2026-07-06T21:46:15,NEFT,success
T0010744,A001092,A000151,15000,2026-07-06T21:48:28,IMPS,success
T0000608,A000856,A001145,718,2026-07-06T21:49:09,NEFT,success
T0010442,A000007,A000227,1846,2026-07-06T21:50:50,UPI,success
T0004627,A000871,A000042,395,2026-07-06T21:52:34,UPI,success
T0004842,A000565,A000689,6716,2026-07-06T21:53:59,IMPS,success
T0005935,A000039,A001375,1329,2026-07-06T21:55:24,NEFT,success
T0006289,A001275,A000805,35000,2026-07-06T22:00:57,NEFT,success
T0011778,A000870,A000644,65000,2026-07-06T22:01:33,IMPS,success
T0013570,A001256,A001318,35000,2026-07-06T22:03:55,UPI,success
T0014255,A000565,A001008,6287,2026-07-06T22:06:41,NEFT,success
T0008553,A000393,A000109,2582,2026-07-06T22:10:48,IMPS,success
T0011062,A001096,A001232,25000,2026-07-06T22:10:51,NEFT,success
T0010225,A000853,A000043,826,2026-07-06T22:12:04,IMPS,success
T0010092,A000289,A000119,65000,2026-07-06T22:13:28,NEFT,success
T0007750,A001212,A000139,146817,2026-07-06T22:13:32,NEFT,success
T0007543,A000141,A000273,50000,2026-07-06T22:17:57,UPI,success
T0012947,A000917,A000212,80000,2026-07-06T22:25:04,IMPS,success
T0012497,A000827,A001165,51857,2026-07-06T22:25:31,IMPS,success
T0002176,A000158,A000380,315,2026-07-06T22:25:54,IMPS,success
T0007420,A000832,A000521,1495,2026-07-06T22:29:05,UPI,success
T0003699,A000091,A000277,41102,2026-07-06T22:32:03,IMPS,success
T0012276,A000184,A001248,15000,2026-07-06T22:40:43,UPI,success
T0006461,A000596,A000322,2207,2026-07-06T22:43:59,NEFT,success
T0000471,A000752,A001015,307,2026-07-06T22:45:50,UPI,success
T0007091,A000007,A000522,80000,2026-07-06T22:49:17,NEFT,success
T0001194,A000829,A000733,74616,2026-07-06T22:50:10,NEFT,success
T0000763,A000542,A000393,9295,2026-07-06T22:58:42,IMPS,success
T0004406,A000250,A000785,6986,2026-07-06T23:00:32,UPI,success
T0012635,A000768,A000072,243,2026-07-06T23:04:07,IMPS,success
T0005634,A000687,A000250,15000,2026-07-06T23:04:35,NEFT,success
T0000888,A000507,A000801,698,2026-07-06T23:05:09,IMPS,success
T0005292,A001069,A000460,235,2026-07-06T23:07:09,IMPS,success
T0009736,A000432,A000130,47502,2026-07-06T23:08:40,IMPS,success
T0005846,A000824,A000950,176,2026-07-06T23:09:25,UPI,success
T0001290,A000914,A000713,80000,2026-07-06T23:09:34,UPI,success
T0003178,A000989,A000076,56688,2026-07-06T23:10:21,UPI,success
T0009884,A000707,A001117,97,2026-07-06T23:14:09,IMPS,success
T0002070,A000860,A000665,892,2026-07-06T23:19:05,IMPS,success
T0008263,A000252,A000811,11792,2026-07-06T23:19:42,NEFT,success
T0007739,A000792,A000196,1364,2026-07-06T23:35:30,IMPS,success
T0007266,A001034,A000400,1348,2026-07-06T23:36:20,UPI,success
T0000505,A000475,A001203,121513,2026-07-06T23:39:49,NEFT,success
T0011043,A000155,A001272,25000,2026-07-06T23:39:50,IMPS,success
T0001715,A000943,A000113,15000,2026-07-06T23:40:18,UPI,success
T0008518,A001024,A000871,57644,2026-07-06T23:42:50,IMPS,success
T0000223,A001216,A000290,657,2026-07-06T23:44:29,NEFT,success
T0002068,A000084,A000528,657,2026-07-06T23:47:13,NEFT,success
T0012369,A001191,A000664,456,2026-07-06T23:49:53,IMPS,success
T0012014,A001214,A000281,50000,2026-07-06T23:52:17,UPI,success
T0003607,A001243,A000997,22873,2026-07-06T23:53:12,NEFT,success
T0004720,A000593,A000945,216,2026-07-06T23:59:58,NEFT,success
T0011487,A000312,A000905,28407,2026-07-07T00:04:17,NEFT,success
T0013914,A000029,A001278,1797,2026-07-07T00:05:18,UPI,success
T0003045,A000275,A000216,39813,2026-07-07T00:17:06,NEFT,success
T0013936,A000517,A001285,577,2026-07-07T00:20:01,IMPS,success
T0006824,A000696,A000515,271,2026-07-07T00:24:50,UPI,success
T0001320,A000335,A000595,475,2026-07-07T00:26:15,IMPS,success
T0004559,A000252,A001280,1059,2026-07-07T00:28:24,UPI,success
T0003128,A000301,A001266,323,2026-07-07T00:29:21,NEFT,success
T0004896,A000564,A000538,1480,2026-07-07T00:29:52,UPI,success
T0009708,A000208,A001255,1592,2026-07-07T00:31:36,IMPS,success
T0014276,A000277,A000872,15000,2026-07-07T00:33:42,NEFT,success
T0002445,A001312,A000649,363,2026-07-07T00:36:10,UPI,success
T0003328,A000283,A001243,3035,2026-07-07T00:37:05,UPI,success
T0006843,A000956,A000364,1696,2026-07-07T00:43:36,NEFT,success
T0001786,A000506,A000787,271,2026-07-07T00:47:13,UPI,success
T0010098,A001019,A000171,114327,2026-07-07T00:51:23,UPI,success
T0004857,A001185,A001360,1053,2026-07-07T00:53:20,IMPS,success
T0003058,A000510,A000218,58376,2026-07-07T00:54:02,IMPS,success
T0013385,A000800,A000777,25000,2026-07-07T00:56:24,NEFT,success
T0001739,A001270,A000888,20652,2026-07-07T01:03:31,NEFT,success
T0010094,A000543,A000627,2078,2026-07-07T01:08:10,NEFT,success
T0001920,A000674,A000731,1673,2026-07-07T01:09:34,NEFT,success
T0008998,A000636,A001315,1262,2026-07-07T01:09:50,UPI,success
T0001762,A000460,A001115,166,2026-07-07T01:09:57,UPI,success
T0002091,A001087,A000973,915,2026-07-07T01:11:10,NEFT,success
T0005389,A001270,A000235,17402,2026-07-07T01:11:52,IMPS,success
T0006403,A000715,A001166,544,2026-07-07T01:17:14,IMPS,success
T0001023,A001240,A000694,1230,2026-07-07T01:17:27,UPI,failed
T0007583,A000892,A000842,35000,2026-07-07T01:24:53,UPI,success
T0014767,A000651,A001311,1855,2026-07-07T01:24:56,NEFT,success
T0007445,A001296,A000314,2571,2026-07-07T01:25:45,UPI,success
T0002569,A000243,A001311,50000,2026-07-07T01:28:20,UPI,success
T0012865,A000114,A000880,50000,2026-07-07T01:30:22,UPI,success
T0007626,A000356,A000557,1799,2026-07-07T01:31:59,UPI,success
T0006702,A001282,A000366,573,2026-07-07T01:32:59,NEFT,success
T0013994,A000249,A000545,304,2026-07-07T01:36:39,NEFT,success
T0003610,A000115,A000586,65000,2026-07-07T01:40:23,IMPS,success
T0004541,A000232,A001347,41421,2026-07-07T01:40:25,IMPS,success
T0010603,A000135,A000555,14097,2026-07-07T01:40:42,UPI,success
T0009562,A000572,A000050,37760,2026-07-07T01:49:28,NEFT,success
T0003685,A000162,A001296,542,2026-07-07T01:52:16,IMPS,success
T0010988,A001009,A000103,1222,2026-07-07T02:03:01,NEFT,success
T0000382,A001322,A001006,24352,2026-07-07T02:04:29,UPI,success
T0007961,A001240,A000287,3269,2026-07-07T02:09:44,IMPS,success
T0005330,A000339,A000346,1296,2026-07-07T02:15:23,NEFT,success
T0004687,A000624,A000483,14244,2026-07-07T02:16:36,IMPS,success
T0011153,A000251,A000775,611,2026-07-07T02:16:43,UPI,success
T0000662,A001043,A000365,568,2026-07-07T02:20:24,UPI,success
T0013461,A000530,A001299,20554,2026-07-07T02:21:42,IMPS,success
T0003089,A000859,A000282,35000,2026-07-07T02:23:27,UPI,success
T0012420,A000571,A001159,1252,2026-07-07T02:29:15,NEFT,success
T0008151,A001332,A001273,23500,2026-07-07T02:29:49,IMPS,success
T0006495,A001223,A000840,373,2026-07-07T02:30:12,NEFT,success
T0013468,A001196,A001343,2710,2026-07-07T02:32:37,IMPS,success
T0012318,A000865,A001130,2595,2026-07-07T02:32:41,UPI,success
T0002118,A001184,A000384,804,2026-07-07T02:35:37,IMPS,success
T0007353,A000356,A000393,25000,2026-07-07T02:39:17,UPI,success
T0014518,A000806,A001067,221,2026-07-07T02:42:41,NEFT,success
T0010057,A000030,A001117,1126,2026-07-07T02:45:46,NEFT,success
T0001879,A001062,A000131,21460,2026-07-07T02:46:41,UPI,success
T0011124,A000631,A001379,3431,2026-07-07T02:47:38,NEFT,success
T0001292,A000081,A001301,5981,2026-07-07T02:50:57,NEFT,success
T0002067,A001205,A000361,837,2026-07-07T02:51:50,NEFT,success
T0013824,A000626,A000913,1718,2026-07-07T02:51:54,IMPS,success
T0014830,A000745,A000037,15454,2026-07-07T02:55:55,UPI,success
T0000841,A000254,A000434,724,2026-07-07T02:56:23,IMPS,success
T0002775,A001326,A000922,748,2026-07-07T02:58:48,NEFT,success
T0010414,A001355,A000606,17463,2026-07-07T02:59:30,IMPS,success
T0009287,A001365,A000608,607,2026-07-07T03:06:34,IMPS,success
T0011338,A000578,A000481,746,2026-07-07T03:07:22,NEFT,success
T0005008,A000260,A000940,7414,2026-07-07T03:15:45,NEFT,success
T0014404,A000828,A000396,1571,2026-07-07T03:19:45,UPI,success
T0006268,A001081,A000367,60395,2026-07-07T03:21:29,UPI,success
T0013031,A000069,A000821,608,2026-07-07T03:27:29,NEFT,success
T0010281,A001085,A000796,9000,2026-07-07T03:28:19,NEFT,success
T0014753,A001110,A000642,401,2026-07-07T03:37:53,NEFT,success
T0002622,A000481,A001311,1142,2026-07-07T03:38:35,UPI,success
T0012652,A000762,A000639,15000,2026-07-07T03:38:55,NEFT,success
T0012424,A000438,A001337,11176,2026-07-07T03:42:25,UPI,success
T0001979,A000128,A001159,17296,2026-07-07T03:44:12,NEFT,success
T0008047,A000105,A000345,80000,2026-07-07T03:46:32,NEFT,success
T0012943,A001379,A000076,1313,2026-07-07T03:49:58,NEFT,success
T0006413,A000866,A000255,502,2026-07-07T03:50:04,IMPS,success
T0009150,A000646,A000690,4149,2026-07-07T03:51:50,NEFT,success
T0007547,A000727,A000994,1627,2026-07-07T03:53:22,IMPS,success
T0007395,A000330,A001354,35000,2026-07-07T03:53:56,IMPS,success
T0002954,A000365,A000198,41502,2026-07-07T03:58:50,IMPS,success
T0009973,A000743,A001118,15000,2026-07-07T04:01:04,IMPS,success
T0009374,A000664,A001308,32271,2026-07-07T04:03:51,UPI,success
T0004724,A000449,A001356,80000,2026-07-07T04:03:55,IMPS,success
T0012722,A000896,A001248,227,2026-07-07T04:05:13,NEFT,success
T0004847,A000654,A000601,25000,2026-07-07T04:05:49,UPI,success
T0010903,A001065,A000411,299,2026-07-07T04:06:36,IMPS,success
T0012087,A000152,A000471,671,2026-07-07T04:06:46,NEFT,success
T0012393,A001221,A000372,824,2026-07-07T04:08:49,UPI,success
T0011854,A000481,A000945,80000,2026-07-07T04:23:12,UPI,success
T0001200,A000755,A000413,1078,2026-07-07T04:24:08,UPI,success
T0012744,A000776,A001072,2192,2026-07-07T04:25:15,UPI,success
T0004326,A000563,A001363,45059,2026-07-07T04:25:25,UPI,success
T0012083,A000385,A000210,4366,2026-07-07T04:30:28,NEFT,success
T0002521,A000542,A001231,22312,2026-07-07T04:32:01,NEFT,success
T0008975,A000960,A000640,9892,2026-07-07T04:33:38,NEFT,success
T0006088,A001118,A000984,1639,2026-07-07T04:41:59,NEFT,success
T0002392,A001004,A001139,18022,2026-07-07T04:43:43,NEFT,success
T0011642,A000024,A001181,44282,2026-07-07T04:45:18,IMPS,success
T0008900,A001027,A000493,182,2026-07-07T04:45:58,UPI,success
T0000150,A000255,A000955,6768,2026-07-07T04:48:10,IMPS,success
T0014715,A000697,A001242,63711,2026-07-07T04:48:43,NEFT,success
T0012586,A000141,A001366,346,2026-07-07T04:49:58,NEFT,success
T0001629,A000391,A000346,850,2026-07-07T04:52:58,UPI,success
T0012753,A000476,A000833,7549,2026-07-07T05:05:38,NEFT,failed
T0003518,A000487,A000649,2634,2026-07-07T05:07:07,UPI,failed
T0007988,A000995,A000657,7035,2026-07-07T05:18:30,UPI,success
T0005567,A000521,A000580,349,2026-07-07T05:26:16,NEFT,success
T0010499,A000507,A001340,377,2026-07-07T05:26:33,UPI,success
T0009379,A001231,A000443,683,2026-07-07T05:27:08,UPI,success
T0001001,A001012,A001055,1693,2026-07-07T05:27:59,NEFT,success
T0008873,A000958,A001032,23869,2026-07-07T05:30:52,NEFT,success
T0003842,A000548,A000438,2202,2026-07-07T05:31:57,NEFT,success
T0004021,A000301,A000886,539,2026-07-07T05:32:53,NEFT,success
T0004723,A001109,A000107,1328,2026-07-07T05:35:53,UPI,success
T0005962,A000682,A000390,760,2026-07-07T05:36:06,NEFT,success
T0008115,A000410,A000156,47869,2026-07-07T05:36:13,UPI,success
T0003917,A000249,A000714,17456,2026-07-07T05:39:32,UPI,success
T0013211,A000366,A000349,129065,2026-07-07T05:50:01,NEFT,success
T0008236,A000691,A001086,14441,2026-07-07T05:52:09,UPI,success
T0002590,A000980,A001296,43024,2026-07-07T05:54:21,NEFT,success
T0009984,A000975,A000812,11759,2026-07-07T05:56:54,UPI,success
T0009163,A001096,A001338,32902,2026-07-07T05:57:26,UPI,success
T0014764,A000254,A001029,806,2026-07-07T05:57:46,NEFT,success
T0012797,A000853,A000170,12332,2026-07-07T05:59:28,NEFT,success
T0004402,A000474,A001055,366,2026-07-07T06:01:14,UPI,success
T0011220,A001276,A001187,50000,2026-07-07T06:07:39,NEFT,success
T0010794,A001319,A000362,80000,2026-07-07T06:08:11,NEFT,success
T0014072,A000967,A000141,35000,2026-07-07T06:09:50,NEFT,success
T0014855,A000311,A000726,20235,2026-07-07T06:13:55,IMPS,success
T0001927,A000752,A000314,80000,2026-07-07T06:17:37,UPI,success
T0006451,A001164,A000885,9584,2026-07-07T06:20:30,IMPS,success
T0002664,A000830,A000390,110,2026-07-07T06:21:37,IMPS,success
T0010909,A000962,A000054,14096,2026-07-07T06:25:44,IMPS,success
T0000141,A000342,A001357,2473,2026-07-07T06:26:20,NEFT,success
T0010337,A000716,A000238,1566,2026-07-07T06:27:52,UPI,success
T0014559,A000583,A001205,11783,2026-07-07T06:28:13,IMPS,success
T0004604,A001158,A000141,20954,2026-07-07T06:33:22,NEFT,success
T0007397,A001123,A000851,80000,2026-07-07T06:33:47,NEFT,success
T0006070,A000788,A001320,253,2026-07-07T06:34:09,UPI,success
T0007066,A000212,A000611,1224,2026-07-07T06:36:23,UPI,success
T0005298,A001126,A000386,303,2026-07-07T06:38:33,UPI,success
T0003053,A000788,A000679,13769,2026-07-07T06:41:15,UPI,success
T0004167,A000490,A001148,841,2026-07-07T06:45:21,IMPS,success
T0005403,A000943,A000025,554,2026-07-07T06:47:12,UPI,success
T0002694,A000730,A001197,622,2026-07-07T06:47:42,IMPS,success
T0001976,A001196,A001353,65000,2026-07-07T06:49:09,NEFT,success
T0002731,A000765,A000360,35000,2026-07-07T06:52:04,NEFT,success
T0014692,A000160,A000757,25000,2026-07-07T06:52:45,NEFT,failed
T0004398,A001067,A001101,517,2026-07-07T06:53:50,NEFT,success
T0012641,A001328,A001043,3594,2026-07-07T06:59:10,UPI,success
T0003103,A000958,A000574,25000,2026-07-07T07:00:15,UPI,success
T0008188,A000046,A000857,2509,2026-07-07T07:01:05,IMPS,success
T0008645,A001161,A001088,309,2026-07-07T07:01:12,NEFT,success
T0014703,A001061,A000776,30735,2026-07-07T07:03:35,NEFT,success
T0011934,A001200,A000912,880,2026-07-07T07:17:48,IMPS,success
T0007697,A000325,A000442,3867,2026-07-07T07:28:32,NEFT,success
T0013632,A001050,A000074,17880,2026-07-07T07:29:28,IMPS,success
T0002651,A000153,A000197,35000,2026-07-07T07:30:22,IMPS,success
T0005947,A001030,A001300,1132,2026-07-07T07:32:57,NEFT,success
T0005658,A001291,A000313,219,2026-07-07T07:35:12,IMPS,success
T0009740,A000695,A000019,100,2026-07-07T07:36:22,IMPS,success
T0013859,A001162,A001374,54058,2026-07-07T07:37:26,NEFT,success
T0001310,A001379,A000670,1913,2026-07-07T07:38:53,IMPS,success
T0011599,A000335,A001271,68808,2026-07-07T07:40:33,UPI,success
T0001130,A000588,A001066,1191,2026-07-07T07:44:46,NEFT,success
T0008072,A000083,A001228,789,2026-07-07T07:45:53,NEFT,success
T0006607,A001115,A000988,685,2026-07-07T07:48:21,NEFT,success
T0003023,A000395,A000544,395,2026-07-07T07:49:12,IMPS,success
T0013330,A000392,A000157,80000,2026-07-07T07:49:55,NEFT,success
T0011151,A000333,A000101,721,2026-07-07T07:51:33,NEFT,success
T0007321,A001245,A000734,1183,2026-07-07T07:56:40,NEFT,success
T0012995,A000504,A000115,80000,2026-07-07T07:57:02,NEFT,success
T0000405,A000187,A001250,14666,2026-07-07T08:01:56,IMPS,success
T0005387,A000446,A000031,47629,2026-07-07T08:11:53,IMPS,success
T0001993,A000928,A000307,25000,2026-07-07T08:14:39,NEFT,success
T0001588,A000155,A000716,157,2026-07-07T08:15:05,UPI,success
T0010220,A000863,A000315,20891,2026-07-07T08:21:27,UPI,success
T0000304,A000146,A000279,19979,2026-07-07T08:21:48,UPI,success
T0004728,A001099,A000083,607,2026-07-07T08:28:54,NEFT,success
T0005379,A000268,A000282,21551,2026-07-07T08:32:22,UPI,success
T0003191,A000193,A000679,14599,2026-07-07T08:32:47,UPI,success
T0013720,A000315,A001324,801,2026-07-07T08:35:04,NEFT,success
T0004383,A000951,A000468,7621,2026-07-07T08:37:15,NEFT,success
T0006861,A000678,A000464,1362,2026-07-07T08:38:08,IMPS,success
T0013117,A000239,A000291,2078,2026-07-07T08:38:44,NEFT,success
T0001812,A001094,A000762,1419,2026-07-07T08:41:16,UPI,success
T0006121,A000153,A001004,10176,2026-07-07T08:41:40,UPI,success
T0008871,A001037,A001273,1486,2026-07-07T08:44:25,IMPS,success
T0007389,A000191,A001254,35000,2026-07-07T08:44:28,IMPS,success
T0008233,A000509,A000115,25000,2026-07-07T08:45:58,NEFT,success
T0004327,A000980,A000424,44886,2026-07-07T08:47:37,NEFT,success
T0009950,A001044,A000032,198,2026-07-07T08:50:54,IMPS,success
T0010058,A000206,A000177,22172,2026-07-07T08:52:34,UPI,success
T0011290,A001367,A000563,2554,2026-07-07T09:00:24,NEFT,success
T0008689,A000681,A000380,693,2026-07-07T09:05:02,NEFT,success
T0006769,A000365,A000071,685,2026-07-07T09:07:23,IMPS,success
T0011745,A001337,A000272,65000,2026-07-07T09:09:16,IMPS,success
T0002252,A000324,A000428,47495,2026-07-07T09:10:17,IMPS,success
T0003497,A000608,A000653,3087,2026-07-07T09:12:46,NEFT,success
T0001102,A000700,A001136,426,2026-07-07T09:15:11,IMPS,success
T0009016,A000129,A001152,661,2026-07-07T09:20:12,NEFT,success
T0006951,A000628,A001194,35000,2026-07-07T09:20:19,NEFT,success
T0010406,A000524,A001288,7063,2026-07-07T09:22:15,UPI,success
T0006490,A000350,A000976,558,2026-07-07T09:22:40,UPI,success
T0004151,A001218,A000756,20119,2026-07-07T09:23:54,UPI,success
T0006419,A000743,A000479,2250,2026-07-07T09:24:19,NEFT,success
T0006201,A000941,A000631,50000,2026-07-07T09:28:25,IMPS,success
T0001184,A000653,A001085,417,2026-07-07T09:34:59,UPI,success
T0012361,A001264,A000735,325,2026-07-07T09:38:57,IMPS,success
T0002419,A000974,A000632,254,2026-07-07T09:41:12,NEFT,success
T0012597,A001013,A000603,25000,2026-07-07T09:41:18,NEFT,success
T0000225,A000100,A001091,669,2026-07-07T09:47:11,UPI,success
T0008276,A000702,A000090,196,2026-07-07T09:53:08,IMPS,success
T0014536,A000936,A000327,117,2026-07-07T09:53:31,UPI,success
T0006181,A001098,A000890,643,2026-07-07T09:54:43,IMPS,success
T0012691,A000666,A000622,19853,2026-07-07T10:01:57,IMPS,success
T0007416,A000122,A000704,25000,2026-07-07T10:02:41,UPI,success
T0013071,A001156,A001292,23476,2026-07-07T10:03:04,UPI,success
T0011041,A001152,A001074,899,2026-07-07T10:04:19,IMPS,success
T0007059,A000242,A001369,25000,2026-07-07T10:12:40,UPI,success
T0012135,A001366,A000663,21228,2026-07-07T10:14:59,UPI,success
T0004517,A000968,A000111,492,2026-07-07T10:24:06,UPI,success
T0010924,A000439,A000891,44646,2026-07-07T10:27:10,NEFT,success
T0005014,A000726,A000975,323,2026-07-07T10:33:12,UPI,success
T0009457,A000956,A000056,65000,2026-07-07T10:35:08,UPI,success
T0011764,A001245,A000701,310,2026-07-07T10:40:48,NEFT,success
T0008707,A000895,A000086,1762,2026-07-07T10:41:08,IMPS,success
T0005302,A001047,A001219,80000,2026-07-07T10:48:41,UPI,success
T0001809,A001103,A000399,1658,2026-07-07T10:52:41,NEFT,success
T0009417,A000609,A000405,203,2026-07-07T10:53:29,NEFT,success
T0014806,A001296,A001340,142,2026-07-07T10:55:25,NEFT,success
T0005632,A000246,A000995,25000,2026-07-07T10:59:26,NEFT,success
T0004864,A001146,A000805,2540,2026-07-07T11:04:39,NEFT,success
T0003492,A000420,A000231,1072,2026-07-07T11:07:11,NEFT,success
T0009370,A001143,A001166,17902,2026-07-07T11:07:22,IMPS,success
T0005588,A000949,A000407,25000,2026-07-07T11:11:32,UPI,success
T0000839,A000073,A000210,17030,2026-07-07T11:14:53,UPI,success
T0007987,A001214,A000715,29298,2026-07-07T11:18:07,UPI,success
T0009400,A000041,A001090,582,2026-07-07T11:23:14,UPI,success
T0006046,A000315,A000059,2106,2026-07-07T11:23:33,UPI,success
T0012310,A000419,A000710,184,2026-07-07T11:26:25,IMPS,success
T0006143,A000987,A000532,16055,2026-07-07T11:26:58,IMPS,success
T0006517,A001086,A000680,1396,2026-07-07T11:28:47,IMPS,success
T0013160,A000440,A000360,80000,2026-07-07T11:30:40,UPI,success
T0005390,A001084,A000104,15000,2026-07-07T11:31:32,NEFT,success
T0013235,A000545,A000839,2503,2026-07-07T11:35:35,IMPS,success
T0010957,A000744,A000553,460,2026-07-07T11:49:26,IMPS,success
T0003353,A000037,A000706,2586,2026-07-07T11:49:58,UPI,success
T0003982,A000549,A000935,27371,2026-07-07T11:50:44,NEFT,success
T0006718,A000695,A001334,1755,2026-07-07T11:59:02,IMPS,success
T0013982,A000659,A000533,9032,2026-07-07T12:00:24,NEFT,success
T0008700,A000147,A000096,334,2026-07-07T12:01:42,UPI,success
T0012061,A000233,A000118,91815,2026-07-07T12:02:18,IMPS,success
T0013130,A000158,A001151,25000,2026-07-07T12:03:20,IMPS,success
T0008555,A000406,A000046,1109,2026-07-07T12:04:03,IMPS,success
T0009733,A000436,A001029,1724,2026-07-07T12:05:53,IMPS,success
T0006198,A000402,A000069,541,2026-07-07T12:09:32,NEFT,failed
T0008483,A001001,A000813,8517,2026-07-07T12:09:36,IMPS,success
T0005666,A000248,A000096,1609,2026-07-07T12:10:00,UPI,success
T0013038,A000439,A000636,65000,2026-07-07T12:17:18,IMPS,success
T0001664,A000695,A000315,1051,2026-07-07T12:17:28,NEFT,success
T0009317,A000394,A001080,1036,2026-07-07T12:23:04,UPI,success
T0006978,A000486,A000091,1591,2026-07-07T12:23:41,NEFT,success
T0007189,A000155,A001000,1456,2026-07-07T12:24:45,NEFT,success
T0003418,A000050,A000666,3664,2026-07-07T12:28:13,IMPS,success
T0007737,A001020,A000642,1252,2026-07-07T12:30:08,NEFT,success
T0004017,A000672,A001003,25000,2026-07-07T12:38:31,NEFT,success
T0000345,A000889,A000960,27577,2026-07-07T12:40:28,UPI,success
T0001158,A001368,A000905,23134,2026-07-07T12:41:22,IMPS,success
T0012183,A000551,A000491,643,2026-07-07T12:43:39,NEFT,success
T0000083,A001474,A001454,59196,2026-07-07T12:43:58,UPI,success
T0003086,A001233,A000016,273,2026-07-07T12:46:19,IMPS,success
T0009922,A000276,A000949,471,2026-07-07T12:46:29,NEFT,success
T0003334,A001187,A000001,4219,2026-07-07T12:51:30,NEFT,success
T0003780,A000004,A000408,392,2026-07-07T12:53:07,NEFT,success
T0004302,A000077,A000653,293,2026-07-07T12:54:10,UPI,success
T0003281,A000784,A000962,4056,2026-07-07T12:57:13,IMPS,success
T0006748,A001011,A001008,638,2026-07-07T12:58:46,NEFT,success
T0012202,A001369,A001159,45831,2026-07-07T12:59:56,UPI,success
T0001422,A001036,A000971,1166,2026-07-07T13:01:07,IMPS,success
T0004901,A000504,A000331,50000,2026-07-07T13:04:19,NEFT,success
T0001864,A000550,A000957,500,2026-07-07T13:05:29,UPI,success
T0002512,A001061,A000933,786,2026-07-07T13:06:37,UPI,success
T0013121,A000956,A001077,2638,2026-07-07T13:07:08,UPI,success
T0010969,A000451,A001286,532,2026-07-07T13:11:24,NEFT,success
T0009234,A001253,A000034,2182,2026-07-07T13:16:56,NEFT,success
T0011908,A001300,A001302,1049,2026-07-07T13:19:48,NEFT,success
T0013893,A000822,A000675,547,2026-07-07T13:23:01,IMPS,success
T0003871,A000819,A000290,1461,2026-07-07T13:26:05,IMPS,success
T0014423,A001137,A000344,123,2026-07-07T13:26:23,UPI,success
T0008077,A000676,A000177,888,2026-07-07T13:27:01,NEFT,success
T0014229,A001344,A001095,45272,2026-07-07T13:33:54,IMPS,success
T0012829,A001205,A000952,621,2026-07-07T13:37:50,UPI,success
T0007019,A000755,A000936,843,2026-07-07T13:41:07,UPI,success
T0005461,A001182,A000578,664,2026-07-07T13:43:07,NEFT,success
T0002292,A000160,A000541,65000,2026-07-07T13:43:26,UPI,success
T0011493,A000315,A001279,411,2026-07-07T13:43:37,IMPS,success
T0000542,A000489,A001214,1544,2026-07-07T13:43:55,UPI,success
T0007824,A001179,A000537,29053,2026-07-07T13:44:41,UPI,success
T0003475,A000139,A000440,3053,2026-07-07T13:45:55,NEFT,success
T0006996,A001192,A000272,8048,2026-07-07T13:46:34,IMPS,success
T0006857,A001237,A000483,11346,2026-07-07T13:49:19,UPI,success
T0012136,A000744,A000297,3562,2026-07-07T13:49:34,NEFT,success
T0005908,A000455,A001076,1839,2026-07-07T13:51:19,UPI,success
T0003551,A001090,A001143,395,2026-07-07T13:51:42,UPI,success
T0000230,A001223,A001292,22404,2026-07-07T13:52:28,NEFT,success
T0009222,A000371,A000355,178,2026-07-07T13:55:12,NEFT,success
T0013457,A000598,A001070,1522,2026-07-07T13:55:32,IMPS,success
T0009303,A001029,A000089,20332,2026-07-07T13:56:58,NEFT,success
T0008703,A000859,A000204,789,2026-07-07T13:58:10,IMPS,success
T0008139,A000292,A000956,28595,2026-07-07T13:58:19,NEFT,success
T0014294,A001242,A000891,505,2026-07-07T13:59:26,UPI,success
T0012018,A000324,A001376,50000,2026-07-07T14:00:46,NEFT,success
T0009829,A001116,A000426,1218,2026-07-07T14:02:44,IMPS,success
T0002025,A000588,A001271,8064,2026-07-07T14:07:34,UPI,success
T0011550,A000901,A001075,330,2026-07-07T14:12:26,IMPS,success
T0006906,A000523,A000164,238,2026-07-07T14:13:28,UPI,success
T0003017,A000909,A001010,398,2026-07-07T14:13:59,IMPS,success
T0013945,A000855,A000339,590,2026-07-07T14:16:47,UPI,success
T0008773,A000169,A001114,155,2026-07-07T14:17:40,NEFT,success
T0000159,A000137,A001307,594,2026-07-07T14:19:45,UPI,success
T0002520,A000759,A000968,2027,2026-07-07T14:21:26,NEFT,success
T0002717,A001233,A000110,371,2026-07-07T14:23:17,NEFT,success
T0014731,A000200,A001303,3176,2026-07-07T14:23:41,UPI,success
T0005826,A000249,A000554,2229,2026-07-07T14:23:53,UPI,success
T0000390,A000194,A001180,8921,2026-07-07T14:27:07,UPI,success
T0013768,A000143,A000971,25000,2026-07-07T14:27:39,UPI,success
T0001808,A000174,A000005,25000,2026-07-07T14:27:51,IMPS,success
T0001538,A000512,A001210,1252,2026-07-07T14:28:58,UPI,success
T0005407,A001063,A000187,1468,2026-07-07T14:31:37,UPI,success
T0000926,A001248,A000652,52603,2026-07-07T14:34:11,NEFT,success
T0003674,A000626,A000282,25000,2026-07-07T14:41:09,NEFT,success
T0002314,A000169,A000755,65000,2026-07-07T14:43:02,NEFT,success
T0003379,A000758,A000342,1429,2026-07-07T14:44:23,UPI,success
T0000956,A001152,A000201,35000,2026-07-07T14:48:03,UPI,success
T0013335,A001128,A000972,283,2026-07-07T14:48:47,IMPS,success
T0005630,A001233,A001197,35000,2026-07-07T14:49:07,NEFT,success
T0013326,A000044,A001059,33937,2026-07-07T14:50:02,IMPS,success
T0004208,A000082,A000563,5278,2026-07-07T14:50:36,IMPS,success
T0008319,A000297,A001335,1617,2026-07-07T14:50:47,NEFT,success
T0002595,A001239,A000882,7672,2026-07-07T15:03:00,IMPS,success
T0010769,A000575,A000114,10961,2026-07-07T15:08:42,IMPS,success
T0010821,A000812,A000534,52388,2026-07-07T15:09:07,UPI,success
T0003727,A001359,A000933,80000,2026-07-07T15:14:43,IMPS,success
T0004622,A000678,A001016,1008,2026-07-07T15:21:34,UPI,success
T0009632,A001023,A001118,35751,2026-07-07T15:22:16,IMPS,success
T0000554,A001353,A000441,207,2026-07-07T15:23:04,IMPS,success
T0009987,A000977,A000025,1666,2026-07-07T15:25:35,UPI,success
T0004944,A000992,A000845,365,2026-07-07T15:37:24,IMPS,success
T0002834,A000279,A000912,15000,2026-07-07T15:42:47,IMPS,success
T0011183,A000150,A000720,1312,2026-07-07T15:42:49,IMPS,success
T0008332,A000043,A000422,364,2026-07-07T15:43:40,IMPS,success
T0002707,A000710,A001220,2056,2026-07-07T15:43:52,UPI,success
T0012378,A001190,A000136,80000,2026-07-07T15:44:08,NEFT,success
T0009669,A000089,A001299,668,2026-07-07T15:49:46,IMPS,success
T0010833,A001226,A001142,15000,2026-07-07T15:51:22,UPI,success
T0002394,A000564,A000383,883,2026-07-07T15:52:10,UPI,success
T0007649,A000338,A001083,14418,2026-07-07T16:01:27,UPI,success
T0007223,A000491,A000196,2780,2026-07-07T16:02:00,UPI,success
T0011765,A001117,A000419,897,2026-07-07T16:03:34,IMPS,success
T0010956,A001122,A000929,384,2026-07-07T16:04:47,NEFT,success
T0008927,A001064,A000574,6695,2026-07-07T16:08:10,NEFT,success
T0013849,A001199,A000345,5175,2026-07-07T16:08:44,UPI,success
T0001596,A000392,A000135,471,2026-07-07T16:10:17,NEFT,success
T0012647,A001330,A001363,1614,2026-07-07T16:12:49,UPI,success
T0007763,A000970,A001031,25000,2026-07-07T16:13:57,NEFT,success
T0006246,A000105,A000842,5741,2026-07-07T16:14:29,UPI,success
T0004070,A001223,A000452,19854,2026-07-07T16:15:44,UPI,success
T0005199,A000603,A000811,856,2026-07-07T16:19:43,IMPS,success
T0004942,A000292,A001196,537,2026-07-07T16:21:38,NEFT,success
T0007157,A000577,A000447,372,2026-07-07T16:24:52,IMPS,success
T0005364,A000930,A001262,886,2026-07-07T16:25:00,IMPS,success
T0003298,A000357,A000346,852,2026-07-07T16:26:43,UPI,success
T0011989,A001310,A000608,836,2026-07-07T16:26:53,IMPS,success
T0010336,A000314,A000312,11048,2026-07-07T16:27:21,IMPS,success
T0001861,A001250,A000821,598,2026-07-07T16:27:32,UPI,success
T0001575,A001042,A001303,19223,2026-07-07T16:32:53,NEFT,success
T0004828,A000854,A000797,1496,2026-07-07T16:34:24,UPI,success
T0003234,A000351,A000516,1700,2026-07-07T16:36:17,UPI,success
T0005448,A001356,A000973,1207,2026-07-07T16:37:20,NEFT,success
T0003523,A000782,A000497,1990,2026-07-07T16:46:47,NEFT,success
T0000762,A000347,A001018,930,2026-07-07T16:49:06,UPI,success
T0012737,A000459,A000845,45697,2026-07-07T16:52:10,NEFT,success
T0009897,A000887,A001332,761,2026-07-07T16:59:32,NEFT,success
T0011179,A000685,A000670,708,2026-07-07T17:00:20,NEFT,success
T0007098,A001217,A000772,50,2026-07-07T17:02:27,UPI,success
T0013412,A000078,A000826,80000,2026-07-07T17:03:58,UPI,success
T0009515,A001373,A001026,30145,2026-07-07T17:04:58,IMPS,success
T0004185,A001113,A001051,46928,2026-07-07T17:06:27,UPI,success
T0012923,A000781,A000318,65000,2026-07-07T17:09:51,UPI,success
T0010623,A000795,A001234,606,2026-07-07T17:13:05,IMPS,success
T0004128,A000444,A000088,1826,2026-07-07T17:14:17,NEFT,success
T0013087,A000473,A000771,914,2026-07-07T17:18:35,NEFT,success
T0005653,A001258,A001130,690,2026-07-07T17:21:36,IMPS,success
T0005829,A000251,A000054,625,2026-07-07T17:22:31,UPI,success
T0012263,A001178,A000656,862,2026-07-07T17:22:45,UPI,success
T0008788,A000360,A001140,771,2026-07-07T17:23:29,UPI,success
T0008505,A001366,A000863,475,2026-07-07T17:25:32,NEFT,success
T0012916,A000316,A001009,184915,2026-07-07T17:27:47,NEFT,success
T0014469,A000354,A000456,1321,2026-07-07T17:28:27,IMPS,success
T0005139,A001307,A000082,367,2026-07-07T17:32:21,IMPS,success
T0001857,A000945,A000062,719,2026-07-07T17:32:22,UPI,success
T0009012,A001219,A000259,25000,2026-07-07T17:46:43,IMPS,success
T0000531,A000958,A000009,27973,2026-07-07T17:46:45,UPI,success
T0000594,A000811,A000801,368,2026-07-07T17:46:52,IMPS,success
T0007973,A000412,A000820,25000,2026-07-07T17:50:24,NEFT,success
T0004219,A000360,A001247,809,2026-07-07T17:51:40,IMPS,success
T0012129,A000395,A000650,163,2026-07-07T17:53:38,IMPS,success
T0011281,A000018,A000520,24233,2026-07-07T17:56:14,IMPS,success
T0006202,A000175,A000171,1658,2026-07-07T18:01:43,IMPS,success
T0001029,A000724,A001361,189,2026-07-07T18:04:10,NEFT,success
T0001738,A000429,A000399,267,2026-07-07T18:05:43,UPI,success
T0005804,A000652,A000372,317,2026-07-07T18:08:07,NEFT,success
T0011455,A001174,A001065,391,2026-07-07T18:08:40,UPI,success
T0013383,A000838,A000593,5000,2026-07-07T18:09:03,UPI,success
T0010449,A000080,A000401,578,2026-07-07T18:11:47,UPI,success
T0000579,A000351,A000284,486,2026-07-07T18:11:57,IMPS,success
T0014676,A000548,A000261,1677,2026-07-07T18:13:39,IMPS,success
T0009456,A000228,A000190,1458,2026-07-07T18:17:24,UPI,success
T0006995,A000430,A001328,29995,2026-07-07T18:21:47,IMPS,success
T0013596,A001147,A000528,80000,2026-07-07T18:22:40,IMPS,success
T0014403,A000267,A000239,71818,2026-07-07T18:23:20,IMPS,success
T0008574,A001058,A000648,2297,2026-07-07T18:25:59,NEFT,success
T0003314,A000143,A000365,949,2026-07-07T18:30:36,UPI,success
T0014630,A001173,A000967,1443,2026-07-07T18:32:21,IMPS,success
T0013214,A001246,A001082,754,2026-07-07T18:34:55,UPI,success
T0010154,A000820,A000939,1503,2026-07-07T18:35:13,NEFT,success
T0003131,A001038,A001363,875,2026-07-07T18:38:42,NEFT,success
T0008235,A000113,A000391,1728,2026-07-07T18:40:05,UPI,success
T0000774,A001376,A000248,25000,2026-07-07T18:42:37,UPI,success
T0003925,A000393,A000056,655,2026-07-07T18:43:19,IMPS,success
T0007985,A001150,A000098,50000,2026-07-07T18:43:19,NEFT,success
T0003200,A000616,A000357,2448,2026-07-07T18:44:06,UPI,success
T0014769,A000680,A000010,2372,2026-07-07T18:44:58,UPI,success
T0011975,A000931,A001303,14919,2026-07-07T18:47:22,NEFT,failed
T0003062,A000382,A001162,65000,2026-07-07T18:47:39,UPI,success
T0011075,A000109,A000139,2540,2026-07-07T18:49:12,UPI,success
T0011791,A001037,A001143,5998,2026-07-07T18:49:45,IMPS,success
T0012082,A001340,A000050,1314,2026-07-07T18:50:15,UPI,success
T0006813,A000287,A001085,24391,2026-07-07T18:55:23,UPI,success
T0008777,A001155,A000301,275,2026-07-07T18:55:40,UPI,success
T0013070,A001366,A000771,19156,2026-07-07T18:59:50,IMPS,success
T0014865,A001239,A001134,846,2026-07-07T19:00:14,IMPS,success
T0000337,A000270,A000077,5000,2026-07-07T19:01:12,NEFT,success
T0008525,A001202,A000672,1300,2026-07-07T19:03:28,UPI,success
T0014641,A000843,A000067,1191,2026-07-07T19:13:47,UPI,success
T0003948,A001068,A000681,27033,2026-07-07T19:14:00,NEFT,success
T0014282,A001155,A000729,29620,2026-07-07T19:15:14,NEFT,success
T0004073,A000881,A001223,1885,2026-07-07T19:15:22,UPI,success
T0010644,A001273,A000725,2959,2026-07-07T19:16:46,NEFT,success
T0004866,A000459,A000734,33335,2026-07-07T19:27:59,NEFT,success
T0011411,A000100,A000518,25000,2026-07-07T19:28:35,IMPS,success
T0006811,A000083,A000817,24189,2026-07-07T19:35:39,IMPS,success
T0012389,A000883,A000088,51411,2026-07-07T19:35:40,NEFT,success
T0001053,A001258,A000903,446,2026-07-07T19:36:04,UPI,success
T0006583,A000243,A000358,117,2026-07-07T19:36:18,UPI,success
T0001327,A000357,A001231,367,2026-07-07T19:37:56,IMPS,success
T0004059,A000582,A000246,6495,2026-07-07T19:45:28,IMPS,success
T0008652,A000657,A001224,35000,2026-07-07T19:57:00,IMPS,success
T0002516,A000837,A000610,64151,2026-07-07T19:59:16,IMPS,success
T0002209,A000257,A000531,1030,2026-07-07T20:00:42,IMPS,success
T0013016,A000203,A000520,378,2026-07-07T20:04:34,UPI,success
T0005639,A000842,A000122,35000,2026-07-07T20:06:43,NEFT,success
T0014868,A000398,A000579,17283,2026-07-07T20:08:25,IMPS,success
T0009177,A001159,A000078,584,2026-07-07T20:13:58,UPI,success
T0013124,A000074,A000257,15000,2026-07-07T20:16:27,UPI,success
T0010087,A000788,A000954,479,2026-07-07T20:18:58,IMPS,success
T0000446,A001006,A000493,790,2026-07-07T20:24:47,UPI,success
T0003740,A000016,A000522,752,2026-07-07T20:26:56,IMPS,success
T0004671,A000888,A000750,863,2026-07-07T20:27:47,IMPS,success
T0002643,A001234,A000568,235,2026-07-07T20:27:57,NEFT,success
T0006522,A001159,A000337,35000,2026-07-07T20:28:14,IMPS,success
T0013105,A000517,A000158,1583,2026-07-07T20:28:59,UPI,success
T0007329,A001253,A001217,65000,2026-07-07T20:32:11,NEFT,success
T0011072,A001033,A001223,1314,2026-07-07T20:32:28,NEFT,success
T0005391,A000656,A000373,519,2026-07-07T20:37:10,IMPS,success
T0002102,A000156,A001333,397,2026-07-07T20:39:59,NEFT,success
T0005319,A000876,A001107,33280,2026-07-07T20:40:16,UPI,success
T0001224,A001060,A000503,25000,2026-07-07T20:41:37,IMPS,success
T0011498,A000193,A000424,35000,2026-07-07T20:45:45,NEFT,success
T0000705,A000880,A000271,6993,2026-07-07T20:49:43,IMPS,success
T0000178,A001224,A000505,27293,2026-07-07T20:53:04,NEFT,success
T0013996,A000821,A001332,921,2026-07-07T20:54:37,UPI,success
T0012327,A000349,A001142,381,2026-07-07T20:55:45,UPI,success
T0001261,A001199,A000011,337,2026-07-07T21:05:50,UPI,success
T0007429,A000388,A000236,1039,2026-07-07T21:06:46,IMPS,success
T0005919,A001024,A000222,401,2026-07-07T21:11:44,UPI,success
T0010883,A000548,A000600,7069,2026-07-07T21:16:48,IMPS,success
T0013150,A000239,A000683,567,2026-07-07T21:19:25,IMPS,success
T0005195,A000591,A000699,65000,2026-07-07T21:20:24,IMPS,success
T0002626,A000546,A000037,15000,2026-07-07T21:21:02,NEFT,success
T0002369,A001209,A000104,65000,2026-07-07T21:22:14,NEFT,success
T0012514,A000500,A000954,19264,2026-07-07T21:23:31,UPI,success
T0000830,A000743,A000895,1830,2026-07-07T21:26:30,IMPS,success
T0002227,A000580,A000467,12102,2026-07-07T21:32:22,IMPS,success
T0008494,A000303,A001311,90976,2026-07-07T21:32:40,NEFT,success
T0001392,A000156,A000499,5000,2026-07-07T21:34:49,NEFT,success
T0014422,A000948,A000779,7203,2026-07-07T21:40:41,IMPS,success
T0004808,A000371,A001348,1105,2026-07-07T21:41:34,UPI,success
T0013413,A001076,A000165,892,2026-07-07T21:43:36,UPI,success
T0008595,A000950,A000104,1507,2026-07-07T21:43:48,IMPS,success
T0014583,A000528,A001134,11294,2026-07-07T21:44:20,IMPS,success
T0002545,A000213,A000580,20569,2026-07-07T21:45:06,UPI,success
T0014029,A000328,A000804,17099,2026-07-07T21:59:03,IMPS,success
T0007542,A000083,A000269,298,2026-07-07T22:00:14,NEFT,success
T0006427,A000756,A000686,2027,2026-07-07T22:01:26,NEFT,success
T0012908,A001039,A001064,819,2026-07-07T22:02:46,UPI,success
T0010513,A000353,A000574,351,2026-07-07T22:02:49,UPI,success
T0005464,A000552,A001096,50000,2026-07-07T22:04:01,NEFT,success
T0011283,A000447,A000062,16518,2026-07-07T22:04:14,UPI,success
T0014578,A001262,A000227,557,2026-07-07T22:07:33,IMPS,success
T0002598,A001298,A000020,1175,2026-07-07T22:09:14,IMPS,success
T0006085,A000533,A000489,50000,2026-07-07T22:10:13,IMPS,success
T0001513,A000556,A001067,101852,2026-07-07T22:10:49,UPI,success
T0010534,A001237,A000979,143,2026-07-07T22:13:03,UPI,success
T0009154,A001115,A000897,1139,2026-07-07T22:13:41,NEFT,success
T0003814,A000709,A000242,615,2026-07-07T22:18:23,IMPS,success
T0007631,A001043,A000745,566,2026-07-07T22:20:10,IMPS,success
T0003846,A000727,A000871,4625,2026-07-07T22:21:10,NEFT,success
T0006093,A000651,A001251,1582,2026-07-07T22:22:57,NEFT,success
T0003192,A000577,A001336,1519,2026-07-07T22:23:40,IMPS,success
T0007735,A000833,A001202,542,2026-07-07T22:26:04,NEFT,success
T0010777,A000946,A000851,1859,2026-07-07T22:26:55,NEFT,success
T0001902,A000092,A000335,72774,2026-07-07T22:34:31,IMPS,success
T0003473,A000412,A000037,17175,2026-07-07T22:42:22,IMPS,success
T0010353,A001018,A000632,25358,2026-07-07T22:45:15,NEFT,success
T0014947,A000097,A000425,2175,2026-07-07T22:48:54,IMPS,success
T0013523,A000653,A000682,1158,2026-07-07T22:49:22,NEFT,success
T0001899,A000954,A001329,26587,2026-07-07T22:53:02,IMPS,success
T0011110,A000870,A000996,25000,2026-07-07T22:57:20,IMPS,failed
T0010950,A000302,A000159,1008,2026-07-07T22:59:53,NEFT,success
T0010436,A000004,A001169,500,2026-07-07T23:03:18,IMPS,success
T0008389,A000730,A000099,1628,2026-07-07T23:03:59,UPI,success
T0011218,A001309,A000465,42315,2026-07-07T23:06:35,NEFT,success
T0004890,A001085,A001217,1251,2026-07-07T23:16:23,NEFT,success
T0001238,A000718,A000108,813,2026-07-07T23:18:05,IMPS,success
T0012709,A000094,A000161,1589,2026-07-07T23:20:48,UPI,success
T0013854,A000902,A001269,5625,2026-07-07T23:24:11,NEFT,success
T0000186,A000942,A000384,8606,2026-07-07T23:24:56,UPI,success
T0009663,A000001,A000763,15000,2026-07-07T23:26:09,IMPS,success
T0005811,A000541,A000802,16998,2026-07-07T23:27:15,IMPS,success
T0012254,A000978,A000452,2782,2026-07-07T23:29:57,IMPS,success
T0006779,A000848,A000829,1609,2026-07-07T23:31:22,NEFT,success
T0001439,A000220,A000064,522,2026-07-07T23:31:59,IMPS,success
T0001113,A000319,A001272,10442,2026-07-07T23:32:09,NEFT,success
T0007062,A001016,A000032,1962,2026-07-07T23:32:33,NEFT,success
T0000281,A000022,A000505,2649,2026-07-07T23:40:31,IMPS,success
T0003189,A000402,A000217,1313,2026-07-07T23:42:00,UPI,success
T0005471,A001373,A000161,35000,2026-07-07T23:47:55,UPI,success
T0002924,A000182,A000178,15000,2026-07-07T23:51:28,UPI,success
T0004699,A000526,A000173,52711,2026-07-07T23:59:50,NEFT,success
T0010608,A000088,A001328,18727,2026-07-08T00:05:20,UPI,success
T0006878,A000931,A000963,50000,2026-07-08T00:06:11,NEFT,success
T0008444,A001298,A000311,396,2026-07-08T00:08:27,NEFT,success
T0003476,A000719,A000144,25000,2026-07-08T00:10:29,IMPS,success
T0006438,A000674,A001003,1161,2026-07-08T00:11:55,NEFT,success
T0007749,A000397,A000260,293,2026-07-08T00:16:32,NEFT,success
T0010750,A000066,A001171,454,2026-07-08T00:20:21,NEFT,success
T0013411,A001325,A000149,41842,2026-07-08T00:25:45,UPI,success
T0012814,A000776,A001248,14249,2026-07-08T00:27:30,UPI,success
T0005983,A000324,A000665,1057,2026-07-08T00:31:55,IMPS,success
T0001645,A000688,A000876,1162,2026-07-08T00:45:45,NEFT,success
T0001984,A000867,A001301,953,2026-07-08T00:45:55,IMPS,success
T0000217,A000408,A000365,1817,2026-07-08T00:47:20,NEFT,success
T0000257,A001085,A000876,9833,2026-07-08T00:55:27,UPI,success
T0005343,A000457,A001310,1159,2026-07-08T00:55:55,IMPS,success
T0004078,A001370,A001220,65000,2026-07-08T00:59:59,UPI,success
T0006618,A001158,A000335,211,2026-07-08T01:00:59,IMPS,success
T0011794,A000069,A000828,838,2026-07-08T01:10:54,IMPS,failed
T0013116,A000683,A000907,15000,2026-07-08T01:11:40,NEFT,success
T0008392,A000926,A001084,28029,2026-07-08T01:13:06,IMPS,success
T0000513,A000096,A000348,236,2026-07-08T01:14:41,NEFT,success
T0011569,A000491,A001068,475,2026-07-08T01:15:33,NEFT,success
T0010786,A001160,A000033,2206,2026-07-08T01:15:55,IMPS,success
T0000801,A000624,A000654,497,2026-07-08T01:21:56,UPI,success
T0005866,A001111,A000781,30131,2026-07-08T01:23:47,NEFT,success
T0003810,A000729,A001207,29407,2026-07-08T01:26:27,UPI,success
T0008131,A001210,A000829,1003,2026-07-08T01:35:17,NEFT,success
T0013697,A000523,A000738,1496,2026-07-08T01:36:03,UPI,success
T0009939,A001243,A000556,200,2026-07-08T01:36:18,IMPS,success
T0013857,A000400,A000891,4314,2026-07-08T01:36:22,UPI,success
T0008132,A000605,A000369,387,2026-07-08T01:42:28,NEFT,success
T0002917,A000339,A000666,14668,2026-07-08T01:43:18,IMPS,success
T0011236,A000637,A000688,340,2026-07-08T01:44:19,UPI,success
T0002928,A000330,A001077,3456,2026-07-08T01:48:54,IMPS,success
T0011716,A000953,A000770,272,2026-07-08T01:51:38,NEFT,success
T0006581,A000596,A000832,5000,2026-07-08T01:53:18,NEFT,success
T0005328,A000058,A000649,409,2026-07-08T01:53:21,NEFT,failed
T0005692,A001108,A001057,20504,2026-07-08T01:56:52,IMPS,success
T0000588,A000048,A000921,493,2026-07-08T01:59:45,IMPS,success
T0006753,A000242,A000129,89471,2026-07-08T02:04:10,NEFT,success
T0002285,A000243,A000490,26942,2026-07-08T02:04:18,UPI,success
T0012058,A000222,A000901,80000,2026-07-08T02:08:09,UPI,success
T0000805,A000921,A000012,952,2026-07-08T02:11:56,UPI,success
T0004608,A000202,A000086,1000,2026-07-08T02:16:58,IMPS,success
T0006841,A000060,A000172,576,2026-07-08T02:17:26,UPI,success
T0004820,A001091,A000377,456,2026-07-08T02:18:26,IMPS,success
T0011441,A000532,A000387,2344,2026-07-08T02:25:19,UPI,success
T0010324,A001260,A000822,50000,2026-07-08T02:26:19,NEFT,success
T0006247,A000850,A001241,739,2026-07-08T02:27:45,IMPS,success
T0005147,A000191,A000411,80000,2026-07-08T02:27:48,UPI,success
T0009892,A001379,A000487,15000,2026-07-08T02:30:37,IMPS,success
T0004318,A001122,A000379,19493,2026-07-08T02:33:20,UPI,success
T0010277,A001013,A000226,50000,2026-07-08T02:46:15,UPI,success
T0007172,A000678,A001052,986,2026-07-08T02:46:47,NEFT,success
T0001442,A000878,A000777,2614,2026-07-08T02:47:05,IMPS,success
T0008011,A000289,A000295,894,2026-07-08T02:50:16,NEFT,success
T0010846,A000120,A000495,1386,2026-07-08T02:52:30,NEFT,success
T0013376,A000798,A000602,27042,2026-07-08T02:54:04,NEFT,success
T0013608,A000370,A001353,1548,2026-07-08T03:00:24,NEFT,success
T0001017,A001013,A001129,2941,2026-07-08T03:00:36,NEFT,success
T0004280,A001082,A000142,5043,2026-07-08T03:00:47,NEFT,success
T0010314,A000106,A000573,50000,2026-07-08T03:01:03,IMPS,success
T0002583,A001375,A000818,23146,2026-07-08T03:04:25,IMPS,success
T0008917,A000768,A000419,6467,2026-07-08T03:05:05,NEFT,success
T0011733,A000745,A001128,371,2026-07-08T03:05:37,IMPS,success
T0002080,A000210,A001336,25000,2026-07-08T03:07:03,NEFT,success
T0003626,A001056,A001185,23702,2026-07-08T03:10:46,UPI,success
T0006349,A000364,A000206,424,2026-07-08T03:13:39,NEFT,success
T0007107,A001327,A000987,9343,2026-07-08T03:14:34,IMPS,success
T0001435,A001133,A000399,31554,2026-07-08T03:15:04,NEFT,success
T0004719,A001082,A001174,1465,2026-07-08T03:16:23,UPI,success
T0000240,A001355,A000600,1101,2026-07-08T03:17:54,NEFT,success
T0010810,A000662,A001129,9687,2026-07-08T03:17:55,UPI,success
T0011668,A001037,A001229,101146,2026-07-08T03:19:05,NEFT,success
T0011529,A001328,A001030,232,2026-07-08T03:24:37,UPI,success
T0000541,A001272,A000329,851,2026-07-08T03:27:13,UPI,success
T0009761,A000686,A000243,1023,2026-07-08T03:29:45,IMPS,success
T0000112,A001503,A001483,30295,2026-07-08T03:30:25,UPI,success
T0009965,A000317,A000167,534,2026-07-08T03:32:56,IMPS,success
T0007544,A001257,A000077,990,2026-07-08T03:36:00,IMPS,success
T0007039,A000074,A001091,382,2026-07-08T03:36:30,IMPS,success
T0007633,A000410,A000838,32814,2026-07-08T03:36:42,IMPS,success
T0002260,A000795,A000380,2674,2026-07-08T03:37:44,NEFT,success
T0011804,A000387,A001001,323,2026-07-08T03:41:38,NEFT,success
T0005054,A000439,A001100,859,2026-07-08T03:42:52,NEFT,success
T0008515,A000960,A001139,1719,2026-07-08T03:48:47,UPI,success
T0008187,A000649,A000044,543,2026-07-08T03:57:49,NEFT,success
T0012476,A001321,A000441,5409,2026-07-08T03:58:55,IMPS,success
T0009441,A000574,A000376,945,2026-07-08T03:59:25,UPI,success
T0008001,A000777,A000639,767,2026-07-08T04:01:22,UPI,success
T0011125,A000421,A000618,721,2026-07-08T04:02:38,UPI,failed
T0005682,A001281,A000052,2632,2026-07-08T04:04:25,IMPS,success
T0005478,A000731,A001007,13178,2026-07-08T04:10:04,NEFT,success
T0000879,A000912,A001143,2718,2026-07-08T04:11:52,UPI,success
T0011381,A000377,A000953,1094,2026-07-08T04:13:01,UPI,success
T0010892,A000545,A000319,36455,2026-07-08T04:14:49,NEFT,success
T0013715,A001199,A000739,1272,2026-07-08T04:15:54,NEFT,success
T0008519,A000071,A001343,1030,2026-07-08T04:17:08,NEFT,success
T0012397,A000164,A000075,2590,2026-07-08T04:18:34,UPI,success
T0004287,A000366,A001068,2615,2026-07-08T04:19:57,NEFT,success
T0005043,A000565,A000332,1003,2026-07-08T04:23:36,UPI,success
T0005636,A001099,A001334,972,2026-07-08T04:28:03,NEFT,success
T0010119,A000052,A000087,812,2026-07-08T04:33:55,IMPS,success
T0004619,A000588,A000364,36168,2026-07-08T04:36:47,NEFT,success
T0011914,A000845,A000546,412,2026-07-08T04:37:01,UPI,success
T0008317,A000972,A000608,20554,2026-07-08T04:39:00,UPI,success
T0004745,A000765,A000449,30420,2026-07-08T04:40:33,NEFT,success
T0003606,A000303,A001248,15878,2026-07-08T04:44:54,IMPS,success
T0000380,A000432,A000131,3885,2026-07-08T04:46:44,UPI,success
T0012568,A000993,A000118,244,2026-07-08T04:48:05,IMPS,success
T0012472,A000605,A000560,468,2026-07-08T04:51:03,NEFT,success
T0008080,A001162,A000978,50000,2026-07-08T04:51:41,IMPS,success
T0013531,A000648,A000174,758,2026-07-08T04:58:55,IMPS,success
T0013841,A000854,A000794,7639,2026-07-08T05:00:55,IMPS,success
T0001481,A000709,A001154,11199,2026-07-08T05:01:28,NEFT,success
T0002128,A000831,A000382,10542,2026-07-08T05:04:25,NEFT,success
T0013249,A000898,A000284,508,2026-07-08T05:05:17,UPI,success
T0012091,A000325,A000955,971,2026-07-08T05:10:44,UPI,success
T0003573,A000352,A001000,35000,2026-07-08T05:12:33,IMPS,success
T0005718,A000593,A000395,50000,2026-07-08T05:20:41,IMPS,success
T0005832,A000649,A000315,1483,2026-07-08T05:22:06,IMPS,success
T0010552,A000388,A000166,865,2026-07-08T05:25:13,IMPS,success
T0001966,A000169,A000755,480,2026-07-08T05:32:00,IMPS,success
T0007148,A001013,A001200,144976,2026-07-08T05:40:19,IMPS,success
T0007399,A000455,A001321,1275,2026-07-08T05:43:57,UPI,success
T0011695,A000947,A000651,687,2026-07-08T05:47:21,UPI,success
T0004601,A000270,A000152,442,2026-07-08T05:47:33,UPI,success
T0001529,A000110,A001029,472,2026-07-08T05:48:40,IMPS,success
T0000949,A000496,A000710,2972,2026-07-08T05:49:15,UPI,success
T0013699,A000362,A000112,15000,2026-07-08T05:50:26,UPI,success
T0002964,A000482,A000597,44996,2026-07-08T05:51:08,UPI,success
T0006929,A000184,A001352,896,2026-07-08T05:51:44,UPI,success
T0007186,A000403,A000828,1119,2026-07-08T05:56:21,IMPS,success
T0002290,A001104,A001036,15000,2026-07-08T05:57:16,IMPS,success
T0005785,A001024,A000639,26420,2026-07-08T05:58:26,UPI,success
T0009706,A001365,A001069,836,2026-07-08T06:00:35,UPI,success
T0012403,A001156,A000100,990,2026-07-08T06:00:41,NEFT,success
T0011417,A000444,A000931,894,2026-07-08T06:09:20,IMPS,success
T0009985,A001146,A000009,144,2026-07-08T06:10:18,UPI,success
T0003579,A000129,A000821,25000,2026-07-08T06:11:29,IMPS,success
T0005057,A000326,A000505,65000,2026-07-08T06:15:49,NEFT,failed
T0013093,A000706,A001140,354,2026-07-08T06:20:00,IMPS,success
T0003414,A000571,A000329,64419,2026-07-08T06:25:08,UPI,success
T0002168,A000156,A000282,80000,2026-07-08T06:25:32,UPI,success
T0008315,A001162,A000820,854,2026-07-08T06:27:32,NEFT,success
T0012281,A000031,A001249,430,2026-07-08T06:28:15,UPI,success
T0006256,A001097,A000556,403,2026-07-08T06:35:55,NEFT,success
T0005222,A001233,A000539,32329,2026-07-08T06:38:57,NEFT,success
T0007646,A001168,A000538,404,2026-07-08T06:39:25,UPI,success
T0007829,A000803,A000471,16025,2026-07-08T06:39:43,IMPS,success
T0011949,A000195,A000498,509,2026-07-08T06:40:42,IMPS,success
T0012723,A000693,A001084,13245,2026-07-08T06:42:13,NEFT,success
T0008124,A000245,A001319,212,2026-07-08T06:44:30,IMPS,success
T0013151,A001081,A000633,50000,2026-07-08T06:45:06,IMPS,success
T0000676,A000454,A000460,949,2026-07-08T06:46:54,UPI,success
T0012231,A000034,A000712,1244,2026-07-08T06:53:16,UPI,success
T0013146,A000446,A001184,723,2026-07-08T06:58:21,IMPS,success
T0014355,A001117,A000632,679,2026-07-08T07:08:03,UPI,failed
T0014825,A000805,A000685,4318,2026-07-08T07:23:30,IMPS,success
T0005084,A000675,A001334,1135,2026-07-08T07:28:25,NEFT,success
T0010752,A000179,A000623,5892,2026-07-08T07:32:44,UPI,success
T0007390,A000721,A000555,52136,2026-07-08T07:38:19,IMPS,success
T0002504,A000641,A000260,221,2026-07-08T07:41:43,IMPS,success
T0014970,A000831,A000084,320,2026-07-08T07:45:32,UPI,success
T0010408,A000020,A000539,47602,2026-07-08T07:47:47,IMPS,success
T0003936,A000202,A000837,1251,2026-07-08T07:50:00,IMPS,success
T0008060,A000749,A000141,79014,2026-07-08T07:50:34,NEFT,success
T0001311,A000041,A000770,4759,2026-07-08T07:50:45,UPI,success
T0005667,A001313,A001292,159,2026-07-08T07:51:44,UPI,success
T0012642,A000899,A001155,111,2026-07-08T07:53:42,NEFT,success
T0005842,A000257,A001223,43105,2026-07-08T07:54:49,NEFT,success
T0009107,A001212,A001136,4440,2026-07-08T07:57:47,IMPS,success
T0009565,A001204,A001213,261,2026-07-08T07:59:30,NEFT,success
T0001265,A001072,A000921,3081,2026-07-08T07:59:31,IMPS,success
T0011520,A000120,A001119,884,2026-07-08T08:05:51,IMPS,success
T0014831,A000220,A000269,251,2026-07-08T08:06:33,UPI,success
T0000490,A001045,A000965,826,2026-07-08T08:08:58,IMPS,success
T0002581,A000408,A000643,526,2026-07-08T08:11:48,IMPS,success
T0011576,A000045,A000011,25000,2026-07-08T08:14:56,IMPS,success
T0010334,A000388,A000712,399,2026-07-08T08:15:30,IMPS,success
T0014470,A001246,A000354,27837,2026-07-08T08:16:51,NEFT,success
T0000962,A000158,A000488,16648,2026-07-08T08:20:39,NEFT,success
T0001039,A000471,A000442,50000,2026-07-08T08:21:32,NEFT,success
T0008938,A000576,A000775,338,2026-07-08T08:23:19,IMPS,success
T0013167,A000386,A000412,748,2026-07-08T08:25:54,UPI,success
T0008303,A000418,A000719,1380,2026-07-08T08:27:25,IMPS,success
T0006752,A000524,A000858,1555,2026-07-08T08:30:38,NEFT,success
T0000462,A000952,A001149,586,2026-07-08T08:33:10,IMPS,success
T0003745,A001153,A001280,15318,2026-07-08T08:34:12,IMPS,success
T0014497,A000408,A001330,1177,2026-07-08T08:36:05,NEFT,success
T0006371,A001234,A000888,35000,2026-07-08T08:36:44,IMPS,success
T0003590,A000554,A000417,477,2026-07-08T08:37:01,IMPS,success
T0001886,A000229,A000923,1121,2026-07-08T08:37:27,NEFT,success
T0001845,A000951,A000557,629,2026-07-08T08:38:03,IMPS,success
T0005711,A000428,A001137,4413,2026-07-08T08:41:40,UPI,success
T0003679,A001282,A000150,64840,2026-07-08T08:49:03,UPI,success
T0006785,A000115,A000181,22892,2026-07-08T08:54:48,UPI,success
T0014133,A000323,A001316,65000,2026-07-08T08:55:38,NEFT,success
T0014664,A000987,A000142,299,2026-07-08T08:59:35,UPI,success
T0006679,A000804,A000167,50000,2026-07-08T09:02:23,UPI,success
T0004693,A000707,A000798,1170,2026-07-08T09:03:27,IMPS,success
T0014333,A000620,A000639,593,2026-07-08T09:03:59,UPI,success
T0011286,A000615,A000266,440,2026-07-08T09:06:08,UPI,success
T0008442,A000948,A000164,1008,2026-07-08T09:09:26,UPI,success
T0000148,A000066,A001271,37939,2026-07-08T09:09:57,IMPS,success
T0010519,A000292,A000366,811,2026-07-08T09:09:59,NEFT,success
T0007800,A000098,A000242,588,2026-07-08T09:11:39,UPI,success
T0006141,A001131,A001266,661,2026-07-08T09:12:25,UPI,failed
T0008630,A000477,A000135,18828,2026-07-08T09:26:59,IMPS,failed
T0000075,A001466,A001456,56577,2026-07-08T09:33:58,UPI,success
T0000899,A001115,A001193,25000,2026-07-08T09:36:02,NEFT,success
T0014876,A000732,A001234,65000,2026-07-08T09:36:48,UPI,success
T0014319,A001132,A000281,24242,2026-07-08T09:36:49,NEFT,success
T0013366,A000276,A000382,65000,2026-07-08T09:37:18,IMPS,success
T0002679,A001281,A000783,80000,2026-07-08T09:37:47,NEFT,success
T0003505,A000213,A000631,3042,2026-07-08T09:43:28,UPI,success
T0000425,A000273,A001312,26952,2026-07-08T09:46:00,IMPS,success
T0001980,A001095,A001350,832,2026-07-08T09:49:33,UPI,success
T0013629,A000272,A000513,35000,2026-07-08T09:55:57,IMPS,success
T0000146,A000896,A000357,430,2026-07-08T09:59:16,NEFT,success
T0004412,A000633,A001260,21117,2026-07-08T09:59:19,NEFT,success
T0007306,A000399,A000080,1848,2026-07-08T10:01:40,UPI,success
T0003600,A000094,A000522,447,2026-07-08T10:01:46,IMPS,success
T0002527,A001323,A000101,3246,2026-07-08T10:02:15,UPI,success
T0002156,A000651,A000486,15000,2026-07-08T10:09:30,NEFT,failed
T0006658,A000047,A001060,3189,2026-07-08T10:10:04,NEFT,success
T0009576,A000944,A000369,13930,2026-07-08T10:18:00,UPI,success
T0002688,A000160,A001243,312,2026-07-08T10:18:43,UPI,success
T0007126,A000520,A000482,1126,2026-07-08T10:22:25,UPI,success
T0006172,A000278,A000355,25521,2026-07-08T10:25:49,NEFT,success
T0013230,A000712,A001257,7908,2026-07-08T10:26:38,UPI,success
T0006211,A000550,A001233,664,2026-07-08T10:31:37,IMPS,success
T0001929,A000166,A000704,460,2026-07-08T10:31:59,UPI,success
T0010874,A000551,A001108,65000,2026-07-08T10:32:22,IMPS,failed
T0005383,A000757,A000186,2558,2026-07-08T10:32:36,IMPS,success
T0008113,A000188,A000913,587,2026-07-08T10:34:20,NEFT,success
T0007635,A000887,A000167,80000,2026-07-08T10:36:26,NEFT,success
T0009164,A001185,A000450,723,2026-07-08T10:37:27,NEFT,success
T0000873,A000569,A000367,1002,2026-07-08T10:39:49,IMPS,success
T0011666,A001087,A001247,675,2026-07-08T10:39:52,NEFT,success
T0005299,A000004,A000278,333,2026-07-08T10:40:18,IMPS,success
T0000376,A000170,A001061,1754,2026-07-08T10:44:41,UPI,success
T0003627,A000734,A000706,80000,2026-07-08T10:49:19,NEFT,success
T0011673,A001045,A000494,386,2026-07-08T10:51:19,UPI,success
T0001090,A000283,A000661,11575,2026-07-08T10:52:09,UPI,failed
T0014458,A000328,A000211,35000,2026-07-08T10:57:38,IMPS,success
T0000208,A000224,A001301,133,2026-07-08T10:59:53,NEFT,success
T0004946,A000600,A000132,36126,2026-07-08T11:01:34,IMPS,success
T0006410,A000713,A001102,30643,2026-07-08T11:04:35,UPI,success
T0009920,A001146,A000382,597,2026-07-08T11:05:22,UPI,success
T0011376,A000666,A000243,432,2026-07-08T11:10:21,IMPS,success
T0004801,A000646,A001353,11475,2026-07-08T11:10:48,IMPS,success
T0004035,A000399,A000966,670,2026-07-08T11:12:56,UPI,success
T0012981,A000404,A000173,616,2026-07-08T11:15:40,NEFT,success
T0007866,A000564,A001063,2153,2026-07-08T11:19:32,IMPS,success
T0011118,A000748,A000785,640,2026-07-08T11:20:26,UPI,success
T0010731,A000220,A000635,1180,2026-07-08T11:22:10,NEFT,success
T0009121,A001062,A000413,1653,2026-07-08T11:23:07,IMPS,success
T0004086,A001338,A000555,188,2026-07-08T11:23:36,NEFT,success
T0006481,A000916,A000873,26107,2026-07-08T11:23:46,IMPS,success
T0009655,A000250,A000297,759,2026-07-08T11:27:22,NEFT,success
T0011361,A000872,A000918,7647,2026-07-08T11:28:47,NEFT,success
T0001891,A001052,A001209,11685,2026-07-08T11:29:01,NEFT,success
T0008737,A000286,A001293,160,2026-07-08T11:32:02,NEFT,success
T0004436,A001312,A000095,560,2026-07-08T11:32:22,IMPS,success
T0006660,A000298,A000896,8027,2026-07-08T11:33:17,NEFT,success
T0011656,A000698,A001085,1638,2026-07-08T11:40:58,IMPS,success
T0000214,A000033,A001368,35000,2026-07-08T11:44:54,UPI,success
T0007288,A001142,A000041,80000,2026-07-08T11:47:22,NEFT,success
T0006096,A001108,A000926,293,2026-07-08T11:49:10,IMPS,success
T0011477,A001311,A000708,79261,2026-07-08T11:51:02,NEFT,success
T0003359,A001193,A000838,144,2026-07-08T11:51:12,IMPS,success
T0010460,A001080,A001268,19746,2026-07-08T11:53:13,NEFT,success
T0004294,A000987,A000149,3755,2026-07-08T11:57:32,UPI,success
T0010824,A000670,A000698,4057,2026-07-08T11:59:12,NEFT,success
T0006761,A000193,A001076,1197,2026-07-08T12:01:20,IMPS,success
T0014984,A001095,A000419,65000,2026-07-08T12:01:50,IMPS,success
T0008549,A000367,A000424,65000,2026-07-08T12:03:18,NEFT,success
T0006129,A000587,A001180,35000,2026-07-08T12:06:16,IMPS,success
T0002796,A000540,A000104,543,2026-07-08T12:06:32,UPI,success
T0011619,A001348,A000746,208,2026-07-08T12:07:25,NEFT,success
T0007839,A000456,A001239,1353,2026-07-08T12:07:52,UPI,success
T0010774,A000687,A001301,856,2026-07-08T12:08:31,NEFT,success
T0014670,A001064,A000351,752,2026-07-08T12:10:29,IMPS,success
T0010023,A000526,A000941,731,2026-07-08T12:12:03,UPI,success
T0005942,A000200,A000801,283,2026-07-08T12:13:17,IMPS,success
T0004834,A001087,A000196,31412,2026-07-08T12:13:57,IMPS,success
T0011458,A000293,A000963,25000,2026-07-08T12:14:50,IMPS,success
T0002348,A001057,A000405,109553,2026-07-08T12:20:15,NEFT,success
T0007403,A001137,A000765,13576,2026-07-08T12:23:46,NEFT,success
T0010625,A000341,A000206,6902,2026-07-08T12:31:06,NEFT,success
T0008918,A000761,A000110,13504,2026-07-08T12:31:29,IMPS,success
T0004694,A000538,A000188,505,2026-07-08T12:35:30,UPI,success
T0009290,A000904,A000464,25000,2026-07-08T12:41:39,UPI,success
T0001803,A000603,A000932,15127,2026-07-08T12:41:49,NEFT,success
T0003485,A000545,A000758,103,2026-07-08T12:41:55,IMPS,success
T0014887,A000415,A000676,3095,2026-07-08T12:44:25,IMPS,success
T0005334,A000227,A000762,753,2026-07-08T12:51:53,NEFT,success
T0000715,A000800,A001332,1486,2026-07-08T12:52:43,UPI,success
T0009652,A001120,A000127,65000,2026-07-08T12:55:34,IMPS,success
T0014963,A001263,A000186,34201,2026-07-08T12:56:41,UPI,success
T0004600,A000515,A000128,747,2026-07-08T12:56:53,UPI,success
T0000144,A000491,A001269,1516,2026-07-08T12:58:02,NEFT,success
T0002553,A000682,A001244,809,2026-07-08T13:01:35,IMPS,success
T0014712,A000625,A000997,328,2026-07-08T13:05:16,UPI,success
T0014135,A000772,A000089,269,2026-07-08T13:07:29,IMPS,success
T0003434,A001098,A000433,1889,2026-07-08T13:08:44,NEFT,success
T0000238,A001280,A000208,50000,2026-07-08T13:13:06,IMPS,success
T0005938,A000593,A000843,35000,2026-07-08T13:17:32,IMPS,success
T0012969,A001107,A000394,15000,2026-07-08T13:17:47,UPI,success
T0002417,A000956,A001324,1035,2026-07-08T13:20:46,NEFT,success
T0006476,A000266,A000037,888,2026-07-08T13:23:40,UPI,success
T0014221,A001123,A000576,1423,2026-07-08T13:25:49,UPI,success
T0001118,A000983,A000520,65855,2026-07-08T13:33:30,UPI,success
T0002614,A000676,A001190,80000,2026-07-08T13:35:33,NEFT,success
T0004013,A000285,A001105,419,2026-07-08T13:35:37,UPI,success
T0008542,A000989,A000900,2412,2026-07-08T13:37:32,NEFT,success
T0003984,A000362,A001362,1557,2026-07-08T13:39:19,UPI,success
T0010497,A000064,A000275,916,2026-07-08T13:39:35,IMPS,success
T0011054,A000404,A000064,13528,2026-07-08T13:45:39,IMPS,success
T0002989,A000331,A001069,1124,2026-07-08T13:46:18,NEFT,success
T0000654,A001147,A001337,19336,2026-07-08T13:46:19,IMPS,success
T0002092,A000286,A000249,7716,2026-07-08T13:54:09,NEFT,success
T0002572,A000944,A001118,2307,2026-07-08T13:57:33,IMPS,success
T0012166,A001005,A001045,635,2026-07-08T14:01:22,IMPS,success
T0011579,A000318,A000462,371,2026-07-08T14:01:29,UPI,success
T0007760,A000168,A000396,41696,2026-07-08T14:02:23,UPI,success
T0005643,A001375,A001161,939,2026-07-08T14:02:34,UPI,success
T0010426,A000747,A000327,50000,2026-07-08T14:04:44,IMPS,success
T0010375,A000737,A000255,310,2026-07-08T14:08:07,IMPS,success
T0006750,A000550,A000835,20089,2026-07-08T14:09:40,NEFT,success
T0004994,A000051,A000460,774,2026-07-08T14:09:43,NEFT,success
T0000992,A000767,A000359,1049,2026-07-08T14:13:07,IMPS,failed
T0001831,A001096,A000301,2803,2026-07-08T14:15:59,IMPS,success
T0008559,A000900,A000402,18253,2026-07-08T14:16:52,IMPS,success
T0013050,A000781,A001003,1701,2026-07-08T14:19:59,IMPS,success
T0014418,A000147,A000385,7177,2026-07-08T14:24:26,NEFT,success
T0011446,A001124,A000976,427,2026-07-08T14:25:12,UPI,success
T0014332,A000480,A000829,1487,2026-07-08T14:26:58,IMPS,success
T0006355,A000313,A000730,396,2026-07-08T14:28:46,IMPS,success
T0013931,A000332,A000061,123,2026-07-08T14:29:05,NEFT,success
T0007868,A001152,A000101,36621,2026-07-08T14:33:26,UPI,success
T0010780,A000138,A000325,693,2026-07-08T14:38:56,NEFT,success
T0008989,A001348,A001351,534,2026-07-08T14:42:14,IMPS,success
T0004605,A000141,A000529,15000,2026-07-08T14:44:18,NEFT,success
T0011650,A000639,A000489,576,2026-07-08T14:46:26,NEFT,success
T0009595,A000010,A000706,9471,2026-07-08T14:49:31,UPI,success
T0002073,A001234,A001128,978,2026-07-08T14:50:03,NEFT,success
T0014882,A000466,A001071,17785,2026-07-08T14:53:57,UPI,success
T0001395,A000912,A000453,2595,2026-07-08T15:05:32,UPI,success
T0013296,A000178,A001283,1774,2026-07-08T15:05:51,NEFT,failed
T0006683,A001246,A001030,782,2026-07-08T15:06:25,NEFT,success
T0007051,A001221,A000240,1462,2026-07-08T15:06:49,NEFT,success
T0011792,A001242,A000087,80000,2026-07-08T15:07:27,NEFT,success
T0014822,A001051,A000306,80000,2026-07-08T15:10:39,IMPS,success
T0013689,A000155,A001330,398,2026-07-08T15:11:05,NEFT,success
T0013648,A000569,A000777,80000,2026-07-08T15:11:51,IMPS,success
T0014341,A000600,A000603,50000,2026-07-08T15:16:11,NEFT,success
T0002123,A001370,A000697,1019,2026-07-08T15:21:52,IMPS,success
T0008533,A001272,A001268,17593,2026-07-08T15:23:30,IMPS,success
T0002014,A000372,A000122,1652,2026-07-08T15:28:12,UPI,success
T0003863,A000087,A001227,21236,2026-07-08T15:30:25,NEFT,success
T0000609,A001115,A000250,115,2026-07-08T15:32:38,UPI,success
T0014212,A000413,A000782,384,2026-07-08T15:35:12,UPI,success
T0007374,A001102,A000848,698,2026-07-08T15:37:49,UPI,success
T0012486,A000452,A001070,615,2026-07-08T15:38:52,IMPS,success
T0012121,A000842,A000525,25958,2026-07-08T15:46:42,NEFT,success
T0002179,A000492,A000770,364,2026-07-08T15:48:32,NEFT,success
T0014614,A001052,A000485,1053,2026-07-08T15:49:10,UPI,success
T0001441,A000635,A001275,599,2026-07-08T15:51:26,NEFT,success
T0001567,A000854,A001034,50000,2026-07-08T15:56:01,NEFT,success
T0001603,A001335,A001176,373,2026-07-08T16:07:58,NEFT,success
T0014300,A000801,A000938,1036,2026-07-08T16:08:46,UPI,success
T0001236,A000863,A001130,1337,2026-07-08T16:11:29,IMPS,success
T0008033,A000592,A001049,870,2026-07-08T16:12:06,NEFT,success
T0001782,A001324,A001225,73384,2026-07-08T16:12:19,IMPS,success
T0009895,A001167,A001206,11928,2026-07-08T16:14:12,NEFT,success
T0007240,A000117,A000800,12901,2026-07-08T16:17:41,IMPS,success
T0009477,A000105,A000379,417,2026-07-08T16:20:13,NEFT,success
T0009500,A000553,A001004,2455,2026-07-08T16:21:35,NEFT,success
T0002354,A000483,A000764,5000,2026-07-08T16:26:00,UPI,success
T0001025,A000610,A001062,15000,2026-07-08T16:27:13,UPI,success
T0002943,A000191,A001295,26253,2026-07-08T16:30:03,UPI,success
T0010447,A000757,A000448,80000,2026-07-08T16:30:49,UPI,success
T0005519,A000055,A000714,372,2026-07-08T16:32:13,NEFT,success
T0013958,A001289,A000507,15000,2026-07-08T16:34:56,NEFT,success
T0013100,A001124,A000414,26983,2026-07-08T16:38:12,IMPS,success
T0010504,A000305,A001024,50000,2026-07-08T16:42:39,NEFT,success
T0011364,A000442,A000399,621,2026-07-08T16:44:41,IMPS,success
T0003726,A000556,A000318,50000,2026-07-08T16:45:41,NEFT,success
T0009341,A000950,A000051,244,2026-07-08T16:48:27,NEFT,success
T0000521,A000381,A000497,36257,2026-07-08T16:57:11,NEFT,success
T0000650,A000836,A000213,56975,2026-07-08T16:57:40,NEFT,success
T0000149,A001310,A000466,971,2026-07-08T16:57:41,IMPS,success
T0003132,A001217,A000387,1221,2026-07-08T16:58:21,UPI,success
T0000754,A001166,A001226,46762,2026-07-08T17:05:40,IMPS,success
T0013269,A000943,A000846,845,2026-07-08T17:06:47,NEFT,success
T0000374,A000349,A001323,526,2026-07-08T17:13:41,IMPS,success
T0008071,A001175,A000844,636,2026-07-08T17:21:12,IMPS,success
T0008016,A001058,A000450,36230,2026-07-08T17:21:19,UPI,success
T0007349,A000549,A001260,40031,2026-07-08T17:28:40,UPI,success
T0013508,A000013,A001176,35000,2026-07-08T17:29:37,UPI,success
T0011293,A001076,A000780,591,2026-07-08T17:35:20,UPI,success
T0012906,A001325,A001167,145,2026-07-08T17:35:45,IMPS,success
T0007685,A000980,A000470,25000,2026-07-08T17:36:38,UPI,success
T0001852,A000268,A000955,640,2026-07-08T17:37:12,IMPS,success
T0014151,A000891,A000362,2209,2026-07-08T17:47:41,UPI,success
T0002240,A000303,A000061,41973,2026-07-08T17:49:03,NEFT,success
T0005887,A000199,A000065,1030,2026-07-08T17:53:42,IMPS,success
T0006547,A000488,A001217,8880,2026-07-08T17:55:15,UPI,success
T0000696,A001269,A000271,251,2026-07-08T17:56:36,UPI,success
T0008631,A000927,A000046,593,2026-07-08T18:09:14,NEFT,success
T0007746,A001050,A001234,315,2026-07-08T18:12:24,IMPS,success
T0010669,A001184,A000346,1618,2026-07-08T18:18:00,NEFT,success
T0009191,A000490,A000063,365,2026-07-08T18:18:50,UPI,success
T0007933,A000838,A001004,1211,2026-07-08T18:21:23,NEFT,success
T0009854,A000186,A000211,14817,2026-07-08T18:33:22,UPI,success
T0000613,A000133,A000094,20472,2026-07-08T18:34:36,UPI,success
T0008625,A000224,A000037,50000,2026-07-08T18:37:14,UPI,success
T0000838,A000235,A001034,197,2026-07-08T18:39:32,NEFT,success
T0007584,A000929,A000611,16243,2026-07-08T18:40:39,UPI,success
T0007838,A000856,A000358,1766,2026-07-08T18:41:54,NEFT,success
T0013489,A001357,A001257,923,2026-07-08T18:45:36,NEFT,success
T0002763,A000599,A000346,1481,2026-07-08T18:47:20,NEFT,success
T0004422,A000306,A000867,15000,2026-07-08T18:49:40,IMPS,success
T0009969,A000779,A000489,4462,2026-07-08T18:52:15,IMPS,success
T0004881,A000307,A000835,455,2026-07-08T18:54:38,UPI,success
T0000952,A000205,A001154,18951,2026-07-08T18:56:32,IMPS,success
T0005609,A001179,A001352,2390,2026-07-08T19:01:33,IMPS,success
T0000786,A001153,A000888,2630,2026-07-08T19:05:16,NEFT,success
T0012029,A000067,A000604,35000,2026-07-08T19:08:47,IMPS,success
T0011586,A001196,A001354,985,2026-07-08T19:13:26,UPI,success
T0010062,A000478,A001032,1329,2026-07-08T19:14:19,UPI,success
T0012243,A000865,A000911,2995,2026-07-08T19:15:24,UPI,success
T0003992,A000416,A000366,1008,2026-07-08T19:21:50,IMPS,success
T0003304,A001193,A001285,12085,2026-07-08T19:28:28,IMPS,success
T0008458,A001298,A000080,10079,2026-07-08T19:28:32,NEFT,success
T0008283,A001289,A000444,6227,2026-07-08T19:32:30,NEFT,success
T0002841,A000643,A000072,1243,2026-07-08T19:35:23,UPI,success
T0003825,A000313,A001003,1697,2026-07-08T19:41:01,UPI,success
T0009324,A000208,A000784,807,2026-07-08T19:41:02,NEFT,success
T0006632,A001253,A001276,475,2026-07-08T19:41:07,IMPS,success
T0012141,A000264,A000937,967,2026-07-08T19:42:54,UPI,success
T0001016,A001106,A001320,25000,2026-07-08T19:43:04,NEFT,success
T0007803,A001170,A001027,80000,2026-07-08T19:43:45,UPI,success
T0012504,A001102,A000422,54909,2026-07-08T19:45:34,NEFT,success
T0000229,A000700,A000059,30063,2026-07-08T19:48:32,NEFT,success
T0005436,A000145,A000876,711,2026-07-08T19:56:11,NEFT,success
T0012474,A000666,A000491,2921,2026-07-08T19:57:58,NEFT,success
T0004197,A000372,A001046,430,2026-07-08T20:01:01,NEFT,success
T0012218,A001270,A000737,6165,2026-07-08T20:03:13,IMPS,success
T0006741,A001144,A000130,477,2026-07-08T20:04:33,UPI,success
T0013073,A001238,A000695,1015,2026-07-08T20:07:15,IMPS,success
T0005257,A000870,A000847,520,2026-07-08T20:09:01,IMPS,success
T0000850,A000487,A001273,50000,2026-07-08T20:12:20,IMPS,success
T0000775,A000263,A000688,50000,2026-07-08T20:12:59,NEFT,success
T0007351,A000429,A000654,80000,2026-07-08T20:15:12,IMPS,success
T0011927,A001147,A001250,287,2026-07-08T20:18:47,NEFT,success
T0014252,A000625,A000274,25000,2026-07-08T20:18:51,IMPS,success
T0002599,A001219,A000031,17271,2026-07-08T20:24:04,NEFT,success
T0000129,A000677,A001210,50000,2026-07-08T20:25:21,NEFT,success
T0014036,A000214,A000695,859,2026-07-08T20:28:56,UPI,success
T0007696,A000923,A001093,413,2026-07-08T20:30:35,IMPS,success
T0003380,A000232,A000998,35000,2026-07-08T20:30:38,UPI,success
T0003821,A000657,A000437,1442,2026-07-08T20:30:54,UPI,success
T0011223,A000114,A000207,991,2026-07-08T20:32:50,NEFT,success
T0010292,A000230,A000862,249,2026-07-08T20:40:51,UPI,success
T0007891,A001136,A000827,1471,2026-07-08T20:44:00,UPI,success
T0005106,A000304,A000078,1528,2026-07-08T20:48:29,NEFT,success
T0014303,A000143,A000296,25383,2026-07-08T20:49:02,NEFT,success
T0000686,A000160,A000077,10290,2026-07-08T20:52:11,UPI,success
T0009235,A000037,A000853,95,2026-07-08T20:54:43,IMPS,success
T0014810,A001228,A001042,1574,2026-07-08T20:58:24,UPI,success
T0004499,A000680,A000176,65000,2026-07-08T20:59:46,IMPS,success
T0014464,A001050,A000465,2014,2026-07-08T21:06:53,UPI,success
T0005078,A001309,A000912,67919,2026-07-08T21:08:32,IMPS,success
T0012037,A000654,A001154,2685,2026-07-08T21:10:40,NEFT,success
T0000716,A001027,A000322,65000,2026-07-08T21:12:56,UPI,success
T0010411,A000751,A000825,2232,2026-07-08T21:13:01,NEFT,success
T0005691,A000412,A001016,872,2026-07-08T21:13:06,NEFT,success
T0006732,A000481,A000907,15000,2026-07-08T21:14:16,NEFT,success
T0014214,A001350,A001352,458,2026-07-08T21:23:01,NEFT,success
T0004839,A001327,A000489,1917,2026-07-08T21:23:21,IMPS,success
T0001542,A000136,A000561,3558,2026-07-08T21:28:08,NEFT,success
T0013320,A001113,A000405,80929,2026-07-08T21:29:26,IMPS,success
T0007764,A000913,A000060,57374,2026-07-08T21:31:27,IMPS,success
T0012780,A001073,A000849,1768,2026-07-08T21:32:43,NEFT,success
T0006025,A000542,A001288,5622,2026-07-08T21:36:35,UPI,success
T0006428,A001153,A000676,240,2026-07-08T21:38:46,NEFT,success
T0006957,A000169,A000605,39812,2026-07-08T21:39:10,NEFT,success
T0001810,A000485,A001303,351,2026-07-08T21:39:46,NEFT,success
T0003631,A000453,A000143,15000,2026-07-08T21:39:51,IMPS,success
T0005152,A000344,A001120,1521,2026-07-08T21:40:47,NEFT,success
T0011968,A001353,A000209,37075,2026-07-08T21:42:39,UPI,success
T0014331,A000769,A000789,15000,2026-07-08T21:46:10,NEFT,success
T0001329,A000934,A000856,594,2026-07-08T21:53:46,IMPS,success
T0004508,A000288,A001234,500,2026-07-08T21:59:22,NEFT,success
T0010984,A000830,A000997,297,2026-07-08T22:00:02,IMPS,success
T0007571,A001039,A000621,366,2026-07-08T22:00:57,IMPS,success
T0013265,A000474,A001289,85406,2026-07-08T22:02:12,NEFT,success
T0005062,A000248,A000110,15000,2026-07-08T22:07:46,UPI,success
T0008662,A001237,A000776,1662,2026-07-08T22:08:11,IMPS,success
T0007515,A000724,A000088,319,2026-07-08T22:11:20,IMPS,success
T0006480,A000303,A000790,35000,2026-07-08T22:13:17,NEFT,success
T0009536,A001010,A000164,721,2026-07-08T22:14:33,NEFT,success
T0009890,A000896,A000295,7447,2026-07-08T22:15:05,NEFT,success
T0001424,A001215,A000575,80000,2026-07-08T22:16:12,NEFT,success
T0008475,A000016,A000687,1338,2026-07-08T22:16:52,UPI,success
T0004652,A000396,A001028,45297,2026-07-08T22:19:20,NEFT,success
T0014599,A001367,A000906,97419,2026-07-08T22:23:58,IMPS,success
T0007201,A000115,A000061,2398,2026-07-08T22:25:47,IMPS,success
T0010419,A001186,A000481,1198,2026-07-08T22:29:17,IMPS,success
T0011395,A000506,A000933,601,2026-07-08T22:42:02,NEFT,success
T0014181,A001325,A000726,1048,2026-07-08T22:44:49,IMPS,success
T0009855,A000892,A001131,1535,2026-07-08T22:44:54,IMPS,success
T0013163,A000870,A000165,4769,2026-07-08T22:46:27,IMPS,success
T0011604,A000973,A001292,18858,2026-07-08T22:48:14,UPI,success
T0007616,A001102,A000872,35000,2026-07-08T22:51:50,NEFT,success
T0014577,A000184,A001254,1221,2026-07-08T22:51:58,NEFT,success
T0007448,A000883,A001060,25000,2026-07-08T22:55:11,UPI,success
T0007555,A000773,A000034,3806,2026-07-08T22:57:56,IMPS,success
T0001585,A000509,A000880,7940,2026-07-08T23:01:16,IMPS,success
T0014762,A001150,A000140,641,2026-07-08T23:02:21,IMPS,success
T0010415,A000782,A000948,7596,2026-07-08T23:06:29,IMPS,success
T0008729,A000086,A000953,267,2026-07-08T23:07:06,UPI,success
T0003088,A000080,A000289,1603,2026-07-08T23:09:48,UPI,success
T0010095,A001294,A001305,840,2026-07-08T23:10:12,NEFT,success
T0006471,A000409,A000623,6006,2026-07-08T23:14:05,UPI,success
T0002345,A000214,A000371,17459,2026-07-08T23:19:12,IMPS,success
T0009339,A000007,A000637,25000,2026-07-08T23:19:56,NEFT,success
T0008800,A000199,A001097,882,2026-07-08T23:21:00,IMPS,success
T0008092,A001321,A001254,967,2026-07-08T23:22:52,IMPS,failed
T0013823,A000944,A000983,50000,2026-07-08T23:22:59,IMPS,success
T0000920,A000884,A000497,1066,2026-07-08T23:23:24,IMPS,success
T0005108,A001194,A000709,20493,2026-07-08T23:24:15,NEFT,success
T0009787,A001355,A000763,279,2026-07-08T23:25:05,UPI,success
T0012155,A000128,A000592,1359,2026-07-08T23:27:02,IMPS,success
T0004898,A000844,A000839,28293,2026-07-08T23:29:41,NEFT,success
T0010371,A001210,A000653,2366,2026-07-08T23:34:14,UPI,success
T0010954,A000778,A001091,2008,2026-07-08T23:43:52,IMPS,success
T0005361,A000081,A000531,679,2026-07-08T23:46:12,NEFT,success
T0002830,A000606,A000036,3936,2026-07-08T23:47:52,IMPS,success
T0004561,A000786,A000506,1060,2026-07-08T23:50:13,NEFT,success
T0013310,A000387,A001372,821,2026-07-08T23:50:34,IMPS,success
T0009027,A000188,A000456,286,2026-07-08T23:54:21,UPI,success
T0012649,A000914,A001266,19482,2026-07-08T23:55:14,NEFT,success
T0005176,A001340,A001235,781,2026-07-08T23:58:36,IMPS,success
T0010640,A000381,A001308,18976,2026-07-09T00:00:30,NEFT,success
T0003439,A000487,A001144,17475,2026-07-09T00:01:04,UPI,success
T0010804,A001130,A001128,509,2026-07-09T00:05:37,UPI,success
T0011423,A000059,A000076,470,2026-07-09T00:17:35,IMPS,success
T0012615,A000615,A001139,1929,2026-07-09T00:20:19,UPI,success
T0005386,A000550,A000405,355,2026-07-09T00:23:54,UPI,success
T0006794,A000192,A000756,1070,2026-07-09T00:27:39,IMPS,success
T0008865,A000060,A001091,879,2026-07-09T00:32:09,NEFT,success
T0013578,A001254,A000572,743,2026-07-09T00:36:18,IMPS,success
T0009304,A000088,A000889,750,2026-07-09T00:37:14,NEFT,success
T0011718,A001073,A000273,193,2026-07-09T00:40:47,NEFT,success
T0001690,A000260,A000333,53696,2026-07-09T00:41:54,UPI,success
T0013011,A001278,A001291,20094,2026-07-09T00:43:23,IMPS,success
T0006801,A000618,A000869,65000,2026-07-09T00:44:39,NEFT,success
T0008908,A000800,A000210,859,2026-07-09T00:48:41,UPI,success
T0002671,A001245,A000149,916,2026-07-09T00:55:07,UPI,success
T0011422,A000549,A001106,11868,2026-07-09T00:58:13,UPI,success
T0009660,A000546,A001135,781,2026-07-09T00:58:14,NEFT,success
T0012422,A000784,A000278,979,2026-07-09T00:58:27,IMPS,success
T0005925,A000341,A001370,16919,2026-07-09T00:59:38,UPI,success
T0010802,A000392,A000539,14981,2026-07-09T01:02:17,NEFT,success
T0003789,A000537,A000911,63884,2026-07-09T01:04:29,NEFT,success
T0002228,A001103,A000524,437,2026-07-09T01:04:31,UPI,success
T0007108,A001129,A001269,30362,2026-07-09T01:09:08,NEFT,failed
T0008425,A000969,A000025,173,2026-07-09T01:11:15,NEFT,success
T0000782,A001118,A000150,50000,2026-07-09T01:15:32,UPI,success
T0002813,A000918,A000130,884,2026-07-09T01:15:57,IMPS,success
T0003468,A000748,A000561,65000,2026-07-09T01:16:54,IMPS,success
T0013035,A000408,A000943,297,2026-07-09T01:18:08,NEFT,success
T0013213,A000451,A000755,1641,2026-07-09T01:23:26,IMPS,success
T0005748,A000959,A000500,515,2026-07-09T01:27:33,NEFT,success
T0008485,A000392,A000673,15000,2026-07-09T01:28:16,IMPS,success
T0009070,A000824,A000538,2016,2026-07-09T01:29:36,IMPS,success
T0010641,A000319,A000336,545,2026-07-09T01:35:04,NEFT,success
T0000077,A001468,A001453,15000,2026-07-09T01:37:37,UPI,success
T0010871,A000096,A000213,360,2026-07-09T01:42:10,NEFT,success
T0008721,A000943,A000098,80000,2026-07-09T01:46:50,NEFT,success
T0013449,A000871,A000349,21788,2026-07-09T01:47:20,NEFT,success
T0009712,A000086,A000585,35000,2026-07-09T01:48:43,IMPS,success
T0008175,A001250,A001041,685,2026-07-09T01:49:53,NEFT,success
T0008358,A000672,A000799,3725,2026-07-09T01:51:42,IMPS,success
T0006866,A000901,A001000,3757,2026-07-09T01:55:43,UPI,success
T0003166,A000326,A000188,879,2026-07-09T01:57:14,IMPS,success
T0011401,A001295,A000560,401,2026-07-09T01:59:09,IMPS,success
T0001853,A000537,A001017,2018,2026-07-09T02:01:20,UPI,success
T0009407,A000063,A000378,1250,2026-07-09T02:03:05,UPI,success
T0000191,A000689,A000334,50,2026-07-09T02:05:39,NEFT,success
T0005360,A000024,A000434,5657,2026-07-09T02:10:24,UPI,success
T0000479,A000702,A001107,6293,2026-07-09T02:10:59,IMPS,success
T0009734,A000589,A001166,925,2026-07-09T02:14:55,NEFT,success
T0012841,A000247,A000820,29565,2026-07-09T02:19:54,NEFT,success
T0000483,A000705,A000310,25853,2026-07-09T02:19:58,NEFT,success
T0002939,A000452,A000160,299,2026-07-09T02:20:10,NEFT,success
T0012599,A000627,A000666,302,2026-07-09T02:26:02,IMPS,success
T0011249,A001319,A001208,16873,2026-07-09T02:32:45,UPI,success
T0010022,A000459,A001010,789,2026-07-09T02:35:14,UPI,success
T0002089,A000738,A001055,65000,2026-07-09T02:36:33,IMPS,success
T0014321,A000394,A001182,958,2026-07-09T02:40:01,IMPS,success
T0000302,A000959,A000653,26398,2026-07-09T02:41:30,NEFT,success
T0007904,A000933,A000877,8773,2026-07-09T02:41:53,NEFT,success
T0005618,A000927,A000532,35000,2026-07-09T02:50:21,IMPS,success
T0000170,A001233,A000503,2674,2026-07-09T02:54:09,IMPS,success
T0000237,A001283,A001050,1263,2026-07-09T02:55:58,UPI,success
T0014881,A000099,A000379,885,2026-07-09T02:56:55,UPI,success
T0011575,A000513,A000691,480,2026-07-09T02:59:43,IMPS,success
T0005955,A001210,A000737,1047,2026-07-09T03:01:31,UPI,success
T0005475,A000079,A000217,15000,2026-07-09T03:05:13,IMPS,success
T0011590,A000234,A001031,677,2026-07-09T03:09:18,IMPS,success
T0006657,A000908,A000858,3324,2026-07-09T03:12:50,NEFT,success
T0011987,A001195,A000959,540,2026-07-09T03:14:36,IMPS,success
T0013336,A000239,A001255,5016,2026-07-09T03:16:01,UPI,success
T0010682,A000577,A001282,7230,2026-07-09T03:17:08,UPI,success
T0010033,A000672,A000200,40535,2026-07-09T03:18:48,UPI,success
T0002474,A001284,A000901,5464,2026-07-09T03:19:38,UPI,success
T0013661,A000448,A001126,1723,2026-07-09T03:23:22,IMPS,success
T0000183,A000263,A000956,355,2026-07-09T03:29:33,UPI,success
T0009156,A000015,A000460,2869,2026-07-09T03:29:49,UPI,success
T0011883,A000518,A000470,920,2026-07-09T03:31:53,UPI,success
T0011875,A001230,A001090,14127,2026-07-09T03:32:35,IMPS,success
T0006496,A000632,A000758,38217,2026-07-09T03:40:08,IMPS,success
T0013396,A001286,A000654,247,2026-07-09T03:42:53,NEFT,success
T0000692,A001360,A001119,5422,2026-07-09T03:44:56,NEFT,success
T0003921,A001171,A000530,19785,2026-07-09T03:49:00,NEFT,success
T0003576,A000877,A001167,43129,2026-07-09T03:50:08,NEFT,success
T0010104,A000438,A000005,406,2026-07-09T03:52:42,NEFT,success
T0007888,A000427,A000729,80000,2026-07-09T03:55:52,IMPS,success
T0008403,A000790,A001043,415,2026-07-09T03:57:34,IMPS,success
T0005514,A001061,A000201,1842,2026-07-09T03:59:25,NEFT,success
T0000723,A000484,A001096,50000,2026-07-09T04:02:55,NEFT,success
T0004732,A000733,A000838,4661,2026-07-09T04:04:38,UPI,success
T0012682,A000466,A000883,1241,2026-07-09T04:08:27,UPI,success
T0002000,A000510,A001353,22589,2026-07-09T04:09:17,NEFT,success
T0013263,A000113,A001134,50000,2026-07-09T04:09:35,IMPS,success
T0001830,A000855,A000307,1548,2026-07-09T04:12:16,UPI,success
T0014062,A000687,A001371,50000,2026-07-09T04:13:49,IMPS,success
T0014842,A001205,A000724,23118,2026-07-09T04:15:18,UPI,success
T0002343,A000861,A000385,26037,2026-07-09T04:17:39,UPI,success
T0011726,A000328,A000235,21576,2026-07-09T04:19:28,NEFT,success
T0003684,A000153,A000043,15000,2026-07-09T04:20:26,NEFT,success
T0005885,A001127,A001016,651,2026-07-09T04:21:22,IMPS,success
T0008894,A001164,A001215,15414,2026-07-09T04:25:19,UPI,success
T0012134,A001087,A000917,785,2026-07-09T04:25:48,NEFT,success
T0005840,A000712,A000617,744,2026-07-09T04:25:51,IMPS,success
T0013289,A001153,A000850,1733,2026-07-09T04:26:02,NEFT,success
T0002938,A000084,A000172,373,2026-07-09T04:26:07,NEFT,success
T0001806,A000983,A000282,974,2026-07-09T04:31:18,NEFT,success
T0013026,A000303,A000562,113,2026-07-09T04:37:50,UPI,success
T0007003,A000485,A000094,35000,2026-07-09T04:43:32,IMPS,success
T0010756,A000653,A001274,316,2026-07-09T04:44:16,IMPS,success
T0011143,A001250,A000958,80000,2026-07-09T04:47:34,UPI,success
T0003408,A000845,A001374,297,2026-07-09T04:48:22,IMPS,success
T0000422,A001161,A001032,495,2026-07-09T04:50:15,IMPS,success
T0013115,A001141,A000599,5000,2026-07-09T04:53:06,NEFT,success
T0011645,A000427,A001226,4199,2026-07-09T05:01:41,IMPS,success
T0002657,A000148,A000029,881,2026-07-09T05:02:10,NEFT,success
T0013231,A001277,A000262,443,2026-07-09T05:04:40,IMPS,success
T0003229,A000676,A000326,41101,2026-07-09T05:10:32,UPI,failed
T0010875,A000483,A001122,3558,2026-07-09T05:18:14,IMPS,success
T0003538,A001221,A001093,172,2026-07-09T05:19:26,UPI,success
T0012646,A000310,A000990,97254,2026-07-09T05:21:14,IMPS,success
T0005493,A000740,A000001,39865,2026-07-09T05:22:21,UPI,success
T0008517,A000524,A000588,164,2026-07-09T05:25:16,IMPS,success
T0008228,A000465,A000353,192,2026-07-09T05:29:43,IMPS,success
T0008731,A000317,A000003,3036,2026-07-09T05:32:14,UPI,success
T0011413,A000265,A000391,914,2026-07-09T05:32:44,NEFT,success
T0012896,A000228,A000328,65000,2026-07-09T05:34:55,NEFT,success
T0007054,A000879,A000842,454,2026-07-09T05:37:39,NEFT,success
T0002918,A000974,A000129,236,2026-07-09T05:41:54,UPI,success
T0012918,A000450,A001016,270,2026-07-09T05:42:29,IMPS,success
T0014385,A000064,A000977,15000,2026-07-09T05:50:53,UPI,success
T0007901,A001232,A001151,1723,2026-07-09T05:56:08,UPI,success
T0004425,A000187,A001369,20098,2026-07-09T05:56:32,IMPS,success
T0006641,A000753,A001290,16492,2026-07-09T05:56:58,UPI,success
T0005033,A000911,A000087,848,2026-07-09T06:03:47,UPI,success
T0009665,A000875,A000458,398,2026-07-09T06:08:40,IMPS,success
T0013904,A000894,A000151,1330,2026-07-09T06:10:48,IMPS,success
T0009342,A000937,A001003,65000,2026-07-09T06:12:07,NEFT,success
T0002576,A000259,A000863,2266,2026-07-09T06:12:38,NEFT,success
T0011519,A000182,A000993,80000,2026-07-09T06:12:38,UPI,success
T0013200,A000078,A000367,3148,2026-07-09T06:13:15,NEFT,success
T0010551,A001212,A000063,2967,2026-07-09T06:15:31,UPI,success
T0003531,A000535,A000278,715,2026-07-09T06:19:26,NEFT,success
T0009085,A001373,A000955,1028,2026-07-09T06:19:35,IMPS,success
T0010607,A000331,A000093,29423,2026-07-09T06:20:25,NEFT,success
T0014334,A000597,A000162,80000,2026-07-09T06:20:26,IMPS,success
T0011608,A000021,A000398,537,2026-07-09T06:24:07,NEFT,success
T0007430,A001175,A000892,7640,2026-07-09T06:26:25,UPI,failed
T0000944,A000045,A000918,2918,2026-07-09T06:27:50,IMPS,success
T0008371,A001373,A000355,15802,2026-07-09T06:31:05,NEFT,success
T0005693,A000754,A000229,148,2026-07-09T06:33:20,UPI,success
T0008859,A000370,A001356,25000,2026-07-09T06:34:51,NEFT,success
T0003713,A001314,A000635,16528,2026-07-09T06:35:37,UPI,success
T0003354,A000633,A000825,898,2026-07-09T06:39:45,UPI,success
T0011329,A000219,A000485,18632,2026-07-09T06:41:41,UPI,success
T0014335,A000232,A000622,50000,2026-07-09T06:47:54,IMPS,success
T0007724,A000887,A000949,80000,2026-07-09T06:50:54,IMPS,success
T0002948,A001224,A000332,35000,2026-07-09T06:52:55,IMPS,success
T0011339,A000727,A000775,50262,2026-07-09T06:53:34,UPI,success
T0008913,A000854,A000200,23456,2026-07-09T06:56:16,NEFT,success
T0008792,A000516,A000802,1845,2026-07-09T06:59:11,IMPS,success
T0000515,A000743,A000290,21139,2026-07-09T07:03:06,UPI,success
T0008374,A001372,A001029,464,2026-07-09T07:04:17,UPI,success
T0014589,A000495,A000335,549,2026-07-09T07:05:00,UPI,success
T0012657,A000227,A000673,1837,2026-07-09T07:05:35,NEFT,success
T0006648,A000688,A001366,35000,2026-07-09T07:05:42,IMPS,success
T0013171,A000440,A001085,705,2026-07-09T07:10:11,NEFT,success
T0013386,A000920,A001264,412,2026-07-09T07:11:14,NEFT,success
T0001901,A000472,A001030,35000,2026-07-09T07:12:15,UPI,success
T0002327,A000845,A000702,23913,2026-07-09T07:16:49,IMPS,success
T0004111,A000787,A001034,788,2026-07-09T07:19:17,NEFT,success
T0002645,A001320,A000341,2231,2026-07-09T07:20:04,UPI,success
T0006092,A000433,A000547,35366,2026-07-09T07:21:18,UPI,success
T0005454,A000027,A001016,25000,2026-07-09T07:21:19,IMPS,success
T0006609,A000030,A000151,437,2026-07-09T07:23:03,UPI,success
T0014564,A000198,A000154,575,2026-07-09T07:25:59,IMPS,success
T0010490,A000648,A000741,1450,2026-07-09T07:30:54,UPI,success
T0007606,A001330,A000757,23546,2026-07-09T07:34:16,IMPS,success
T0002005,A001350,A000127,35000,2026-07-09T07:38:42,NEFT,success
T0005465,A001260,A000287,537,2026-07-09T07:38:55,IMPS,success
T0012758,A000387,A000023,1769,2026-07-09T07:39:50,IMPS,success
T0004528,A000944,A000014,18674,2026-07-09T07:40:24,IMPS,success
T0012718,A000030,A000420,80000,2026-07-09T07:41:49,NEFT,success
T0006910,A000229,A000223,232,2026-07-09T07:41:51,IMPS,success
T0011933,A001105,A001042,12974,2026-07-09T07:43:31,IMPS,success
T0011501,A000305,A000137,35000,2026-07-09T07:44:02,UPI,success
T0004500,A000412,A001116,16780,2026-07-09T07:45:56,NEFT,success
T0010898,A001160,A001372,33450,2026-07-09T07:47:27,IMPS,success
T0007490,A000850,A001347,18017,2026-07-09T07:48:22,IMPS,success
T0002455,A000593,A001187,2626,2026-07-09T07:48:26,IMPS,success
T0012326,A001298,A000722,410,2026-07-09T07:51:09,IMPS,success
T0005879,A000147,A000170,19918,2026-07-09T08:08:59,UPI,success
T0001933,A001236,A001054,701,2026-07-09T08:17:53,NEFT,failed
T0008951,A001036,A000570,908,2026-07-09T08:24:12,NEFT,success
T0014482,A000449,A000555,410,2026-07-09T08:24:51,UPI,success
T0003460,A000408,A000396,39321,2026-07-09T08:26:49,NEFT,success
T0012468,A001208,A000965,75174,2026-07-09T08:27:37,UPI,success
T0014368,A001295,A000405,388,2026-07-09T08:29:33,UPI,success
T0011076,A000385,A001246,40998,2026-07-09T08:37:13,NEFT,success
T0004830,A000229,A000927,5000,2026-07-09T08:37:55,IMPS,success
T0006000,A000979,A001186,632,2026-07-09T08:43:30,IMPS,success
T0003941,A000506,A000973,18254,2026-07-09T08:46:29,UPI,success
T0010073,A001148,A000575,80000,2026-07-09T08:52:06,UPI,success
T0002467,A000009,A000900,5000,2026-07-09T09:03:37,IMPS,success
T0000518,A001373,A000351,15000,2026-07-09T09:12:53,NEFT,success
T0008260,A001031,A000358,265,2026-07-09T09:14:26,NEFT,success
T0004466,A001191,A000154,18838,2026-07-09T09:17:33,UPI,success
T0000627,A000759,A000644,248,2026-07-09T09:18:52,IMPS,success
T0006900,A000831,A000724,1901,2026-07-09T09:19:04,IMPS,success
T0003838,A000834,A000264,25000,2026-07-09T09:21:42,IMPS,success
T0010548,A000121,A001212,960,2026-07-09T09:23:28,NEFT,success
T0000196,A001321,A000751,19799,2026-07-09T09:26:12,NEFT,success
T0012902,A000728,A000715,12403,2026-07-09T09:32:23,IMPS,success
T0011204,A000953,A000679,25000,2026-07-09T09:34:04,NEFT,failed
T0014215,A001303,A000405,740,2026-07-09T09:37:35,IMPS,success
T0003129,A000712,A000608,416,2026-07-09T09:40:50,NEFT,success
T0001317,A000030,A000165,80000,2026-07-09T09:45:30,UPI,success
T0007404,A001176,A001094,303,2026-07-09T09:45:49,NEFT,success
T0007467,A001214,A000104,6818,2026-07-09T09:48:48,IMPS,success
T0010502,A000706,A001012,2702,2026-07-09T09:50:48,NEFT,success
T0006022,A000650,A000416,327,2026-07-09T09:51:06,UPI,success
T0013067,A001102,A000992,973,2026-07-09T09:57:28,IMPS,failed
T0010216,A000950,A000769,41377,2026-07-09T09:58:09,IMPS,success
T0012175,A000321,A001040,460,2026-07-09T10:00:17,NEFT,success
T0004244,A001023,A000961,1802,2026-07-09T10:01:17,UPI,success
T0008715,A001083,A000797,792,2026-07-09T10:06:32,IMPS,success
T0007256,A000857,A001314,1703,2026-07-09T10:07:13,IMPS,success
T0008928,A000634,A000773,35000,2026-07-09T10:09:50,UPI,success
T0005827,A000644,A000933,1151,2026-07-09T10:10:42,NEFT,success
T0001456,A000393,A000451,65000,2026-07-09T10:15:48,UPI,success
T0013971,A000784,A000390,227,2026-07-09T10:19:12,UPI,success
T0004240,A000404,A001268,5037,2026-07-09T10:21:48,UPI,success
T0011905,A000474,A000505,6585,2026-07-09T10:22:44,IMPS,success
T0011467,A000957,A001185,958,2026-07-09T10:23:40,IMPS,success
T0010193,A001352,A000297,5000,2026-07-09T10:24:31,NEFT,success
T0001390,A001103,A001347,273,2026-07-09T10:33:45,UPI,success
T0005229,A000355,A000811,65000,2026-07-09T10:34:36,NEFT,success
T0006315,A000726,A001052,1004,2026-07-09T10:35:32,UPI,success
T0008363,A000837,A000933,49856,2026-07-09T10:36:59,UPI,success
T0002592,A001134,A001190,196,2026-07-09T10:37:33,IMPS,success
T0000703,A000612,A001027,41976,2026-07-09T10:43:00,IMPS,success
T0004754,A000214,A000553,19651,2026-07-09T10:46:17,IMPS,success
T0009861,A000508,A001021,739,2026-07-09T10:48:33,NEFT,success
T0003225,A000711,A000779,80000,2026-07-09T10:52:37,NEFT,success
T0002703,A001039,A001265,2357,2026-07-09T10:53:17,UPI,failed
T0001951,A000230,A000591,1351,2026-07-09T10:55:25,IMPS,success
T0004417,A000604,A000546,39743,2026-07-09T10:55:59,UPI,success
T0004778,A000986,A001231,37154,2026-07-09T11:00:10,IMPS,success
T0007267,A000184,A001342,548,2026-07-09T11:00:57,NEFT,success
T0002921,A000884,A000641,1804,2026-07-09T11:02:54,IMPS,success
T0005810,A001285,A000629,355,2026-07-09T11:11:25,UPI,success
T0002060,A001307,A000738,65000,2026-07-09T11:12:08,IMPS,success
T0006128,A000010,A000461,210,2026-07-09T11:21:00,IMPS,success
T0000387,A000542,A001118,1430,2026-07-09T11:30:25,IMPS,success
T0002582,A000837,A000377,9000,2026-07-09T11:32:05,UPI,success
T0009058,A001284,A000078,86635,2026-07-09T11:34:51,IMPS,success
T0001604,A000597,A000110,605,2026-07-09T11:36:23,NEFT,success
T0011483,A001250,A000320,72195,2026-07-09T11:37:16,UPI,success
T0007720,A000971,A000521,50000,2026-07-09T11:38:32,UPI,success
T0003578,A001043,A001324,494,2026-07-09T11:38:34,IMPS,failed
T0010854,A000524,A000082,9230,2026-07-09T11:39:11,UPI,success
T0006506,A000568,A000204,626,2026-07-09T11:43:11,NEFT,success
T0006638,A000431,A000386,1518,2026-07-09T11:45:53,IMPS,success
T0002653,A000496,A000205,595,2026-07-09T11:49:20,IMPS,success
T0008040,A000868,A001044,2174,2026-07-09T11:53:53,IMPS,success
T0005359,A000580,A000331,20827,2026-07-09T11:54:03,UPI,success
T0012140,A001270,A000347,1084,2026-07-09T12:00:58,UPI,success
T0003970,A000777,A000195,80000,2026-07-09T12:02:38,IMPS,success
T0014541,A001141,A001197,538,2026-07-09T12:03:04,NEFT,success
T0013833,A001370,A000571,832,2026-07-09T12:04:36,NEFT,success
T0002770,A001223,A000859,1289,2026-07-09T12:04:56,IMPS,success
T0001376,A001307,A000950,1039,2026-07-09T12:11:25,IMPS,success
T0008790,A000946,A000965,1891,2026-07-09T12:12:02,UPI,success
T0014158,A001109,A001135,821,2026-07-09T12:12:54,UPI,success
T0008200,A000554,A000971,66295,2026-07-09T12:17:13,IMPS,success
T0004529,A000473,A000454,50000,2026-07-09T12:20:17,IMPS,success
T0007287,A001232,A001278,2953,2026-07-09T12:21:01,IMPS,success
T0001939,A001245,A000312,2307,2026-07-09T12:23:38,IMPS,success
T0011474,A001140,A000718,773,2026-07-09T12:26:55,IMPS,success
T0000894,A001356,A001358,35000,2026-07-09T12:34:48,IMPS,success
T0009198,A000566,A000638,2651,2026-07-09T12:37:33,NEFT,success
T0004945,A000169,A001010,13802,2026-07-09T12:46:07,UPI,success
T0001197,A000466,A000225,1002,2026-07-09T12:46:17,UPI,success
T0008473,A000737,A000004,709,2026-07-09T12:48:50,IMPS,success
T0009557,A001120,A000094,625,2026-07-09T12:51:52,IMPS,success
T0012272,A000295,A001341,13463,2026-07-09T12:56:45,NEFT,success
T0011773,A000093,A000832,2056,2026-07-09T12:59:52,NEFT,success
T0008154,A001206,A000157,1604,2026-07-09T12:59:55,NEFT,success
T0004357,A001058,A000596,50000,2026-07-09T13:01:04,IMPS,success
T0010399,A000280,A001093,1158,2026-07-09T13:02:02,IMPS,success
T0002905,A000109,A000341,5252,2026-07-09T13:12:40,IMPS,success
T0002836,A000713,A000774,633,2026-07-09T13:13:40,NEFT,success
T0006374,A001017,A000552,9157,2026-07-09T13:19:04,IMPS,success
T0002437,A000870,A000880,1198,2026-07-09T13:19:13,NEFT,success
T0005757,A000249,A001324,5300,2026-07-09T13:20:25,UPI,success
T0014565,A000088,A000968,1059,2026-07-09T13:21:38,IMPS,success
T0003203,A000596,A000378,489,2026-07-09T13:22:13,IMPS,success
T0005765,A001087,A000204,1135,2026-07-09T13:26:42,UPI,success
T0006888,A001343,A000177,26190,2026-07-09T13:27:54,NEFT,success
T0010241,A000862,A000739,35000,2026-07-09T13:31:32,NEFT,success
T0008705,A000330,A000007,825,2026-07-09T13:41:07,NEFT,success
T0003861,A000969,A000793,9337,2026-07-09T13:41:31,UPI,success
T0002412,A000291,A001276,33324,2026-07-09T13:41:36,UPI,success
T0014487,A001278,A000036,11838,2026-07-09T13:41:58,UPI,success
T0012419,A001171,A000455,295,2026-07-09T13:42:58,IMPS,success
T0005558,A000496,A001008,25699,2026-07-09T13:47:46,UPI,success
T0008575,A000056,A000662,224,2026-07-09T13:49:28,IMPS,success
T0007541,A000444,A001202,801,2026-07-09T13:50:49,IMPS,success
T0013793,A001309,A000421,637,2026-07-09T13:55:04,IMPS,success
T0006344,A000502,A000305,945,2026-07-09T13:59:11,UPI,success
T0000213,A000655,A000701,51664,2026-07-09T13:59:59,UPI,success
T0009617,A000274,A000270,50000,2026-07-09T14:00:40,UPI,success
T0004609,A000258,A000719,681,2026-07-09T14:00:47,UPI,success
T0004401,A000366,A000606,162,2026-07-09T14:03:18,NEFT,success
T0011306,A001063,A000370,52047,2026-07-09T14:04:05,UPI,success
T0001281,A000023,A000572,166,2026-07-09T14:05:31,IMPS,success
T0002072,A000650,A000575,6918,2026-07-09T14:10:43,UPI,success
T0001907,A000557,A000498,27395,2026-07-09T14:15:14,NEFT,success
T0006681,A001235,A000660,17274,2026-07-09T14:17:32,IMPS,success
T0008748,A001180,A001342,27491,2026-07-09T14:22:27,UPI,success
T0011472,A000764,A000937,287,2026-07-09T14:22:34,UPI,success
T0012488,A001021,A000036,27571,2026-07-09T14:25:24,IMPS,success
T0014659,A000658,A001298,1377,2026-07-09T14:28:45,NEFT,success
T0006104,A000095,A000226,1419,2026-07-09T14:29:14,NEFT,success
T0005530,A000867,A001063,141,2026-07-09T14:32:22,IMPS,success
T0009806,A001180,A001377,996,2026-07-09T14:35:44,NEFT,success
T0012895,A001191,A000063,35000,2026-07-09T14:36:21,UPI,success
T0007154,A000884,A001118,2262,2026-07-09T14:36:29,UPI,success
T0010579,A000306,A000591,533,2026-07-09T14:40:41,IMPS,success
T0001243,A000457,A001154,166,2026-07-09T14:43:48,UPI,success
T0002934,A000105,A000408,438,2026-07-09T14:44:27,NEFT,success
T0002714,A000035,A001217,1439,2026-07-09T14:47:00,IMPS,failed
T0009688,A000276,A000665,40708,2026-07-09T14:47:45,NEFT,success
T0003343,A001111,A000934,25000,2026-07-09T14:54:02,NEFT,success
T0010896,A000603,A000812,34737,2026-07-09T14:57:29,UPI,success
T0005251,A001290,A000100,375,2026-07-09T15:02:27,NEFT,success
T0004768,A000823,A000904,470,2026-07-09T15:04:26,IMPS,success
T0008588,A000836,A000015,742,2026-07-09T15:06:52,UPI,success
T0000091,A001450,A001448,132948,2026-07-09T15:11:42,IMPS,success
T0009800,A000641,A000939,15000,2026-07-09T15:16:06,IMPS,success
T0003100,A000104,A000990,36662,2026-07-09T15:26:39,IMPS,success
T0000260,A000030,A000737,80000,2026-07-09T15:26:52,UPI,success
T0006407,A000917,A000134,734,2026-07-09T15:28:46,IMPS,success
T0006577,A001024,A001139,307,2026-07-09T15:30:02,IMPS,success
T0011123,A000964,A000698,25000,2026-07-09T15:39:15,IMPS,success
T0003273,A000516,A000649,1027,2026-07-09T15:39:20,IMPS,success
T0000722,A000931,A000112,26418,2026-07-09T15:40:48,IMPS,success
T0008108,A000208,A000220,1641,2026-07-09T15:42:39,UPI,success
T0003747,A000008,A000133,50000,2026-07-09T15:47:33,UPI,success
T0011452,A001065,A000466,754,2026-07-09T15:47:55,IMPS,success
T0007101,A001085,A000157,50000,2026-07-09T15:55:24,NEFT,success
T0004026,A001189,A000473,65000,2026-07-09T15:57:03,IMPS,success
T0003999,A000710,A001006,928,2026-07-09T15:57:56,NEFT,success
T0000770,A000065,A001153,1118,2026-07-09T15:58:02,IMPS,success
T0002058,A001327,A000650,8540,2026-07-09T16:02:22,IMPS,success
T0002524,A001281,A000843,25000,2026-07-09T16:03:07,NEFT,success
T0014440,A001257,A000737,23796,2026-07-09T16:07:35,UPI,success
T0013838,A000390,A000300,19925,2026-07-09T16:15:12,NEFT,success
T0002907,A000462,A001089,801,2026-07-09T16:15:45,IMPS,success
T0009470,A001199,A000337,3372,2026-07-09T16:21:48,IMPS,success
T0000530,A000497,A000437,596,2026-07-09T16:22:34,UPI,success
T0008399,A000656,A001359,834,2026-07-09T16:28:18,IMPS,success
T0008688,A000297,A000838,23486,2026-07-09T16:30:58,NEFT,success
T0011541,A000751,A000544,37244,2026-07-09T16:32:41,IMPS,success
T0002393,A000288,A000736,809,2026-07-09T16:34:01,NEFT,success
T0001268,A000509,A001145,15721,2026-07-09T16:35:31,UPI,success
T0013851,A000026,A000916,275,2026-07-09T16:44:10,UPI,success
T0002129,A000823,A000922,15032,2026-07-09T16:45:30,UPI,failed
T0006568,A000885,A000531,26100,2026-07-09T16:48:22,IMPS,success
T0001766,A000160,A000590,25000,2026-07-09T16:48:34,IMPS,success
T0000886,A000704,A000798,19989,2026-07-09T16:51:01,NEFT,success
T0004774,A001334,A001352,28927,2026-07-09T16:55:36,UPI,success
T0007939,A000810,A000441,1066,2026-07-09T17:00:23,UPI,success
T0005349,A001181,A000877,577,2026-07-09T17:03:03,NEFT,success
T0005812,A000810,A000760,16005,2026-07-09T17:03:44,NEFT,success
T0004121,A000254,A000863,1452,2026-07-09T17:05:49,UPI,success
T0006452,A000371,A001034,20105,2026-07-09T17:11:03,NEFT,success
T0003792,A001098,A001071,428,2026-07-09T17:12:30,UPI,success
T0000242,A000812,A000732,112,2026-07-09T17:17:05,IMPS,success
T0000300,A000828,A000615,591,2026-07-09T17:19:11,NEFT,success
T0007714,A001324,A000747,8761,2026-07-09T17:20:39,IMPS,success
T0008924,A001373,A000940,11022,2026-07-09T17:21:52,NEFT,success
T0005502,A000837,A000235,4915,2026-07-09T17:22:38,IMPS,success
T0004985,A000723,A000998,603,2026-07-09T17:23:39,NEFT,success
T0008163,A000972,A000848,7371,2026-07-09T17:27:15,IMPS,success
T0010347,A001067,A000813,619,2026-07-09T17:28:31,UPI,success
T0007435,A000131,A000674,2510,2026-07-09T17:31:32,NEFT,success
T0002673,A000446,A000991,831,2026-07-09T17:34:48,IMPS,success
T0010559,A000871,A000379,468,2026-07-09T17:36:45,NEFT,success
T0004046,A000925,A001138,2220,2026-07-09T17:39:44,NEFT,success
T0003512,A000365,A000502,583,2026-07-09T17:40:36,IMPS,success
T0000875,A000942,A000445,35000,2026-07-09T17:45:10,UPI,success
T0010488,A000240,A000726,1628,2026-07-09T17:45:52,IMPS,success
T0009933,A000796,A000786,2862,2026-07-09T17:48:26,UPI,failed
T0009301,A000466,A000224,676,2026-07-09T17:49:30,IMPS,success
T0013605,A001155,A000188,576,2026-07-09T17:52:57,NEFT,success
T0010157,A001311,A001327,511,2026-07-09T17:53:28,UPI,success
T0003228,A001169,A001373,857,2026-07-09T17:53:50,UPI,success
T0009883,A000163,A001250,1126,2026-07-09T17:54:18,NEFT,success
T0014597,A000154,A000491,1317,2026-07-09T17:58:53,IMPS,success
T0006082,A000990,A000953,35000,2026-07-09T18:04:20,NEFT,success
T0003733,A000146,A000800,621,2026-07-09T18:07:13,IMPS,success
T0005194,A000292,A000595,375,2026-07-09T18:07:19,IMPS,success
T0005581,A001193,A001130,130,2026-07-09T18:11:56,NEFT,success
T0001206,A001088,A000365,1485,2026-07-09T18:13:38,UPI,failed
T0010273,A000411,A000427,822,2026-07-09T18:17:19,IMPS,success
T0013731,A001116,A000679,65000,2026-07-09T18:18:31,NEFT,success
T0012305,A000011,A000099,43479,2026-07-09T18:22:31,NEFT,success
T0000110,A001501,A001481,87620,2026-07-09T18:22:34,UPI,success
T0002837,A001380,A000892,543,2026-07-09T18:24:50,UPI,failed
T0006284,A000491,A001041,20180,2026-07-09T18:28:30,IMPS,success
T0009125,A000949,A000560,26897,2026-07-09T18:29:33,NEFT,success
T0005001,A000177,A000541,1329,2026-07-09T18:30:38,UPI,success
T0002982,A000795,A000550,481,2026-07-09T18:38:58,UPI,success
T0006302,A000114,A000263,35000,2026-07-09T18:44:43,UPI,success
T0011340,A001054,A000800,585,2026-07-09T18:46:41,UPI,success
T0001781,A000577,A000351,19349,2026-07-09T18:51:05,UPI,success
T0007159,A000073,A001229,1088,2026-07-09T18:53:44,UPI,success
T0014620,A000560,A000318,1387,2026-07-09T18:56:14,NEFT,success
T0010196,A000545,A001209,862,2026-07-09T19:00:11,IMPS,success
T0013874,A000627,A000154,23893,2026-07-09T19:00:52,NEFT,success
T0012209,A000874,A000503,74972,2026-07-09T19:01:13,UPI,success
T0008901,A000779,A000340,19138,2026-07-09T19:02:29,NEFT,success
T0004005,A001066,A000708,1396,2026-07-09T19:07:29,NEFT,failed
T0010667,A000505,A000786,455,2026-07-09T19:07:52,NEFT,success
T0001656,A000769,A000543,410,2026-07-09T19:10:58,IMPS,success
T0006876,A000109,A001071,177,2026-07-09T19:11:18,NEFT,success
T0004041,A000675,A000147,7845,2026-07-09T19:11:34,NEFT,success
T0001156,A000223,A001050,753,2026-07-09T19:13:02,UPI,success
T0010404,A000867,A000627,16462,2026-07-09T19:15:19,IMPS,success
T0014819,A001065,A000985,1949,2026-07-09T19:19:22,IMPS,success
T0009129,A001318,A000982,14355,2026-07-09T19:19:29,NEFT,success
T0006497,A000407,A000268,815,2026-07-09T19:20:21,NEFT,success
T0006901,A000493,A000184,21032,2026-07-09T19:22:40,IMPS,success
T0012747,A000788,A000348,1170,2026-07-09T19:24:25,UPI,success
T0000954,A001331,A000927,590,2026-07-09T19:26:30,IMPS,success
T0011451,A000654,A000860,1273,2026-07-09T19:30:29,NEFT,success
T0001779,A001295,A000029,35000,2026-07-09T19:34:08,UPI,success
T0011494,A000198,A000056,541,2026-07-09T19:39:58,UPI,success
T0012702,A000449,A001061,7933,2026-07-09T19:41:34,UPI,success
T0004711,A000633,A000100,47108,2026-07-09T19:42:38,IMPS,success
T0013908,A000649,A001137,127,2026-07-09T19:43:53,IMPS,success
T0004171,A001018,A000163,54307,2026-07-09T19:44:44,IMPS,success
T0005565,A000668,A000097,2578,2026-07-09T19:45:14,NEFT,success
T0004047,A000084,A000479,491,2026-07-09T19:45:26,NEFT,success
T0013166,A000580,A000690,65000,2026-07-09T19:47:02,NEFT,success
T0007466,A001051,A001157,3504,2026-07-09T19:50:01,IMPS,success
T0010274,A000080,A001226,52586,2026-07-09T19:50:42,IMPS,success
T0004333,A000670,A001098,15000,2026-07-09T19:50:45,NEFT,success
T0002038,A001180,A000669,50000,2026-07-09T19:52:15,NEFT,success
T0008141,A001257,A000700,894,2026-07-09T19:59:32,NEFT,success
T0013389,A000011,A000823,24730,2026-07-09T20:01:23,NEFT,success
T0001026,A000575,A000614,67365,2026-07-09T20:02:53,IMPS,success
T0013947,A001128,A000654,38788,2026-07-09T20:04:15,IMPS,success
T0007602,A000249,A000867,9865,2026-07-09T20:06:18,IMPS,success
T0008809,A000954,A000563,21184,2026-07-09T20:08:43,IMPS,success
T0009872,A000398,A000574,707,2026-07-09T20:12:14,IMPS,success
T0007879,A001381,A000070,35000,2026-07-09T20:17:11,NEFT,success
T0014941,A001361,A000571,35000,2026-07-09T20:17:34,IMPS,success
T0013549,A000648,A001111,363,2026-07-09T20:18:48,NEFT,success
T0006903,A001103,A000241,896,2026-07-09T20:20:29,UPI,success
T0009824,A001003,A000787,2180,2026-07-09T20:23:40,NEFT,success
T0003071,A000955,A000458,20686,2026-07-09T20:30:14,NEFT,success
T0011080,A001135,A000969,80000,2026-07-09T20:33:31,IMPS,success
T0002019,A000179,A000961,700,2026-07-09T20:36:31,NEFT,success
T0002470,A001379,A000874,1212,2026-07-09T20:42:15,IMPS,success
T0001508,A000901,A000063,322,2026-07-09T20:43:23,IMPS,success
T0008456,A000953,A000926,2680,2026-07-09T20:50:56,UPI,success
T0012373,A000969,A001153,51841,2026-07-09T20:54:58,NEFT,success
T0004552,A000278,A001300,419,2026-07-09T20:57:33,IMPS,success
T0014260,A000200,A000497,4118,2026-07-09T20:57:34,UPI,failed
T0014628,A001320,A000509,1178,2026-07-09T21:03:55,UPI,success
T0011789,A000879,A000271,425,2026-07-09T21:04:07,IMPS,success
T0011070,A000588,A001001,3375,2026-07-09T21:08:02,UPI,success
T0001578,A000562,A000683,9858,2026-07-09T21:12:08,NEFT,success
T0013739,A000502,A000436,2510,2026-07-09T21:12:25,NEFT,success
T0011369,A000508,A000414,15000,2026-07-09T21:16:30,UPI,success
T0012207,A000342,A000035,1320,2026-07-09T21:18:39,NEFT,success
T0001556,A000763,A000154,651,2026-07-09T21:21:13,UPI,success
T0005904,A001159,A001347,554,2026-07-09T21:25:07,UPI,success
T0003956,A000622,A000903,15000,2026-07-09T21:27:50,UPI,success
T0007853,A001281,A001136,80000,2026-07-09T21:28:34,UPI,success
T0003707,A000562,A001073,475,2026-07-09T21:28:50,NEFT,success
T0003848,A000663,A000972,1497,2026-07-09T21:29:53,UPI,success
T0000115,A001483,A001476,426629,2026-07-09T21:30:38,IMPS,success
T0014624,A000273,A000685,458,2026-07-09T21:31:00,NEFT,success
T0007607,A000638,A001095,192,2026-07-09T21:31:06,NEFT,success
T0011469,A000737,A000344,36013,2026-07-09T21:31:50,UPI,success
T0005679,A001289,A000717,1355,2026-07-09T21:39:03,IMPS,failed
T0003345,A001370,A001312,1264,2026-07-09T21:43:54,NEFT,success
T0010636,A001164,A000330,69296,2026-07-09T21:44:25,UPI,success
T0010471,A000167,A000945,351,2026-07-09T21:47:51,IMPS,success
T0011884,A000953,A000038,33045,2026-07-09T21:58:36,NEFT,success
T0000740,A000401,A000187,26690,2026-07-09T22:00:44,UPI,success
T0000338,A001223,A000299,13206,2026-07-09T22:00:45,UPI,success
T0012798,A000681,A000703,1067,2026-07-09T22:02:55,UPI,success
T0006230,A000939,A000177,7306,2026-07-09T22:04:05,NEFT,success
T0004553,A000766,A001324,12004,2026-07-09T22:06:09,NEFT,success
T0007446,A000581,A000799,844,2026-07-09T22:07:58,UPI,success
T0000332,A000304,A000795,2117,2026-07-09T22:10:59,IMPS,success
T0006015,A001247,A001232,689,2026-07-09T22:14:36,NEFT,success
T0007762,A000395,A001303,608,2026-07-09T22:19:28,NEFT,success
T0012631,A000128,A000488,14989,2026-07-09T22:20:49,UPI,success
T0000987,A000228,A000038,553,2026-07-09T22:24:42,IMPS,success
T0004735,A000495,A000133,676,2026-07-09T22:24:56,UPI,success
T0008409,A000683,A000645,34601,2026-07-09T22:28:50,UPI,success
T0005566,A001277,A000301,171,2026-07-09T22:33:51,UPI,success
T0001873,A000803,A000249,994,2026-07-09T22:38:57,IMPS,success
T0005723,A000605,A000915,589,2026-07-09T22:40:05,NEFT,success
T0008882,A000733,A001172,25893,2026-07-09T22:41:13,IMPS,success
T0003974,A000562,A000220,397,2026-07-09T22:46:46,UPI,success
T0009622,A000344,A000788,760,2026-07-09T22:52:25,IMPS,success
T0006814,A000688,A000265,715,2026-07-09T22:57:02,NEFT,success
T0012676,A000117,A000604,15881,2026-07-09T23:00:23,NEFT,success
T0000120,A001479,A001476,133064,2026-07-09T23:02:53,IMPS,success
T0013252,A001349,A000707,14298,2026-07-09T23:03:41,NEFT,success
T0004736,A000486,A000971,80000,2026-07-09T23:07:27,IMPS,success
T0002890,A000929,A001095,750,2026-07-09T23:11:24,IMPS,success
T0004727,A000988,A001250,484,2026-07-09T23:14:30,UPI,success
T0010078,A000148,A001066,2193,2026-07-09T23:15:18,IMPS,success
T0001444,A001318,A000845,334,2026-07-09T23:19:07,UPI,success
T0000336,A000390,A000056,65000,2026-07-09T23:22:04,UPI,success
T0008523,A000018,A000221,15933,2026-07-09T23:24:47,NEFT,success
T0003620,A000565,A000407,80000,2026-07-09T23:34:12,NEFT,success
T0010515,A000045,A000684,1794,2026-07-09T23:35:15,NEFT,success
T0008586,A000065,A001216,35000,2026-07-09T23:36:41,IMPS,success
T0003563,A000859,A000006,166,2026-07-09T23:40:30,UPI,success
T0014291,A000661,A000882,2169,2026-07-09T23:42:17,NEFT,success
T0000295,A001240,A001077,295,2026-07-09T23:44:05,UPI,success
T0007794,A001342,A001018,457,2026-07-09T23:44:50,UPI,failed
T0014987,A001165,A000502,2830,2026-07-09T23:50:00,IMPS,success
T0005085,A001219,A000112,1425,2026-07-09T23:56:18,NEFT,success
T0001619,A000831,A000148,128,2026-07-09T23:58:12,IMPS,success
T0014220,A001101,A000525,43148,2026-07-10T00:00:53,UPI,success
T0014600,A001163,A000593,3688,2026-07-10T00:02:35,NEFT,success
T0005952,A000410,A000217,2231,2026-07-10T00:03:06,NEFT,success
T0013972,A000889,A001183,374,2026-07-10T00:08:21,UPI,success
T0003678,A001146,A000848,377,2026-07-10T00:08:35,UPI,success
T0001069,A000243,A000030,1753,2026-07-10T00:09:00,NEFT,success
T0003296,A000364,A000718,999,2026-07-10T00:09:10,IMPS,success
T0000887,A001251,A001092,24456,2026-07-10T00:10:04,NEFT,success
T0001255,A000263,A001134,1367,2026-07-10T00:10:59,IMPS,success
T0012595,A000689,A000842,904,2026-07-10T00:13:03,UPI,success
T0005388,A000521,A000027,1442,2026-07-10T00:17:58,NEFT,success
T0010725,A000457,A001279,527,2026-07-10T00:20:54,UPI,success
T0002097,A000560,A000139,22380,2026-07-10T00:26:59,IMPS,success
T0014316,A000653,A000607,2233,2026-07-10T00:30:03,UPI,success
T0009609,A000666,A001375,490,2026-07-10T00:34:58,UPI,success
T0000817,A000317,A000455,276,2026-07-10T00:42:28,UPI,success
T0005544,A000719,A001230,1884,2026-07-10T00:43:27,IMPS,success
T0013428,A000038,A000959,2569,2026-07-10T00:47:06,IMPS,success
T0010156,A000820,A000710,417,2026-07-10T00:48:50,UPI,success
T0011505,A000059,A000797,45189,2026-07-10T00:50:40,UPI,success
T0013975,A000468,A000055,80000,2026-07-10T00:50:46,UPI,success
T0010135,A001271,A001343,1118,2026-07-10T00:51:19,NEFT,success
T0003033,A000697,A001058,1372,2026-07-10T00:51:20,UPI,success
T0014843,A000564,A000333,2502,2026-07-10T00:54:51,UPI,success
T0007053,A000365,A000275,1499,2026-07-10T00:58:16,UPI,success
T0001837,A000892,A000889,217,2026-07-10T01:00:55,UPI,success
T0011556,A000438,A000434,636,2026-07-10T01:08:10,NEFT,success
T0006816,A000035,A001301,9394,2026-07-10T01:09:58,IMPS,success
T0002999,A000381,A000998,65000,2026-07-10T01:11:40,UPI,success
T0008811,A001087,A000125,1265,2026-07-10T01:11:51,NEFT,success
T0008887,A000573,A000928,59333,2026-07-10T01:15:15,IMPS,success
T0009428,A000490,A000551,1938,2026-07-10T01:15:50,UPI,success
T0007483,A000844,A001000,234,2026-07-10T01:17:03,NEFT,success
T0003322,A000119,A000303,13288,2026-07-10T01:22:23,IMPS,success
T0003760,A000010,A000133,631,2026-07-10T01:26:10,IMPS,success
T0011214,A000382,A001089,1242,2026-07-10T01:26:37,NEFT,success
T0002064,A000743,A000841,5160,2026-07-10T01:28:16,NEFT,success
T0004159,A001113,A000110,35384,2026-07-10T01:30:54,NEFT,success
T0001916,A000595,A000574,326,2026-07-10T01:42:09,NEFT,success
T0009276,A001320,A000104,80000,2026-07-10T01:43:16,IMPS,success
T0013197,A000351,A001155,1333,2026-07-10T01:43:50,NEFT,success
T0011163,A000572,A001345,12516,2026-07-10T01:43:54,UPI,success
T0008899,A000832,A001138,478,2026-07-10T01:45:12,IMPS,success
T0001593,A000279,A000409,3140,2026-07-10T01:49:01,IMPS,success
T0007282,A001232,A000543,65000,2026-07-10T01:50:21,IMPS,success
T0012425,A000375,A000962,16617,2026-07-10T01:57:22,UPI,success
T0014976,A000573,A000165,25951,2026-07-10T02:04:04,UPI,success
T0013191,A000993,A000906,297,2026-07-10T02:08:21,NEFT,success
T0004535,A000716,A001002,12473,2026-07-10T02:12:07,NEFT,success
T0014055,A001070,A000685,1282,2026-07-10T02:13:17,UPI,success
T0003435,A000351,A000787,861,2026-07-10T02:18:28,IMPS,success
T0009074,A000507,A000869,26982,2026-07-10T02:18:30,IMPS,success
T0000277,A000404,A000640,15943,2026-07-10T02:21:09,UPI,success
T0004289,A000704,A000815,2840,2026-07-10T02:25:23,NEFT,success
T0002986,A000661,A000971,50000,2026-07-10T02:25:32,NEFT,success
T0003547,A000867,A001215,641,2026-07-10T02:27:31,IMPS,success
T0009671,A000541,A000522,406,2026-07-10T02:28:26,NEFT,success
T0007339,A000540,A000358,339,2026-07-10T02:32:50,IMPS,success
T0009880,A000497,A000374,594,2026-07-10T02:33:56,IMPS,success
T0009101,A000700,A000321,421,2026-07-10T02:34:37,IMPS,success
T0006534,A001067,A001133,724,2026-07-10T02:38:38,IMPS,success
T0005090,A001349,A001087,80000,2026-07-10T02:42:49,NEFT,success
T0001323,A001219,A000107,863,2026-07-10T02:48:54,IMPS,success
T0006554,A001156,A000783,1093,2026-07-10T02:49:55,NEFT,success
T0000109,A001500,A001485,62012,2026-07-10T02:50:18,UPI,success
T0010132,A000761,A000559,2210,2026-07-10T02:51:30,UPI,success
T0001308,A000846,A000451,1795,2026-07-10T02:56:27,NEFT,success
T0007065,A001218,A001101,297,2026-07-10T02:59:18,UPI,success
T0001193,A000332,A000476,2184,2026-07-10T03:01:19,NEFT,success
T0012236,A000236,A001283,1088,2026-07-10T03:03:00,UPI,success
T0009925,A000274,A000807,316,2026-07-10T03:09:09,NEFT,success
T0011464,A000904,A001068,65000,2026-07-10T03:12:11,NEFT,success
T0013060,A000133,A000983,39027,2026-07-10T03:13:30,UPI,success
T0009360,A001343,A000639,25366,2026-07-10T03:17:38,UPI,success
T0000889,A000222,A001340,632,2026-07-10T03:18:29,IMPS,success
T0011017,A000722,A000396,879,2026-07-10T03:21:06,UPI,success
T0012869,A000637,A000022,753,2026-07-10T03:24:51,IMPS,success
T0010090,A000931,A000522,1108,2026-07-10T03:35:22,IMPS,success
T0012301,A000701,A001069,201,2026-07-10T03:36:31,UPI,success
T0003041,A001144,A000799,27885,2026-07-10T03:39:37,IMPS,success
T0011101,A000150,A000023,18072,2026-07-10T03:47:53,NEFT,success
T0013500,A000213,A000975,35000,2026-07-10T03:48:17,IMPS,success
T0013588,A001295,A000192,50000,2026-07-10T03:52:40,NEFT,success
T0005052,A000370,A000263,48383,2026-07-10T03:52:52,NEFT,success
T0002452,A000977,A001068,48308,2026-07-10T03:54:37,IMPS,success
T0014211,A001226,A001192,1722,2026-07-10T03:56:16,IMPS,success
T0012931,A000760,A000980,11852,2026-07-10T03:58:33,NEFT,success
T0013172,A000878,A000061,846,2026-07-10T03:59:03,NEFT,success
T0005371,A000990,A000230,1094,2026-07-10T03:59:51,NEFT,success
T0000299,A000433,A000024,50000,2026-07-10T04:09:44,UPI,success
T0008547,A001355,A000609,1581,2026-07-10T04:12:21,NEFT,success
T0003528,A000414,A001163,15000,2026-07-10T04:13:10,IMPS,success
T0009590,A000150,A000258,5000,2026-07-10T04:13:41,UPI,failed
T0014534,A001252,A001116,13855,2026-07-10T04:17:05,IMPS,success
T0008285,A000231,A000779,39009,2026-07-10T04:20:51,NEFT,success
T0014752,A000413,A000237,24127,2026-07-10T04:20:51,IMPS,success
T0001978,A001339,A000069,47589,2026-07-10T04:20:52,NEFT,success
T0008258,A000614,A000152,65000,2026-07-10T04:23:44,NEFT,success
T0000552,A000083,A001011,198,2026-07-10T04:28:30,UPI,success
T0002223,A001344,A000355,2007,2026-07-10T04:29:01,IMPS,success
T0003309,A001226,A000359,348,2026-07-10T04:29:47,NEFT,success
T0000324,A000937,A000874,759,2026-07-10T04:31:16,NEFT,success
T0011567,A000142,A000914,3328,2026-07-10T04:31:44,NEFT,success
T0014791,A000938,A000925,554,2026-07-10T04:31:59,UPI,success
T0010283,A001376,A001030,5000,2026-07-10T04:33:01,UPI,success
T0002993,A000720,A000819,549,2026-07-10T04:34:32,IMPS,success
T0010503,A000589,A000324,2882,2026-07-10T04:36:42,IMPS,success
T0014406,A001332,A001330,343,2026-07-10T04:37:13,UPI,success
T0002760,A001331,A000415,65000,2026-07-10T04:43:43,IMPS,success
T0002408,A000795,A000999,1120,2026-07-10T04:44:14,IMPS,success
T0000437,A001197,A001289,1483,2026-07-10T04:45:22,IMPS,success
T0005455,A000904,A000993,409,2026-07-10T04:48:59,UPI,success
T0007398,A000202,A000164,16991,2026-07-10T05:02:36,UPI,success
T0009752,A000236,A000263,65000,2026-07-10T05:03:30,UPI,success
T0008191,A000896,A000798,14059,2026-07-10T05:05:23,NEFT,success
T0005884,A001164,A000538,19669,2026-07-10T05:15:19,IMPS,success
T0006714,A000790,A000156,80000,2026-07-10T05:25:24,UPI,success
T0009004,A001141,A001092,35000,2026-07-10T05:28:06,NEFT,success
T0001785,A000277,A000575,22204,2026-07-10T05:28:15,NEFT,success
T0010182,A000818,A000715,702,2026-07-10T05:28:19,UPI,success
T0014858,A000073,A000281,7579,2026-07-10T05:32:06,NEFT,success
T0005771,A000464,A000752,25000,2026-07-10T05:32:16,NEFT,success
T0012366,A000437,A000101,1940,2026-07-10T05:34:47,NEFT,success
T0007851,A000178,A000112,80000,2026-07-10T05:34:53,IMPS,success
T0003615,A000010,A000945,578,2026-07-10T05:36:12,IMPS,success
T0009804,A000528,A001024,200000,2026-07-10T05:37:45,IMPS,success
T0000653,A000312,A000224,11416,2026-07-10T05:39:50,IMPS,success
T0001322,A000341,A000347,561,2026-07-10T05:43:11,NEFT,success
T0004505,A001018,A001369,50000,2026-07-10T05:44:34,NEFT,success
T0007089,A001326,A000675,59214,2026-07-10T05:47:00,IMPS,success
T0006726,A000777,A000338,23531,2026-07-10T05:47:04,UPI,success
T0009687,A000654,A000274,198,2026-07-10T05:47:27,UPI,success
T0002874,A000231,A000149,2782,2026-07-10T05:48:26,NEFT,success
T0013938,A000802,A000116,948,2026-07-10T05:48:47,UPI,success
T0008961,A001083,A000819,25000,2026-07-10T05:52:51,IMPS,success
T0014322,A000894,A000689,80000,2026-07-10T05:54:14,IMPS,success
T0009774,A000589,A000904,90781,2026-07-10T05:55:20,IMPS,success
T0010487,A001144,A000758,68096,2026-07-10T06:00:01,NEFT,success
T0003399,A000316,A000113,110693,2026-07-10T06:06:21,UPI,success
T0007981,A000019,A000050,142,2026-07-10T06:06:39,NEFT,success
T0003558,A000112,A000600,1448,2026-07-10T06:14:06,NEFT,success
T0011805,A000426,A001226,58181,2026-07-10T06:17:47,IMPS,success
T0008980,A000343,A000768,36135,2026-07-10T06:19:49,NEFT,success
T0007411,A000693,A000285,65000,2026-07-10T06:22:37,IMPS,success
T0009354,A000199,A001287,1501,2026-07-10T06:22:46,NEFT,success
T0002625,A000379,A000912,4161,2026-07-10T06:23:59,UPI,success
T0005042,A000739,A001098,506,2026-07-10T06:28:18,NEFT,success
T0014633,A000305,A001035,25000,2026-07-10T06:29:58,NEFT,success
T0001705,A000835,A000610,480,2026-07-10T06:34:45,IMPS,failed
T0004706,A000202,A000581,32588,2026-07-10T06:36:37,IMPS,success
T0010197,A001134,A000785,679,2026-07-10T06:39:00,NEFT,success
T0004239,A000753,A000348,25000,2026-07-10T06:42:46,IMPS,success
T0000252,A000928,A001340,351,2026-07-10T06:48:24,NEFT,success
T0011114,A000800,A000241,2594,2026-07-10T06:49:08,NEFT,success
T0003724,A000853,A001063,713,2026-07-10T06:52:48,IMPS,success
T0005690,A001175,A000355,10676,2026-07-10T06:53:20,NEFT,success
T0008491,A000112,A001275,10966,2026-07-10T06:56:20,UPI,success
T0011731,A001177,A000393,1012,2026-07-10T06:57:05,UPI,success
T0008612,A000393,A000070,855,2026-07-10T07:05:22,IMPS,success
T0001741,A000661,A000535,49853,2026-07-10T07:11:38,IMPS,success
T0008084,A000043,A000920,1078,2026-07-10T07:15:50,IMPS,success
T0011689,A000129,A001296,25601,2026-07-10T07:20:22,NEFT,success
T0005509,A000595,A000828,654,2026-07-10T07:24:50,UPI,success
T0005629,A001085,A001288,18717,2026-07-10T07:25:25,UPI,success
T0011400,A000493,A000765,1970,2026-07-10T07:26:38,UPI,success
T0005620,A000705,A000302,342,2026-07-10T07:30:59,IMPS,success
T0011921,A000398,A000737,3135,2026-07-10T07:33:06,NEFT,success
T0007511,A000702,A000308,15000,2026-07-10T07:42:20,UPI,success
T0008435,A000399,A001108,5000,2026-07-10T07:42:33,NEFT,success
T0001913,A000441,A001185,911,2026-07-10T07:48:22,UPI,success
T0004496,A000136,A000515,80000,2026-07-10T07:49:16,UPI,success
T0008443,A000187,A000916,16285,2026-07-10T07:49:26,IMPS,success
T0000670,A000295,A001120,65000,2026-07-10T07:54:19,NEFT,success
T0006072,A001309,A001133,1078,2026-07-10T08:00:21,NEFT,success
T0002182,A000136,A000589,1077,2026-07-10T08:00:36,UPI,success
T0014592,A000702,A000834,6563,2026-07-10T08:05:09,IMPS,success
T0007770,A001311,A000922,378,2026-07-10T08:07:18,IMPS,success
T0009432,A000703,A000772,65000,2026-07-10T08:12:08,IMPS,success
T0001706,A000392,A001295,474,2026-07-10T08:12:14,NEFT,success
T0013273,A001280,A000679,64941,2026-07-10T08:13:02,IMPS,success
T0000647,A000786,A000799,2196,2026-07-10T08:14:52,IMPS,success
T0012629,A001348,A000551,11730,2026-07-10T08:24:21,NEFT,success
T0014451,A000474,A000196,379,2026-07-10T08:35:22,UPI,success
T0014077,A000773,A000954,297,2026-07-10T08:35:23,NEFT,success
T0013842,A000200,A000081,880,2026-07-10T08:36:53,IMPS,success
T0011328,A000217,A000738,976,2026-07-10T08:37:00,IMPS,success
T0001988,A000361,A001117,54374,2026-07-10T08:37:47,NEFT,success
T0003891,A001156,A000349,2246,2026-07-10T08:38:28,NEFT,success
T0014238,A000443,A001212,820,2026-07-10T08:39:05,NEFT,success
T0011843,A000285,A000140,65000,2026-07-10T08:41:03,UPI,success
T0008086,A000104,A001245,13986,2026-07-10T08:42:41,UPI,success
T0013346,A001366,A000421,1082,2026-07-10T08:43:04,IMPS,success
T0012482,A000500,A000582,72297,2026-07-10T08:46:51,IMPS,success
T0005994,A000437,A000901,35000,2026-07-10T08:47:10,NEFT,success
T0004668,A000783,A000819,2266,2026-07-10T08:51:19,IMPS,success
T0011841,A000155,A001197,183,2026-07-10T08:52:00,UPI,success
T0007727,A000078,A001137,35000,2026-07-10T08:53:04,IMPS,success
T0000291,A000859,A000453,15000,2026-07-10T08:54:35,NEFT,success
T0012587,A000647,A000769,358,2026-07-10T08:56:44,UPI,success
T0001894,A000326,A000084,17392,2026-07-10T08:56:51,NEFT,success
T0014808,A000990,A001064,21580,2026-07-10T09:01:04,IMPS,success
T0007894,A000600,A000919,15000,2026-07-10T09:05:42,IMPS,success
T0007766,A000808,A000931,429,2026-07-10T09:05:48,NEFT,success
T0014398,A000017,A001364,494,2026-07-10T09:06:32,IMPS,failed
T0011707,A001285,A001244,247,2026-07-10T09:06:58,NEFT,success
T0001101,A000423,A000247,28236,2026-07-10T09:08:54,UPI,success
T0005322,A001261,A001347,28621,2026-07-10T09:09:01,NEFT,success
T0011491,A001288,A000434,467,2026-07-10T09:11:54,UPI,success
T0007747,A000311,A001360,4107,2026-07-10T09:14:49,UPI,success
T0004319,A001145,A000690,70684,2026-07-10T09:15:13,IMPS,success
T0001945,A000884,A001102,65000,2026-07-10T09:16:18,NEFT,success
T0009389,A000998,A001368,179,2026-07-10T09:19:07,NEFT,success
T0012975,A001090,A001287,15000,2026-07-10T09:19:24,UPI,success
T0007343,A000187,A001342,1885,2026-07-10T09:26:08,UPI,success
T0011886,A000242,A001079,5484,2026-07-10T09:27:06,IMPS,success
T0006670,A000050,A000432,1076,2026-07-10T09:29:21,UPI,success
T0010842,A000449,A000160,244,2026-07-10T09:29:26,NEFT,success
T0006381,A001361,A001170,687,2026-07-10T09:30:55,UPI,success
T0010013,A000844,A000312,10976,2026-07-10T09:31:08,NEFT,success
T0002125,A000363,A000250,89,2026-07-10T09:31:53,IMPS,success
T0001034,A000984,A000499,234,2026-07-10T09:34:17,UPI,success
T0014770,A000663,A000946,999,2026-07-10T09:36:32,IMPS,success
T0008232,A001027,A000909,10602,2026-07-10T09:38:43,UPI,success
T0005220,A000073,A000906,13953,2026-07-10T09:39:11,NEFT,success
T0007887,A000818,A000949,65000,2026-07-10T09:39:38,NEFT,success
T0012341,A000006,A000982,1463,2026-07-10T09:44:23,UPI,success
T0001012,A001268,A000850,1536,2026-07-10T09:50:51,UPI,success
T0007014,A000748,A001160,3100,2026-07-10T09:52:38,NEFT,success
T0006796,A000292,A001273,25263,2026-07-10T09:54:08,NEFT,success
T0003065,A000718,A000997,65000,2026-07-10T09:57:03,NEFT,success
T0002548,A000101,A000532,461,2026-07-10T10:04:42,UPI,success
T0011809,A000093,A000751,65000,2026-07-10T10:05:24,UPI,success
T0002849,A000766,A000515,1090,2026-07-10T10:06:10,NEFT,success
T0007290,A000459,A000676,231,2026-07-10T10:08:14,UPI,success
T0008675,A000068,A000761,97774,2026-07-10T10:08:21,NEFT,success
T0006715,A000666,A001116,128,2026-07-10T10:11:11,UPI,success
T0014802,A000257,A001306,65000,2026-07-10T10:14:14,IMPS,success
T0005791,A000273,A001292,35000,2026-07-10T10:21:24,UPI,success
T0002160,A000787,A000547,80000,2026-07-10T10:28:06,IMPS,success
T0002513,A000905,A000232,80000,2026-07-10T10:30:26,NEFT,success
T0009828,A000628,A000819,875,2026-07-10T10:32:21,IMPS,success
T0013519,A000681,A000232,5747,2026-07-10T10:32:40,UPI,success
T0010920,A000650,A000776,461,2026-07-10T10:33:41,UPI,success
T0011421,A001222,A001201,14436,2026-07-10T10:36:34,NEFT,success
T0004365,A000555,A000390,35666,2026-07-10T10:38:04,NEFT,success
T0003686,A000474,A001380,39426,2026-07-10T10:40:06,UPI,success
T0001398,A001290,A000588,604,2026-07-10T10:45:04,NEFT,success
T0009284,A001353,A001289,31391,2026-07-10T10:46:56,UPI,success
T0008719,A001047,A001258,4406,2026-07-10T10:47:36,IMPS,success
T0007046,A000463,A000945,419,2026-07-10T10:47:37,IMPS,success
T0007823,A000154,A000866,969,2026-07-10T10:50:09,NEFT,success
T0002797,A000393,A000123,1122,2026-07-10T10:52:28,IMPS,success
T0006594,A000208,A001227,93563,2026-07-10T10:53:28,NEFT,success
T0010649,A000059,A001364,919,2026-07-10T10:54:14,NEFT,success
T0000972,A000544,A000776,562,2026-07-10T10:56:02,UPI,success
T0013979,A000595,A001132,35000,2026-07-10T11:00:19,UPI,success
T0003350,A001055,A000435,1577,2026-07-10T11:00:49,UPI,success
T0000138,A001346,A000035,56581,2026-07-10T11:03:29,UPI,success
T0012412,A000231,A000606,395,2026-07-10T11:07:01,IMPS,success
T0004132,A000543,A001215,50000,2026-07-10T11:09:54,NEFT,success
T0014175,A000454,A000555,65000,2026-07-10T11:13:02,UPI,success
T0004565,A001256,A000255,35000,2026-07-10T11:13:17,IMPS,success
T0011226,A000522,A000701,27501,2026-07-10T11:17:45,NEFT,success
T0014639,A000828,A000601,594,2026-07-10T11:21:22,UPI,success
T0013473,A000880,A000545,860,2026-07-10T11:22:29,UPI,success
T0000272,A001283,A000218,1920,2026-07-10T11:26:22,UPI,success
T0008296,A000359,A000457,506,2026-07-10T11:29:53,IMPS,success
T0002076,A000517,A000678,2082,2026-07-10T11:31:39,NEFT,success
T0012683,A001135,A000997,570,2026-07-10T11:35:24,NEFT,success
T0013237,A001235,A000816,35000,2026-07-10T11:38:35,IMPS,success
T0011839,A000181,A000905,521,2026-07-10T11:40:19,IMPS,success
T0010282,A000019,A000687,88424,2026-07-10T11:41:52,UPI,success
T0014581,A000394,A001219,730,2026-07-10T11:51:21,IMPS,success
T0014864,A000122,A001161,19316,2026-07-10T11:51:45,UPI,success
T0014817,A001363,A000925,213,2026-07-10T11:53:43,NEFT,success
T0014575,A001247,A001074,710,2026-07-10T11:56:37,UPI,success
T0012728,A001150,A000944,744,2026-07-10T11:56:46,NEFT,success
T0008024,A000033,A000619,1612,2026-07-10T11:59:57,UPI,success
T0000263,A001192,A000983,46510,2026-07-10T12:03:10,IMPS,success
T0000535,A000943,A001298,391,2026-07-10T12:04:22,IMPS,success
T0011485,A000743,A001138,24455,2026-07-10T12:05:07,UPI,success
T0006673,A000472,A000590,5427,2026-07-10T12:10:12,UPI,success
T0010905,A000090,A000482,9241,2026-07-10T12:12:39,UPI,success
T0007277,A001285,A000037,11103,2026-07-10T12:12:55,NEFT,success
T0002065,A000881,A000928,16569,2026-07-10T12:14:58,NEFT,success
T0011511,A000182,A001378,52037,2026-07-10T12:21:49,UPI,success
T0003628,A001006,A001138,1900,2026-07-10T12:27:54,NEFT,success
T0001719,A000665,A000416,134487,2026-07-10T12:28:24,UPI,success
T0005241,A000520,A001073,50000,2026-07-10T12:30:52,NEFT,success
T0004575,A001314,A000652,65000,2026-07-10T12:34:33,IMPS,success
T0014870,A001357,A000131,1306,2026-07-10T12:34:51,UPI,success
T0002308,A000768,A000736,2343,2026-07-10T12:35:00,IMPS,success
T0012742,A001348,A000047,20036,2026-07-10T12:36:00,IMPS,success
T0007698,A000371,A000420,205,2026-07-10T12:37:42,UPI,success
T0008664,A000906,A000992,119,2026-07-10T12:37:48,UPI,success
T0001531,A000677,A000346,27312,2026-07-10T12:39:08,IMPS,success
T0001684,A001101,A000120,1000,2026-07-10T12:39:52,IMPS,success
T0005497,A000035,A000936,428,2026-07-10T12:42:48,NEFT,success
T0006060,A000598,A000854,1218,2026-07-10T12:44:05,IMPS,success
T0006680,A001223,A000167,80000,2026-07-10T12:48:29,NEFT,success
T0014794,A001132,A000955,374,2026-07-10T12:51:12,NEFT,success
T0008433,A000334,A000457,179,2026-07-10T12:51:34,UPI,success
T0009639,A000458,A001040,20710,2026-07-10T13:03:52,UPI,success
T0005235,A001273,A000979,283,2026-07-10T13:05:55,NEFT,success
T0014967,A000572,A001142,820,2026-07-10T13:06:16,NEFT,success
T0014310,A000495,A001274,50,2026-07-10T13:06:39,NEFT,success
T0002163,A000602,A000533,1215,2026-07-10T13:09:08,IMPS,success
T0006690,A000636,A000888,508,2026-07-10T13:16:56,UPI,success
T0008522,A001263,A000157,359,2026-07-10T13:19:52,IMPS,success
T0004202,A001170,A000734,80000,2026-07-10T13:21:36,NEFT,success
T0002288,A001102,A001310,298,2026-07-10T13:24:57,UPI,success
T0012602,A001009,A001016,554,2026-07-10T13:26:42,UPI,success
T0011167,A000255,A001200,405,2026-07-10T13:32:57,IMPS,success
T0005252,A000403,A000562,91569,2026-07-10T13:38:19,NEFT,success
T0005462,A000262,A000194,16774,2026-07-10T13:43:32,UPI,success
T0008249,A000411,A000306,65000,2026-07-10T13:44:14,NEFT,success
T0010839,A000726,A000673,1059,2026-07-10T13:44:38,UPI,success
T0004772,A000418,A001226,3697,2026-07-10T14:03:15,UPI,success
T0005427,A000196,A000679,65000,2026-07-10T14:05:31,UPI,success
T0012680,A000186,A000547,518,2026-07-10T14:18:16,UPI,success
T0014946,A000469,A001197,429,2026-07-10T14:21:14,IMPS,success
T0014909,A000259,A001029,65000,2026-07-10T14:21:19,NEFT,success
T0012528,A000488,A000852,15000,2026-07-10T14:25:05,IMPS,success
T0009145,A000496,A000629,38510,2026-07-10T14:25:53,UPI,success
T0004995,A000560,A000510,15000,2026-07-10T14:26:10,NEFT,success
T0010733,A000765,A000842,50000,2026-07-10T14:26:39,NEFT,success
T0004236,A001072,A000337,1199,2026-07-10T14:26:51,NEFT,success
T0011188,A001018,A001033,17597,2026-07-10T14:28:36,IMPS,success
T0008615,A000324,A000053,25000,2026-07-10T14:30:42,NEFT,success
T0002962,A000799,A000083,35933,2026-07-10T14:30:49,UPI,success
T0013957,A000486,A000071,281,2026-07-10T14:33:01,IMPS,success
T0000356,A000325,A000197,764,2026-07-10T14:37:48,NEFT,success
T0006923,A000537,A001354,2724,2026-07-10T14:38:22,IMPS,success
T0013806,A000252,A001202,12357,2026-07-10T14:42:35,NEFT,success
T0004698,A000436,A000402,35000,2026-07-10T14:44:55,NEFT,success
T0013331,A000030,A000082,467,2026-07-10T14:46:19,UPI,success
T0006777,A000630,A001020,401,2026-07-10T14:49:31,IMPS,success
T0014931,A000440,A000622,65000,2026-07-10T14:50:57,NEFT,success
T0007262,A000105,A000059,644,2026-07-10T14:51:44,UPI,success
T0005420,A000627,A000957,6855,2026-07-10T14:52:35,NEFT,success
T0002164,A000884,A001043,4593,2026-07-10T14:52:38,UPI,success
T0010578,A000073,A000957,65000,2026-07-10T14:56:58,IMPS,success
T0007081,A000350,A000806,1092,2026-07-10T14:58:34,IMPS,success
T0012548,A000075,A001066,218,2026-07-10T15:02:34,UPI,success
T0009701,A000752,A000621,690,2026-07-10T15:03:40,UPI,success
T0004481,A000558,A000994,170,2026-07-10T15:05:54,NEFT,success
T0008905,A001073,A000764,73112,2026-07-10T15:10:44,UPI,success
T0009343,A000045,A000550,824,2026-07-10T15:11:10,NEFT,success
T0007796,A000063,A001377,675,2026-07-10T15:15:52,UPI,success
T0007754,A000134,A000868,25000,2026-07-10T15:16:48,UPI,success
T0008524,A001246,A001121,295,2026-07-10T15:23:09,UPI,success
T0007320,A001021,A000854,999,2026-07-10T15:31:52,NEFT,success
T0010458,A000768,A000162,1084,2026-07-10T15:35:52,UPI,success
T0010952,A000960,A000590,1575,2026-07-10T15:37:18,IMPS,success
T0010946,A000226,A000125,425,2026-07-10T15:38:37,NEFT,success
T0007776,A000397,A000494,16968,2026-07-10T15:38:40,IMPS,success
T0012557,A000349,A000394,462,2026-07-10T15:41:42,UPI,success
T0001547,A000459,A001112,649,2026-07-10T15:41:53,NEFT,success
T0003884,A001162,A000208,3031,2026-07-10T15:43:37,IMPS,success
T0014218,A000034,A000876,195,2026-07-10T15:44:15,UPI,success
T0001764,A000723,A000268,63318,2026-07-10T15:46:22,NEFT,success
T0010006,A001203,A000916,381,2026-07-10T15:47:37,IMPS,failed
T0000371,A000324,A000112,575,2026-07-10T15:52:13,IMPS,success
T0013361,A000142,A000502,1246,2026-07-10T15:52:15,UPI,success
T0000916,A001297,A000603,25000,2026-07-10T15:57:51,IMPS,success
T0012533,A000300,A000186,359,2026-07-10T15:58:37,IMPS,success
T0010567,A000982,A001178,65000,2026-07-10T16:00:42,IMPS,success
T0007792,A000303,A000689,456,2026-07-10T16:04:47,IMPS,success
T0011787,A000528,A000775,35092,2026-07-10T16:05:07,NEFT,success
T0001798,A000809,A000658,60957,2026-07-10T16:07:36,IMPS,success
T0001822,A000443,A000813,50000,2026-07-10T16:08:35,IMPS,success
T0006739,A001260,A000520,774,2026-07-10T16:14:57,UPI,success
T0008415,A000037,A000367,1842,2026-07-10T16:17:04,IMPS,success
T0012843,A000454,A000703,24875,2026-07-10T16:21:12,IMPS,success
T0007310,A000180,A001284,1648,2026-07-10T16:24:11,NEFT,success
T0000739,A001062,A000710,20191,2026-07-10T16:25:43,IMPS,success
T0008596,A000107,A000383,964,2026-07-10T16:25:47,IMPS,success
T0011838,A000120,A000818,1275,2026-07-10T16:31:29,NEFT,success
T0010038,A000331,A001007,15000,2026-07-10T16:32:21,IMPS,success
T0003822,A000561,A000585,41149,2026-07-10T16:32:57,IMPS,success
T0006546,A000449,A000088,70178,2026-07-10T16:35:25,UPI,success
T0014348,A001022,A000496,789,2026-07-10T16:38:44,IMPS,success
T0005738,A000164,A000896,303,2026-07-10T16:39:02,NEFT,success
T0014606,A000388,A000863,540,2026-07-10T16:44:51,IMPS,success
T0002170,A001072,A001006,134,2026-07-10T16:48:05,NEFT,success
T0008017,A000956,A001375,31868,2026-07-10T16:50:46,IMPS,success
T0012818,A000651,A000082,346,2026-07-10T16:52:24,UPI,success
T0007194,A000647,A001222,874,2026-07-10T16:53:55,UPI,success
T0001691,A000891,A001216,28631,2026-07-10T16:55:18,NEFT,success
T0001516,A000709,A001126,357,2026-07-10T16:56:07,NEFT,success
T0000900,A001129,A000988,3478,2026-07-10T16:57:15,IMPS,success
T0011686,A000333,A001305,1336,2026-07-10T17:00:16,UPI,success
T0000525,A000512,A001142,80000,2026-07-10T17:05:20,IMPS,success
T0006527,A000089,A001138,328,2026-07-10T17:07:27,NEFT,success
T0003808,A000262,A000399,268,2026-07-10T17:10:12,IMPS,success
T0008926,A000516,A001079,521,2026-07-10T17:10:14,IMPS,success
T0000743,A000551,A000942,15000,2026-07-10T17:10:25,IMPS,success
T0008268,A001196,A000108,476,2026-07-10T17:14:59,UPI,success
T0007736,A001104,A001218,581,2026-07-10T17:17:02,NEFT,success
T0002326,A000336,A000674,3081,2026-07-10T17:17:30,NEFT,success
T0013183,A000798,A000942,9541,2026-07-10T17:17:41,IMPS,success
T0005582,A000777,A000621,21171,2026-07-10T17:22:19,IMPS,success
T0006362,A001096,A001065,726,2026-07-10T17:25:51,UPI,success
T0012547,A000526,A000615,12658,2026-07-10T17:25:59,IMPS,success
T0012405,A000756,A000592,592,2026-07-10T17:28:11,UPI,success
T0002738,A000549,A000029,5033,2026-07-10T17:35:50,UPI,failed
T0008835,A000794,A000829,616,2026-07-10T17:36:53,IMPS,success
T0007920,A000017,A000583,57060,2026-07-10T17:38:21,NEFT,success
T0008002,A000108,A000751,15000,2026-07-10T17:50:51,NEFT,success
T0003541,A000244,A000697,35000,2026-07-10T17:55:16,UPI,success
T0013567,A000561,A000276,762,2026-07-10T18:03:35,UPI,success
T0012092,A000948,A000252,503,2026-07-10T18:05:16,UPI,success
T0008213,A000137,A001343,1092,2026-07-10T18:05:19,IMPS,success
T0009211,A000311,A000973,15557,2026-07-10T18:07:44,IMPS,success
T0003756,A000282,A000804,2687,2026-07-10T18:15:45,UPI,success
T0000444,A000169,A000767,186,2026-07-10T18:22:03,IMPS,success
T0003535,A001122,A000778,7493,2026-07-10T18:23:13,IMPS,success
T0007980,A000679,A001018,759,2026-07-10T18:29:44,UPI,success
T0004258,A000134,A001237,651,2026-07-10T18:34:32,IMPS,success
T0003158,A000328,A000502,349,2026-07-10T18:35:37,NEFT,success
T0010617,A000423,A001005,346,2026-07-10T18:41:06,NEFT,success
T0008026,A001363,A000558,65000,2026-07-10T18:42:19,NEFT,success
T0002766,A000332,A001040,2040,2026-07-10T18:44:30,UPI,success
T0005303,A000927,A001224,1542,2026-07-10T18:47:36,UPI,success
T0007375,A000308,A001264,35000,2026-07-10T18:54:28,IMPS,success
T0010351,A000746,A000761,15386,2026-07-10T18:55:01,NEFT,success
T0000619,A001300,A000748,7191,2026-07-10T18:56:25,IMPS,success
T0009970,A000695,A000085,399,2026-07-10T18:58:24,IMPS,success
T0000365,A000979,A001044,1249,2026-07-10T18:59:56,IMPS,success
T0005394,A000399,A000131,19429,2026-07-10T19:00:44,NEFT,success
T0000649,A000783,A000281,456,2026-07-10T19:01:14,IMPS,success
T0005766,A001321,A000396,65000,2026-07-10T19:07:06,IMPS,success
T0013113,A000969,A001115,65000,2026-07-10T19:07:17,NEFT,success
T0010138,A000136,A000686,758,2026-07-10T19:24:33,IMPS,success
T0006628,A000613,A000318,15609,2026-07-10T19:26:19,UPI,success
T0003648,A000428,A001095,449,2026-07-10T19:31:56,NEFT,success
T0013027,A000507,A000094,25000,2026-07-10T19:33:04,IMPS,success
T0004702,A000730,A000735,39884,2026-07-10T19:34:03,IMPS,success
T0001475,A000256,A000519,24635,2026-07-10T19:36:38,UPI,success
T0003493,A000332,A000358,1078,2026-07-10T19:37:36,UPI,success
T0012749,A000056,A000715,150251,2026-07-10T19:40:19,UPI,success
T0008292,A000201,A000244,404,2026-07-10T19:43:53,IMPS,success
T0012257,A000811,A001245,134,2026-07-10T19:45:01,IMPS,success
T0010983,A000876,A000827,716,2026-07-10T19:50:03,UPI,success
T0008804,A000675,A001031,1562,2026-07-10T19:51:38,IMPS,success
T0007365,A001249,A000014,617,2026-07-10T19:52:22,NEFT,success
T0000998,A000884,A000594,695,2026-07-10T19:55:32,NEFT,success
T0000123,A000390,A000588,32711,2026-07-10T19:57:21,NEFT,success
T0006586,A000730,A000735,15000,2026-07-10T20:02:19,UPI,success
T0005271,A000929,A001089,35000,2026-07-10T20:05:45,UPI,success
T0005486,A001367,A000164,459,2026-07-10T20:07:08,IMPS,success
T0007140,A000157,A000536,6161,2026-07-10T20:07:19,IMPS,success
T0013212,A000865,A001064,285,2026-07-10T20:08:39,IMPS,success
T0000085,A001453,A001448,457778,2026-07-10T20:14:58,IMPS,success
T0000219,A000617,A000937,820,2026-07-10T20:16:40,UPI,success
T0005123,A001065,A000396,699,2026-07-10T20:20:07,NEFT,success
T0004858,A000222,A001311,724,2026-07-10T20:23:12,NEFT,success
T0014973,A000515,A001123,2589,2026-07-10T20:25:52,UPI,success
T0002571,A000921,A000040,2082,2026-07-10T20:26:07,NEFT,success
T0003805,A000947,A000186,518,2026-07-10T20:31:36,IMPS,success
T0010711,A000498,A000800,812,2026-07-10T20:34:18,NEFT,success
T0002872,A000541,A000136,813,2026-07-10T20:34:51,IMPS,success
T0003015,A000167,A000826,732,2026-07-10T20:47:51,UPI,success
T0014981,A000056,A000125,27052,2026-07-10T20:49:50,IMPS,success
T0005793,A000947,A000063,553,2026-07-10T20:51:18,NEFT,success
T0005316,A000361,A000999,177,2026-07-10T20:55:13,UPI,success
T0012751,A000093,A001214,517,2026-07-10T20:55:37,NEFT,success
T0002839,A000986,A000019,683,2026-07-10T21:01:29,NEFT,success
T0010650,A000047,A000761,31563,2026-07-10T21:04:58,UPI,success
T0005999,A000647,A000419,3037,2026-07-10T21:05:08,NEFT,success
T0014070,A000656,A000885,722,2026-07-10T21:05:29,NEFT,success
T0009797,A000450,A001252,733,2026-07-10T21:08:49,IMPS,success
T0000904,A000876,A000420,9000,2026-07-10T21:17:18,IMPS,success
T0004503,A000633,A000548,470,2026-07-10T21:18:10,UPI,success
T0010976,A000367,A000310,80000,2026-07-10T21:20:19,NEFT,success
T0001148,A000799,A000612,691,2026-07-10T21:21:04,NEFT,success
T0007517,A000980,A000167,25887,2026-07-10T21:21:23,UPI,success
T0014017,A000279,A001293,8210,2026-07-10T21:30:15,NEFT,success
T0003105,A001191,A000517,959,2026-07-10T21:34:20,NEFT,success
T0007358,A000530,A000215,808,2026-07-10T21:35:52,IMPS,success
T0003141,A000426,A000032,65000,2026-07-10T21:36:53,NEFT,success
T0009288,A001163,A001195,1153,2026-07-10T21:38:58,IMPS,success
T0003168,A001288,A001289,1281,2026-07-10T21:39:10,NEFT,success
T0005713,A000361,A001142,15872,2026-07-10T21:39:17,UPI,success
T0003265,A000193,A001062,1078,2026-07-10T21:45:55,IMPS,success
T0009729,A000878,A001342,466,2026-07-10T21:46:21,IMPS,failed
T0006036,A000417,A000410,25000,2026-07-10T21:48:02,UPI,failed
T0001371,A000115,A000677,1218,2026-07-10T21:48:33,UPI,success
T0011892,A000099,A000746,2628,2026-07-10T21:52:28,UPI,success
T0005148,A000361,A001202,207,2026-07-10T21:57:56,NEFT,success
T0012940,A001057,A000181,879,2026-07-10T21:58:40,UPI,success
T0001469,A000024,A001054,22137,2026-07-10T22:00:12,IMPS,success
T0003918,A001033,A000779,2805,2026-07-10T22:01:13,NEFT,success
T0005216,A000698,A000383,25000,2026-07-10T22:06:05,IMPS,success
T0000401,A000794,A000380,950,2026-07-10T22:11:10,IMPS,success
T0011617,A000829,A000607,1682,2026-07-10T22:18:50,UPI,success
T0000610,A000766,A000016,65000,2026-07-10T22:20:25,UPI,success
T0010593,A000965,A001136,9000,2026-07-10T22:22:07,NEFT,success
T0012007,A000255,A000369,50000,2026-07-10T22:23:05,NEFT,success
T0012986,A000739,A000981,57005,2026-07-10T22:24:59,UPI,success
T0011430,A000438,A000095,80000,2026-07-10T22:29:56,NEFT,success
T0013775,A000440,A001281,926,2026-07-10T22:34:09,NEFT,success
T0000933,A000637,A000787,25424,2026-07-10T22:34:30,UPI,success
T0012470,A000334,A000441,868,2026-07-10T22:38:27,NEFT,success
T0014047,A000378,A001094,525,2026-07-10T22:45:28,IMPS,success
T0013807,A000296,A001272,32956,2026-07-10T22:45:32,IMPS,success
T0006526,A000185,A001342,80000,2026-07-10T22:46:00,NEFT,success
T0012719,A001338,A000452,24113,2026-07-10T22:48:26,UPI,success
T0000256,A001322,A001083,6982,2026-07-10T22:49:18,UPI,success
T0000079,A001470,A001455,64214,2026-07-10T22:50:27,UPI,success
T0000893,A001262,A000484,176,2026-07-10T22:51:44,IMPS,success
T0006168,A000799,A000586,580,2026-07-10T22:51:45,IMPS,success
T0007380,A000970,A000466,1858,2026-07-10T22:51:49,NEFT,success
T0013890,A000640,A000889,675,2026-07-10T22:53:17,UPI,success
T0009230,A000286,A000512,8097,2026-07-10T22:53:49,IMPS,success
T0007496,A000788,A000073,1201,2026-07-10T22:55:15,NEFT,success
T0013272,A001134,A000917,7582,2026-07-10T22:56:16,NEFT,success
T0004854,A001103,A000187,621,2026-07-10T22:58:35,UPI,success
T0011169,A000671,A000080,266,2026-07-10T23:00:00,NEFT,success
T0001882,A000395,A000423,780,2026-07-10T23:02:57,UPI,success
T0004545,A000929,A000935,757,2026-07-10T23:06:23,NEFT,success
T0014698,A000654,A000238,1711,2026-07-10T23:11:06,NEFT,success
T0012065,A001021,A000155,21742,2026-07-10T23:13:39,NEFT,success
T0003798,A000332,A000665,2615,2026-07-10T23:14:32,IMPS,success
T0007957,A001156,A001351,1016,2026-07-10T23:18:09,NEFT,success
T0003762,A000039,A001211,1409,2026-07-10T23:20:58,NEFT,success
T0004522,A001258,A000340,50000,2026-07-10T23:27:45,NEFT,success
T0008753,A000138,A000529,80000,2026-07-10T23:27:56,IMPS,success
T0010778,A000568,A001095,36345,2026-07-10T23:30:35,UPI,success
T0012189,A000217,A000051,173,2026-07-10T23:30:56,IMPS,success
T0005525,A000885,A000486,24424,2026-07-10T23:31:00,UPI,success
T0010228,A000466,A000355,683,2026-07-10T23:31:13,NEFT,success
T0014840,A000820,A000732,25000,2026-07-10T23:35:46,NEFT,success
T0012686,A000051,A000878,799,2026-07-10T23:48:53,UPI,success
T0014576,A000638,A000358,6862,2026-07-10T23:51:21,UPI,success
T0003659,A000838,A000448,3870,2026-07-10T23:52:34,NEFT,success
T0014337,A000584,A000402,53924,2026-07-10T23:52:46,IMPS,success
T0005564,A000645,A001032,665,2026-07-10T23:53:07,IMPS,success
T0000232,A000313,A000888,15000,2026-07-11T00:02:49,IMPS,success
T0010929,A000766,A000098,35000,2026-07-11T00:03:14,IMPS,success
T0009117,A001320,A000507,2189,2026-07-11T00:10:21,NEFT,success
T0012885,A001271,A000294,17012,2026-07-11T00:12:09,UPI,success
T0009123,A000351,A000583,35000,2026-07-11T00:13:39,NEFT,success
T0002469,A001211,A000566,45298,2026-07-11T00:18:11,IMPS,success
T0001639,A000513,A000355,1113,2026-07-11T00:18:29,NEFT,success
T0007565,A001050,A000980,428,2026-07-11T00:23:46,UPI,success
T0007145,A000202,A000451,7793,2026-07-11T00:24:27,IMPS,success
T0005796,A001052,A001116,36529,2026-07-11T00:25:47,NEFT,success
T0007244,A000301,A000952,978,2026-07-11T00:26:21,NEFT,success
T0002781,A000829,A000071,25000,2026-07-11T00:27:29,NEFT,success
T0009443,A000757,A001319,845,2026-07-11T00:34:57,NEFT,success
T0005605,A000053,A000956,16875,2026-07-11T00:38:24,IMPS,success
T0004298,A000122,A000439,42816,2026-07-11T00:44:21,UPI,success
T0014349,A001196,A000320,887,2026-07-11T00:47:03,UPI,success
T0012653,A000178,A000840,80000,2026-07-11T00:48:52,UPI,success
T0008428,A001210,A000761,727,2026-07-11T00:56:05,IMPS,success
T0003302,A000460,A000813,5715,2026-07-11T01:01:23,NEFT,success
T0000922,A001304,A000637,627,2026-07-11T01:05:30,NEFT,success
T0003487,A000808,A001025,479,2026-07-11T01:08:57,NEFT,success
T0009642,A000912,A000591,50000,2026-07-11T01:13:15,IMPS,success
T0013142,A000590,A000074,973,2026-07-11T01:15:15,UPI,success
T0014626,A000500,A001060,818,2026-07-11T01:21:57,UPI,success
T0008509,A000804,A000473,80000,2026-07-11T01:23:49,IMPS,success
T0014306,A000201,A000570,364,2026-07-11T01:23:52,IMPS,success
T0011235,A000091,A000124,3044,2026-07-11T01:24:46,NEFT,success
T0013594,A000522,A000482,40238,2026-07-11T01:26:16,UPI,success
T0009251,A000408,A000943,3248,2026-07-11T01:27:10,IMPS,success
T0014114,A000423,A001371,460,2026-07-11T01:27:50,UPI,success
T0006324,A000130,A000694,507,2026-07-11T01:33:19,NEFT,success
T0008623,A000619,A001121,491,2026-07-11T01:40:38,IMPS,success
T0013517,A000628,A000377,29229,2026-07-11T01:41:28,NEFT,success
T0013582,A000883,A000550,2466,2026-07-11T01:42:51,IMPS,success
T0001006,A000945,A000671,52323,2026-07-11T01:43:06,IMPS,success
T0003905,A000418,A000723,458,2026-07-11T01:44:12,IMPS,success
T0013788,A000958,A000491,2808,2026-07-11T01:46:36,IMPS,success
T0001457,A000661,A000330,945,2026-07-11T01:50:51,IMPS,success
T0012616,A000737,A001362,39541,2026-07-11T01:52:15,NEFT,success
T0014227,A000062,A000086,351,2026-07-11T01:52:54,UPI,success
T0002927,A000248,A000845,2541,2026-07-11T01:53:21,UPI,success
T0006206,A000740,A000335,1363,2026-07-11T01:55:38,IMPS,success
T0010492,A000255,A000186,8560,2026-07-11T01:55:38,IMPS,success
T0014506,A000495,A000026,463,2026-07-11T02:01:41,NEFT,success
T0001451,A000728,A001323,357,2026-07-11T02:04:11,NEFT,success
T0009314,A001348,A001067,15517,2026-07-11T02:08:32,IMPS,success
T0013497,A000053,A000273,18984,2026-07-11T02:12:55,NEFT,success
T0006029,A000567,A001155,379,2026-07-11T02:19:20,NEFT,success
T0003269,A000496,A000207,126,2026-07-11T02:22:06,NEFT,success
T0013119,A000640,A000168,65000,2026-07-11T02:25:25,UPI,success
T0013138,A000523,A000547,120,2026-07-11T02:29:16,IMPS,success
T0005714,A000297,A000784,3261,2026-07-11T02:30:36,UPI,success
T0000906,A000691,A000769,328,2026-07-11T02:35:04,NEFT,success
T0009054,A000420,A001305,1197,2026-07-11T02:37:56,UPI,success
T0005399,A001204,A001092,857,2026-07-11T02:38:09,IMPS,success
T0010855,A001303,A001298,2752,2026-07-11T02:39:34,IMPS,success
T0002251,A000830,A000810,105,2026-07-11T02:40:11,UPI,success
T0003866,A001130,A000728,115,2026-07-11T02:43:53,IMPS,success
T0009528,A000151,A000923,1369,2026-07-11T02:44:41,UPI,success
T0007906,A001129,A000802,781,2026-07-11T02:44:46,UPI,success
T0009978,A000140,A000655,229,2026-07-11T02:45:15,IMPS,success
T0003381,A000553,A000588,41430,2026-07-11T02:46:07,IMPS,failed
T0004456,A000170,A001228,582,2026-07-11T02:48:24,UPI,success
T0000222,A000087,A000576,33857,2026-07-11T02:49:37,IMPS,success
T0013780,A000488,A000534,1640,2026-07-11T02:50:15,NEFT,success
T0006644,A000191,A001153,253,2026-07-11T02:59:02,UPI,success
T0012793,A000484,A000499,1023,2026-07-11T02:59:38,NEFT,success
T0005640,A000819,A000043,35000,2026-07-11T03:00:29,NEFT,success
T0000216,A000994,A000237,35000,2026-07-11T03:02:21,IMPS,success
T0003544,A000776,A000051,18307,2026-07-11T03:02:21,NEFT,success
T0002829,A000883,A001289,1167,2026-07-11T03:06:31,UPI,success
T0008023,A000480,A000243,1513,2026-07-11T03:06:57,UPI,success
T0000549,A000924,A001370,20222,2026-07-11T03:08:11,UPI,success
T0007029,A000737,A000933,1216,2026-07-11T03:08:14,NEFT,success
T0007875,A000585,A000029,499,2026-07-11T03:11:50,NEFT,success
T0002270,A001020,A001328,73157,2026-07-11T03:15:36,IMPS,success
T0013548,A000771,A000294,97,2026-07-11T03:18:06,UPI,success
T0013510,A000206,A000852,625,2026-07-11T03:23:30,UPI,success
T0006380,A001355,A001007,683,2026-07-11T03:24:52,IMPS,success
T0006787,A000022,A000789,1484,2026-07-11T03:30:48,UPI,success
T0005100,A000654,A000597,1328,2026-07-11T03:34:04,UPI,success
T0010698,A000977,A000231,153,2026-07-11T03:35:31,NEFT,success
T0012432,A000153,A000699,644,2026-07-11T03:36:40,IMPS,success
T0001421,A000610,A001024,50000,2026-07-11T03:39:39,UPI,success
T0004685,A000986,A001349,14141,2026-07-11T03:46:38,UPI,success
T0006180,A000178,A000019,14471,2026-07-11T03:48:35,UPI,success
T0004877,A000354,A000610,957,2026-07-11T03:55:25,NEFT,success
T0008573,A000720,A000884,1538,2026-07-11T03:55:36,IMPS,success
T0014213,A000675,A000424,15000,2026-07-11T03:57:35,NEFT,success
T0012871,A000262,A000753,7243,2026-07-11T04:02:56,NEFT,success
T0001412,A000108,A000603,67297,2026-07-11T04:07:18,IMPS,success
T0008585,A000934,A000369,27814,2026-07-11T04:09:01,NEFT,success
T0002093,A001077,A000407,1163,2026-07-11T04:09:24,IMPS,success
T0007238,A001144,A000643,326,2026-07-11T04:15:06,UPI,success
T0013340,A000920,A000359,434,2026-07-11T04:17:15,UPI,success
T0007261,A000145,A000929,214,2026-07-11T04:20:00,IMPS,success
T0009852,A001068,A000455,47562,2026-07-11T04:28:52,UPI,success
T0006241,A001131,A000136,41578,2026-07-11T04:34:56,UPI,success
T0014388,A000506,A001065,55137,2026-07-11T04:38:12,UPI,success
T0011232,A001239,A000175,5199,2026-07-11T04:39:00,UPI,success
T0013316,A000983,A000419,744,2026-07-11T04:40:00,NEFT,success
T0001840,A000741,A000371,212,2026-07-11T04:42:01,NEFT,success
T0004351,A000177,A000253,349,2026-07-11T04:42:04,UPI,success
T0009458,A001288,A001325,14597,2026-07-11T04:47:25,NEFT,success
T0002406,A000489,A000282,917,2026-07-11T04:49:46,UPI,success
T0011981,A001250,A000479,546,2026-07-11T04:50:15,UPI,success
T0014429,A000161,A001279,21726,2026-07-11T04:54:36,UPI,success
T0000711,A000704,A000985,5401,2026-07-11T04:57:58,UPI,success
T0008863,A001157,A000934,16026,2026-07-11T05:06:57,UPI,success
T0004049,A000166,A000475,503,2026-07-11T05:07:02,UPI,success
T0002992,A000829,A000356,8404,2026-07-11T05:15:53,NEFT,success
T0004344,A001238,A001260,2760,2026-07-11T05:20:51,IMPS,success
T0006633,A000529,A000457,1089,2026-07-11T05:22:01,UPI,success
T0010161,A000262,A000378,2074,2026-07-11T05:22:04,IMPS,success
T0013137,A000243,A000789,820,2026-07-11T05:24:24,IMPS,success
T0011527,A000858,A001375,271,2026-07-11T05:25:38,NEFT,success
T0014061,A000109,A000456,1373,2026-07-11T05:27:21,IMPS,success
T0004220,A000068,A000486,33940,2026-07-11T05:27:48,UPI,success
T0000116,A001484,A001476,394772,2026-07-11T05:30:38,IMPS,success
T0001618,A001118,A000901,11860,2026-07-11T05:32:09,UPI,success
T0008081,A000587,A001369,11001,2026-07-11T05:41:02,UPI,success
T0001520,A000883,A000461,2035,2026-07-11T05:44:30,UPI,success
T0002042,A001041,A000188,3102,2026-07-11T05:44:38,NEFT,success
T0006548,A000218,A000522,1124,2026-07-11T05:46:37,NEFT,success
T0008712,A000566,A001249,2958,2026-07-11T05:48:30,NEFT,success
T0006664,A000531,A000397,513,2026-07-11T05:51:03,IMPS,success
T0014043,A000799,A000195,35000,2026-07-11T05:55:13,NEFT,success
T0010096,A000279,A001011,80000,2026-07-11T05:57:03,NEFT,success
T0003749,A000453,A000950,50000,2026-07-11T05:57:16,NEFT,success
T0008833,A000287,A000905,320,2026-07-11T05:57:19,IMPS,success
T0005872,A001035,A000711,36992,2026-07-11T06:06:47,NEFT,success
T0007298,A001328,A001358,532,2026-07-11T06:07:16,IMPS,success
T0003400,A000335,A000524,187,2026-07-11T06:07:24,UPI,success
T0012948,A000383,A001316,412,2026-07-11T06:07:52,IMPS,success
T0003502,A001185,A000096,725,2026-07-11T06:09:50,UPI,success
T0001672,A001151,A000430,3277,2026-07-11T06:11:25,NEFT,success
T0014134,A000738,A000951,10205,2026-07-11T06:11:30,NEFT,success
T0012329,A001142,A000589,589,2026-07-11T06:13:06,IMPS,success
T0002977,A000997,A000289,1684,2026-07-11T06:15:10,IMPS,success
T0012500,A001221,A001193,185,2026-07-11T06:19:37,IMPS,success
T0002428,A000448,A000915,9178,2026-07-11T06:27:18,IMPS,success
T0007813,A000549,A001198,14608,2026-07-11T06:34:04,UPI,success
T0010388,A000614,A000411,410,2026-07-11T06:34:22,UPI,success
T0000548,A000369,A001203,11135,2026-07-11T06:37:53,UPI,success
T0000073,A001464,A001454,173827,2026-07-11T06:38:04,UPI,success
T0003441,A001235,A000441,238,2026-07-11T06:43:15,UPI,failed
T0006688,A000001,A001150,80000,2026-07-11T06:47:37,NEFT,success
T0001485,A000080,A001130,37542,2026-07-11T06:48:32,NEFT,success
T0014693,A000229,A000950,1436,2026-07-11T06:52:02,UPI,success
T0002638,A000117,A000048,10947,2026-07-11T06:53:36,IMPS,success
T0008762,A000694,A000321,1199,2026-07-11T06:57:41,IMPS,success
T0002756,A000827,A001301,15000,2026-07-11T06:59:54,UPI,success
T0005096,A000728,A001107,480,2026-07-11T07:01:26,IMPS,success
T0005712,A000581,A000316,767,2026-07-11T07:02:39,NEFT,success
T0003043,A000906,A000695,776,2026-07-11T07:03:40,IMPS,success
T0005751,A000757,A001052,1945,2026-07-11T07:09:58,NEFT,failed
T0001632,A000149,A000854,11000,2026-07-11T07:12:42,NEFT,success
T0001874,A000710,A000955,2198,2026-07-11T07:13:37,UPI,success
T0013400,A001375,A000050,21532,2026-07-11T07:17:12,NEFT,success
T0012589,A001178,A000483,1570,2026-07-11T07:19:29,IMPS,success
T0007561,A001205,A000247,838,2026-07-11T07:23:05,NEFT,success
T0011540,A001271,A000260,49542,2026-07-11T07:23:34,NEFT,success
T0014486,A000189,A000279,205,2026-07-11T07:32:44,UPI,success
T0011531,A001074,A000211,35000,2026-07-11T07:33:13,IMPS,success
T0001975,A000893,A000999,808,2026-07-11T07:33:27,IMPS,success
T0005449,A001252,A001321,43718,2026-07-11T07:35:48,IMPS,success
T0002200,A000060,A000082,77146,2026-07-11T07:36:39,UPI,success
T0007427,A000227,A000551,80000,2026-07-11T07:39:08,UPI,success
T0002791,A000112,A001304,38672,2026-07-11T07:39:22,IMPS,success
T0010831,A000203,A000940,25000,2026-07-11T07:40:28,IMPS,success
T0011318,A000298,A000205,550,2026-07-11T07:40:38,IMPS,success
T0012559,A000297,A001161,17974,2026-07-11T07:43:26,NEFT,success
T0003715,A001164,A000322,446,2026-07-11T07:43:50,IMPS,success
T0008326,A000138,A000752,442,2026-07-11T07:46:09,NEFT,success
T0004440,A000638,A000073,681,2026-07-11T07:54:36,UPI,success
T0013553,A000757,A000560,50000,2026-07-11T07:55:12,UPI,success
T0008886,A000776,A000691,2740,2026-07-11T07:58:15,NEFT,success
T0010521,A001229,A000123,29001,2026-07-11T07:59:03,IMPS,success
T0007082,A000481,A000450,1571,2026-07-11T08:03:24,UPI,success
T0012453,A001368,A000480,7897,2026-07-11T08:07:33,NEFT,success
T0004640,A000606,A000814,3257,2026-07-11T08:13:55,NEFT,success
T0005105,A001046,A000201,1175,2026-07-11T08:16:37,IMPS,success
T0002443,A000567,A000919,2285,2026-07-11T08:20:07,IMPS,success
T0011959,A000947,A000240,17651,2026-07-11T08:21:03,IMPS,success
T0009604,A000133,A000192,46464,2026-07-11T08:22:39,IMPS,success
T0006008,A000786,A001263,50000,2026-07-11T08:24:31,UPI,success
T0008530,A000697,A000015,930,2026-07-11T08:29:53,NEFT,success
T0002013,A000111,A001270,468,2026-07-11T08:33:15,UPI,success
T0014906,A000083,A000364,15000,2026-07-11T08:36:43,IMPS,success
T0012882,A000365,A000006,311,2026-07-11T08:37:21,NEFT,success
T0008406,A000917,A001307,1565,2026-07-11T08:38:23,IMPS,success
T0012518,A000948,A000794,1567,2026-07-11T08:40:58,IMPS,failed
T0006509,A000566,A000191,293,2026-07-11T08:41:50,IMPS,success
T0013918,A000444,A000334,65000,2026-07-11T08:42:49,UPI,failed
T0000108,A001499,A001484,87613,2026-07-11T08:53:38,UPI,success
T0006766,A000702,A000996,1469,2026-07-11T08:59:30,IMPS,success
T0007783,A001041,A000892,2432,2026-07-11T08:59:48,UPI,success
T0002681,A000976,A000433,441,2026-07-11T08:59:53,IMPS,success
T0013421,A001126,A000724,2354,2026-07-11T09:00:39,UPI,success
T0009205,A000166,A000665,57464,2026-07-11T09:04:07,UPI,success
T0011275,A000676,A000819,16742,2026-07-11T09:05:05,IMPS,success
T0003389,A000474,A000916,2473,2026-07-11T09:06:11,NEFT,success
T0004950,A000680,A000262,2216,2026-07-11T09:07:18,UPI,success
T0003184,A000325,A000124,296,2026-07-11T09:10:41,NEFT,success
T0003272,A000656,A000624,29193,2026-07-11T09:12:44,UPI,success
T0005480,A000931,A000934,721,2026-07-11T09:14:05,UPI,success
T0014058,A000757,A000341,929,2026-07-11T09:16:00,NEFT,success
T0014353,A000858,A000511,25000,2026-07-11T09:16:45,NEFT,success
T0004057,A001166,A000187,399,2026-07-11T09:17:54,NEFT,success
T0009186,A000690,A000656,35000,2026-07-11T09:19:10,NEFT,success
T0003582,A000471,A000423,778,2026-07-11T09:22:10,IMPS,success
T0014468,A000994,A000437,18302,2026-07-11T09:22:33,IMPS,success
T0001815,A000679,A001366,1154,2026-07-11T09:30:41,IMPS,success
T0013278,A000247,A000730,612,2026-07-11T09:30:44,UPI,success
T0007167,A001243,A000716,1702,2026-07-11T09:31:45,UPI,success
T0014033,A000292,A000500,617,2026-07-11T09:33:26,IMPS,success
T0001997,A000968,A000864,1587,2026-07-11T09:38:36,NEFT,success
T0006483,A000008,A001019,80000,2026-07-11T09:41:35,UPI,success
T0005255,A001013,A000643,17723,2026-07-11T09:41:50,UPI,success
T0006605,A000725,A000215,10957,2026-07-11T09:42:02,UPI,success
T0001225,A000971,A000500,1501,2026-07-11T09:42:53,UPI,success
T0010210,A000487,A000229,9000,2026-07-11T09:46:12,UPI,success
T0004479,A001083,A000780,80881,2026-07-11T09:48:06,IMPS,success
T0008537,A001009,A000444,528,2026-07-11T09:48:33,NEFT,success
T0007614,A000459,A001194,808,2026-07-11T09:48:46,NEFT,success
T0012354,A001106,A000854,803,2026-07-11T09:50:42,NEFT,success
T0013533,A001307,A000106,39988,2026-07-11T09:54:16,UPI,success
T0001325,A001286,A000008,1297,2026-07-11T09:54:46,UPI,success
T0009248,A001350,A000456,126,2026-07-11T09:55:20,UPI,success
T0013919,A001201,A001266,2096,2026-07-11T09:56:16,IMPS,success
T0004403,A000047,A000667,25000,2026-07-11T09:59:39,UPI,success
T0005756,A000024,A000868,394,2026-07-11T10:01:02,UPI,success
T0008646,A000558,A001128,35439,2026-07-11T10:07:02,UPI,success
T0011554,A000920,A000287,1621,2026-07-11T10:08:34,IMPS,success
T0003521,A000320,A001147,858,2026-07-11T10:11:43,NEFT,success
T0007083,A000130,A000206,259,2026-07-11T10:11:58,UPI,success
T0014437,A000724,A001243,36996,2026-07-11T10:13:50,IMPS,success
T0000086,A001454,A001453,434883,2026-07-11T10:14:58,IMPS,success
T0002148,A000757,A000890,1771,2026-07-11T10:19:34,NEFT,success
T0014293,A000889,A000074,27229,2026-07-11T10:19:38,NEFT,success
T0001109,A000404,A001339,504,2026-07-11T10:25:21,IMPS,success
T0008589,A000912,A001149,43174,2026-07-11T10:27:00,IMPS,success
T0009298,A001298,A000683,400,2026-07-11T10:28:55,UPI,success
T0010053,A000558,A001277,185,2026-07-11T10:29:50,IMPS,success
T0006667,A000126,A000690,632,2026-07-11T10:33:33,IMPS,success
T0006443,A001250,A000839,766,2026-07-11T10:40:14,IMPS,success
T0013447,A000046,A000438,50000,2026-07-11T10:53:08,NEFT,success
T0011746,A000643,A000403,1064,2026-07-11T10:54:42,NEFT,success
T0008996,A000039,A001283,734,2026-07-11T10:55:19,IMPS,success
T0013566,A000313,A000331,2819,2026-07-11T10:55:58,UPI,success
T0012600,A001347,A000238,25000,2026-07-11T10:57:59,IMPS,success
T0007874,A000238,A000373,25000,2026-07-11T10:58:04,NEFT,success
T0010782,A001271,A000163,892,2026-07-11T10:58:37,IMPS,success
T0000314,A000362,A000901,1407,2026-07-11T11:00:34,NEFT,success
T0009594,A001293,A000687,457,2026-07-11T11:00:57,IMPS,success
T0001770,A000422,A000301,624,2026-07-11T11:02:25,IMPS,success
T0014020,A001309,A000398,342,2026-07-11T11:08:47,UPI,success
T0009560,A000529,A001277,293,2026-07-11T11:08:53,UPI,success
T0000140,A001159,A000837,514,2026-07-11T11:13:53,NEFT,success
T0014546,A001049,A001136,459,2026-07-11T11:14:53,NEFT,success
T0006300,A000911,A000107,430,2026-07-11T11:15:43,UPI,success
T0006441,A000111,A001325,298,2026-07-11T11:16:36,IMPS,success
T0011948,A000434,A001218,12382,2026-07-11T11:16:52,NEFT,success
T0009781,A001081,A000375,107,2026-07-11T11:18:53,UPI,success
T0000618,A000504,A000546,50000,2026-07-11T11:20:36,UPI,success
T0007373,A001273,A000647,375,2026-07-11T11:21:25,NEFT,success
T0001212,A000753,A001355,1080,2026-07-11T11:23:03,UPI,success
T0003300,A001083,A001375,24714,2026-07-11T11:24:31,NEFT,success
T0009423,A000150,A000303,22357,2026-07-11T11:25:24,NEFT,success
T0007213,A000144,A000943,50000,2026-07-11T11:25:58,NEFT,success
T0011723,A000259,A000749,786,2026-07-11T11:27:04,IMPS,success
T0010464,A000961,A001184,1924,2026-07-11T11:27:55,UPI,success
T0012912,A001100,A000804,757,2026-07-11T11:31:50,IMPS,success
T0004061,A000287,A000445,1279,2026-07-11T11:34:22,UPI,success
T0006009,A000371,A001133,1241,2026-07-11T11:34:40,UPI,success
T0006314,A000728,A000972,463,2026-07-11T11:37:48,UPI,success
T0005910,A001155,A000511,1579,2026-07-11T11:46:25,UPI,success
T0002077,A001055,A000553,1825,2026-07-11T11:50:30,UPI,success
T0009593,A000493,A000141,873,2026-07-11T11:56:08,UPI,success
T0013822,A000602,A000722,17335,2026-07-11T11:56:33,UPI,success
T0013518,A001283,A000649,2197,2026-07-11T11:56:56,NEFT,success
T0001501,A000950,A000643,190,2026-07-11T12:02:52,IMPS,success
T0003303,A000080,A001266,5039,2026-07-11T12:03:08,IMPS,success
T0005289,A001320,A000755,50000,2026-07-11T12:07:29,NEFT,success
T0003371,A001048,A000126,85599,2026-07-11T12:09:04,NEFT,success
T0009624,A001337,A000482,519,2026-07-11T12:09:14,NEFT,success
T0011078,A000584,A000176,625,2026-07-11T12:13:58,NEFT,success
T0007914,A000055,A001103,1287,2026-07-11T12:14:14,NEFT,success
T0003237,A000144,A000883,979,2026-07-11T12:14:47,IMPS,success
T0013322,A000974,A000115,633,2026-07-11T12:15:48,NEFT,success
T0001129,A000013,A001204,309,2026-07-11T12:17:04,IMPS,success
T0006765,A001251,A001115,43856,2026-07-11T12:21:42,UPI,success
T0009975,A001024,A000701,19960,2026-07-11T12:24:53,UPI,success
T0014658,A000114,A000153,1832,2026-07-11T12:29:51,IMPS,success
T0003059,A001292,A001003,1400,2026-07-11T12:31:28,UPI,success
T0000980,A001362,A000204,65000,2026-07-11T12:33:57,IMPS,success
T0001047,A001224,A000179,80000,2026-07-11T12:34:01,IMPS,success
T0013128,A001317,A001354,65000,2026-07-11T12:35:13,UPI,success
T0000760,A001344,A000270,82000,2026-07-11T12:35:23,NEFT,success
T0007117,A000385,A000970,610,2026-07-11T12:37:08,UPI,success
T0011083,A000792,A001011,179,2026-07-11T12:40:11,NEFT,success
T0013092,A000311,A000353,3527,2026-07-11T12:43:40,UPI,success
T0007840,A000016,A000126,1747,2026-07-11T12:45:47,UPI,success
T0011775,A000079,A001270,44475,2026-07-11T12:46:01,NEFT,success
T0003372,A000857,A000623,1925,2026-07-11T12:46:41,IMPS,success
T0012897,A000850,A001051,820,2026-07-11T12:48:52,UPI,success
T0009257,A000251,A000694,27938,2026-07-11T12:49:11,IMPS,success
T0010541,A000925,A001059,2272,2026-07-11T12:50:56,NEFT,success
T0002873,A001140,A000238,188,2026-07-11T12:51:41,UPI,success
T0013216,A001351,A000145,24404,2026-07-11T13:02:16,NEFT,success
T0012933,A001196,A001206,582,2026-07-11T13:02:48,NEFT,success
T0011120,A000322,A000893,28311,2026-07-11T13:03:10,UPI,success
T0005282,A000081,A000237,377,2026-07-11T13:05:09,IMPS,success
T0009635,A001185,A000982,11744,2026-07-11T13:15:06,UPI,success
T0012264,A000265,A000455,1010,2026-07-11T13:17:27,IMPS,success
T0010352,A000906,A000720,674,2026-07-11T13:19:15,UPI,success
T0006828,A001204,A000013,15000,2026-07-11T13:19:44,UPI,success
T0009409,A001080,A001135,382,2026-07-11T13:20:25,IMPS,success
T0008738,A000624,A000966,64365,2026-07-11T13:23:21,UPI,success
T0007294,A000074,A001192,80000,2026-07-11T13:24:56,UPI,success
T0009036,A000857,A001123,717,2026-07-11T13:27:39,UPI,success
T0011096,A000498,A000963,770,2026-07-11T13:29:00,IMPS,success
T0012750,A001207,A000064,878,2026-07-11T13:29:23,NEFT,success
T0000117,A001485,A001476,362688,2026-07-11T13:30:38,IMPS,success
T0011190,A000830,A000580,5000,2026-07-11T13:30:55,IMPS,success
T0002885,A000141,A000631,893,2026-07-11T13:31:01,NEFT,success
T0000266,A000473,A001019,393,2026-07-11T13:31:38,IMPS,success
T0009087,A000836,A001053,253,2026-07-11T13:33:16,NEFT,success
T0014617,A001162,A000366,35000,2026-07-11T13:33:46,NEFT,success
T0014936,A000625,A000452,665,2026-07-11T13:36:13,IMPS,success
T0011696,A000363,A000537,215,2026-07-11T13:40:34,UPI,success
T0010859,A000501,A001113,907,2026-07-11T13:41:30,UPI,failed
T0003732,A000262,A000150,9000,2026-07-11T13:42:50,IMPS,success
T0014591,A001078,A001221,2027,2026-07-11T13:42:57,IMPS,success
T0014899,A001225,A000125,15964,2026-07-11T13:47:44,NEFT,success
T0006424,A001066,A000632,1425,2026-07-11T13:54:18,UPI,success
T0011637,A001116,A000898,66230,2026-07-11T13:54:32,NEFT,success
T0005880,A000546,A000717,6489,2026-07-11T13:55:27,IMPS,success
T0005700,A001077,A000263,35000,2026-07-11T13:55:58,UPI,success
T0013436,A001136,A000232,331,2026-07-11T13:58:04,IMPS,success
T0001343,A001040,A000597,543,2026-07-11T13:58:10,UPI,success
T0000778,A001214,A000165,1358,2026-07-11T13:58:17,IMPS,success
T0008810,A000336,A000353,580,2026-07-11T14:02:43,IMPS,success
T0013916,A001364,A000030,5000,2026-07-11T14:03:00,IMPS,success
T0013776,A000488,A000774,54440,2026-07-11T14:03:17,UPI,success
T0007636,A000737,A000772,65000,2026-07-11T14:04:15,UPI,success
T0002941,A000859,A000262,1530,2026-07-11T14:09:39,NEFT,success
T0004048,A001008,A000757,356,2026-07-11T14:11:52,IMPS,success
T0002684,A001180,A000359,486,2026-07-11T14:15:59,UPI,success
T0003643,A001003,A000055,2328,2026-07-11T14:18:54,UPI,success
T0011274,A000194,A000856,50000,2026-07-11T14:19:28,IMPS,success
T0009893,A000358,A000716,1240,2026-07-11T14:21:06,IMPS,success
T0001640,A001282,A000853,21983,2026-07-11T14:21:56,UPI,success
T0004816,A000571,A001290,2024,2026-07-11T14:22:57,IMPS,success
T0006798,A000788,A000693,436,2026-07-11T14:24:04,UPI,success
T0012279,A000316,A001003,624,2026-07-11T14:25:49,IMPS,success
T0014360,A000059,A001155,80226,2026-07-11T14:28:52,IMPS,success
T0013045,A001356,A000546,101321,2026-07-11T14:29:42,UPI,success
T0000113,A001481,A001476,148361,2026-07-11T14:30:38,IMPS,success
T0004797,A000314,A001101,310,2026-07-11T14:30:56,UPI,success
T0002007,A000797,A001142,21206,2026-07-11T14:31:37,UPI,success
T0014202,A001335,A001152,36277,2026-07-11T14:32:55,IMPS,success
T0010363,A000225,A000851,14661,2026-07-11T14:34:38,UPI,success
T0000908,A000534,A000275,674,2026-07-11T14:35:43,NEFT,success
T0010627,A000434,A001215,2834,2026-07-11T14:39:56,IMPS,success
T0009452,A000915,A001330,839,2026-07-11T14:42:50,NEFT,success
T0002410,A000436,A000753,110,2026-07-11T14:47:03,NEFT,success
T0013645,A000774,A000991,1512,2026-07-11T14:47:54,NEFT,success
T0008985,A001045,A001267,10006,2026-07-11T14:50:34,NEFT,success
T0014500,A001250,A000811,15000,2026-07-11T14:50:57,NEFT,success
T0012579,A000468,A000404,431,2026-07-11T14:58:59,NEFT,success
T0000912,A000155,A000112,35773,2026-07-11T15:04:14,IMPS,success
T0012786,A000966,A000833,962,2026-07-11T15:12:50,UPI,success
T0004038,A000774,A000572,25000,2026-07-11T15:16:23,IMPS,success
T0004139,A000713,A000114,905,2026-07-11T15:16:28,NEFT,success
T0012541,A000146,A000542,4689,2026-07-11T15:16:46,IMPS,success
T0013062,A000862,A000412,558,2026-07-11T15:17:02,UPI,success
T0002328,A001011,A001103,440,2026-07-11T15:21:01,NEFT,success
T0001880,A000867,A001191,1244,2026-07-11T15:22:10,NEFT,success
T0009091,A000095,A000322,35000,2026-07-11T15:23:17,NEFT,success
T0014040,A000593,A000478,966,2026-07-11T15:29:13,UPI,success
T0007965,A000146,A000026,25000,2026-07-11T15:29:40,NEFT,success
T0007935,A000073,A000786,80000,2026-07-11T15:32:14,IMPS,success
T0006377,A001156,A001097,1063,2026-07-11T15:32:35,IMPS,success
T0011310,A000384,A000608,560,2026-07-11T15:32:58,IMPS,success
T0014162,A001074,A000144,9900,2026-07-11T15:35:40,UPI,success
T0008757,A001117,A001149,317,2026-07-11T15:37:30,NEFT,success
T0002698,A001124,A001003,500,2026-07-11T15:41:50,IMPS,success
T0013732,A000342,A001336,112113,2026-07-11T15:42:10,UPI,success
T0007305,A000691,A001113,1212,2026-07-11T15:42:47,UPI,success
T0000417,A000433,A000260,627,2026-07-11T15:46:25,UPI,success
T0002461,A000508,A000981,521,2026-07-11T15:49:47,UPI,success
T0014312,A000353,A000020,1339,2026-07-11T15:56:23,UPI,success
T0008915,A000309,A001149,139,2026-07-11T15:57:24,UPI,success
T0011164,A000050,A001292,23253,2026-07-11T15:59:27,UPI,success
T0005646,A000578,A000662,236,2026-07-11T16:01:21,IMPS,success
T0008802,A000945,A001063,1220,2026-07-11T16:01:33,UPI,success
T0001657,A000152,A001111,14629,2026-07-11T16:07:35,IMPS,success
T0006706,A000535,A000217,25000,2026-07-11T16:07:42,IMPS,success
T0008166,A000770,A000370,601,2026-07-11T16:08:44,IMPS,success
T0008349,A000972,A000538,43179,2026-07-11T16:10:32,NEFT,success
T0006692,A000813,A000875,793,2026-07-11T16:12:18,NEFT,success
T0001726,A001083,A000324,796,2026-07-11T16:13:41,UPI,success
T0010878,A000602,A000710,1280,2026-07-11T16:14:17,IMPS,success
T0004843,A000607,A001030,147,2026-07-11T16:18:28,NEFT,success
T0000396,A000537,A000909,1111,2026-07-11T16:22:56,NEFT,success
T0008201,A001355,A000307,510,2026-07-11T16:25:54,NEFT,success
T0014657,A000734,A000030,209,2026-07-11T16:27:02,NEFT,success
T0006868,A000949,A000721,15000,2026-07-11T16:34:46,NEFT,success
T0006318,A000268,A000753,618,2026-07-11T16:39:02,IMPS,success
T0014572,A000205,A000644,514,2026-07-11T16:40:46,NEFT,success
T0004331,A000478,A001118,639,2026-07-11T16:42:10,UPI,success
T0007130,A001063,A000482,680,2026-07-11T16:42:11,NEFT,success
T0008582,A001333,A000755,272,2026-07-11T16:43:35,NEFT,success
T0000781,A000870,A000511,1233,2026-07-11T16:52:33,IMPS,success
T0011902,A000467,A001255,91,2026-07-11T16:56:19,NEFT,success
T0008231,A000282,A000748,80000,2026-07-11T17:00:31,NEFT,success
T0009570,A000340,A001187,413,2026-07-11T17:02:32,IMPS,success
T0011111,A000513,A000925,1142,2026-07-11T17:03:01,IMPS,success
T0003980,A000652,A001220,608,2026-07-11T17:03:53,NEFT,success
T0004256,A001186,A000265,20554,2026-07-11T17:13:52,UPI,success
T0002600,A000479,A000382,16349,2026-07-11T17:18:46,IMPS,success
T0010820,A000283,A000324,662,2026-07-11T17:18:57,UPI,success
T0004763,A000584,A001091,463,2026-07-11T17:19:48,UPI,success
T0001523,A000498,A001040,561,2026-07-11T17:21:04,NEFT,success
T0002773,A000214,A000945,1374,2026-07-11T17:22:36,IMPS,success
T0004940,A001320,A000575,824,2026-07-11T17:26:47,NEFT,success
T0004878,A001085,A000181,578,2026-07-11T17:27:48,UPI,success
T0009459,A000670,A000722,49289,2026-07-11T17:28:28,UPI,success
T0000114,A001482,A001481,181505,2026-07-11T17:30:38,IMPS,success
T0014178,A000505,A000246,124,2026-07-11T17:32:09,IMPS,success
T0008053,A000352,A000969,477,2026-07-11T17:35:32,IMPS,success
T0011244,A000074,A000268,200000,2026-07-11T17:37:22,NEFT,success
T0003284,A000164,A001136,1290,2026-07-11T17:37:45,NEFT,success
T0002368,A000706,A000509,1179,2026-07-11T17:38:27,NEFT,success
T0002718,A000942,A000347,2504,2026-07-11T17:39:29,IMPS,success
T0006643,A000774,A001198,50000,2026-07-11T17:40:29,UPI,success
T0000249,A001072,A000083,15000,2026-07-11T17:50:45,NEFT,failed
T0006728,A000825,A000390,18528,2026-07-11T17:53:10,NEFT,success
T0005607,A000032,A000957,2211,2026-07-11T18:00:38,UPI,success
T0013030,A001136,A000338,6331,2026-07-11T18:02:14,NEFT,success
T0000221,A000785,A000589,3794,2026-07-11T18:03:33,UPI,success
T0004474,A000853,A000905,65000,2026-07-11T18:05:49,IMPS,success
T0013072,A001312,A001255,594,2026-07-11T18:09:23,UPI,success
T0001227,A001162,A000317,262,2026-07-11T18:16:30,IMPS,success
T0004434,A001008,A000347,65000,2026-07-11T18:18:29,NEFT,success
T0011071,A000328,A000889,47078,2026-07-11T18:19:55,UPI,failed
T0002218,A000450,A000400,357,2026-07-11T18:20:39,UPI,success
T0012477,A000156,A000970,766,2026-07-11T18:27:17,IMPS,success
T0002169,A000601,A000225,3997,2026-07-11T18:27:57,IMPS,success
T0000161,A000365,A000210,80000,2026-07-11T18:33:54,IMPS,success
T0013920,A000433,A000988,2066,2026-07-11T18:34:39,NEFT,success
T0007095,A000845,A000783,39973,2026-07-11T18:36:13,IMPS,success
T0013017,A000926,A000059,15000,2026-07-11T18:36:19,IMPS,success
T0001293,A001316,A000873,430,2026-07-11T18:37:30,UPI,success
T0000415,A001221,A000918,1043,2026-07-11T18:39:59,UPI,success
T0007513,A000144,A001331,469,2026-07-11T18:41:47,IMPS,failed
T0003155,A000767,A000849,25000,2026-07-11T18:44:37,NEFT,success
T0002234,A000781,A000232,315,2026-07-11T18:45:27,IMPS,success
T0007861,A001164,A001148,779,2026-07-11T18:45:29,IMPS,success
T0013129,A000393,A000115,8770,2026-07-11T18:47:17,NEFT,success
T0003929,A000942,A000737,35000,2026-07-11T18:49:16,IMPS,success
T0007997,A001321,A000117,823,2026-07-11T18:50:03,IMPS,success
T0010972,A000479,A000899,6233,2026-07-11T18:50:03,IMPS,failed
T0004454,A000289,A000784,1432,2026-07-11T18:51:31,IMPS,success
T0009960,A000568,A001189,344,2026-07-11T18:54:09,UPI,success
T0005363,A000369,A000657,174,2026-07-11T18:54:22,NEFT,success
T0010165,A000960,A000633,9968,2026-07-11T18:59:43,UPI,success
T0013253,A000535,A000284,817,2026-07-11T19:00:11,UPI,success
T0004679,A001304,A000955,728,2026-07-11T19:06:53,UPI,success
T0008884,A000805,A000981,544,2026-07-11T19:06:53,IMPS,success
T0008227,A001057,A000967,1745,2026-07-11T19:08:07,NEFT,success
T0010714,A001319,A000699,1230,2026-07-11T19:09:33,NEFT,success
T0003289,A000169,A001183,1980,2026-07-11T19:10:39,IMPS,success
T0013614,A001130,A000254,2176,2026-07-11T19:11:38,IMPS,success
T0009516,A000394,A000482,340,2026-07-11T19:11:41,NEFT,success
T0004252,A000953,A001314,27207,2026-07-11T19:11:44,UPI,success
T0009088,A000646,A001355,2129,2026-07-11T19:11:52,IMPS,success
T0004165,A001191,A000340,512,2026-07-11T19:19:44,UPI,success
T0006142,A000188,A001180,1180,2026-07-11T19:30:43,NEFT,success
T0011100,A000227,A000082,15000,2026-07-11T19:31:06,IMPS,success
T0001630,A000563,A000813,1289,2026-07-11T19:34:01,NEFT,success
T0000599,A000378,A000739,32297,2026-07-11T19:37:13,NEFT,success
T0011983,A000507,A000892,1916,2026-07-11T19:42:42,IMPS,success
T0003056,A000221,A000743,566,2026-07-11T19:47:41,IMPS,success
T0001991,A000212,A000121,64634,2026-07-11T19:47:52,IMPS,success
T0012656,A000701,A000174,35000,2026-07-11T19:50:36,IMPS,success
T0006530,A000934,A000049,700,2026-07-11T19:50:57,NEFT,success
T0000776,A001101,A000895,184,2026-07-11T19:53:55,UPI,success
T0002867,A000486,A001117,65000,2026-07-11T19:55:17,NEFT,success
T0007132,A001342,A000106,16556,2026-07-11T19:56:17,UPI,success
T0010080,A001143,A000293,92656,2026-07-11T20:03:42,NEFT,success
T0001150,A000835,A000130,80000,2026-07-11T20:11:07,NEFT,success
T0007531,A000761,A000436,10374,2026-07-11T20:13:58,IMPS,success
T0004024,A001278,A001162,1179,2026-07-11T20:14:01,NEFT,success
T0003072,A001008,A000461,183,2026-07-11T20:25:28,NEFT,success
T0013324,A000617,A000489,30473,2026-07-11T20:30:04,UPI,success
T0005772,A001060,A000084,286,2026-07-11T20:33:59,UPI,success
T0006985,A000222,A000329,659,2026-07-11T20:38:51,IMPS,success
T0008176,A001177,A001267,26156,2026-07-11T20:39:32,IMPS,success
T0003795,A000501,A000621,65000,2026-07-11T20:42:24,IMPS,success
T0005949,A000484,A000943,194,2026-07-11T20:44:00,IMPS,success
T0012044,A001218,A001077,519,2026-07-11T20:50:11,IMPS,success
T0002958,A000686,A000913,1308,2026-07-11T20:52:49,IMPS,success
T0005430,A000433,A000728,35000,2026-07-11T20:53:38,NEFT,success
T0014673,A000627,A000280,702,2026-07-11T20:58:16,NEFT,success
T0006298,A000354,A000374,33957,2026-07-11T20:58:35,NEFT,success
T0009471,A001033,A001118,28083,2026-07-11T21:02:58,UPI,success
T0011982,A001223,A001106,1096,2026-07-11T21:03:46,IMPS,success
T0009535,A000839,A000678,924,2026-07-11T21:04:22,UPI,success
T0004495,A001236,A000775,615,2026-07-11T21:13:04,NEFT,success
T0014431,A000773,A000638,1077,2026-07-11T21:16:48,UPI,success
T0000642,A000882,A001332,180,2026-07-11T21:18:16,IMPS,success
T0013932,A001286,A000836,48102,2026-07-11T21:24:34,IMPS,success
T0005594,A000003,A000282,445,2026-07-11T21:25:38,IMPS,success
T0014415,A000837,A000983,1621,2026-07-11T21:28:26,NEFT,success
T0006722,A000787,A001018,891,2026-07-11T21:29:38,UPI,success
T0006102,A001026,A000588,561,2026-07-11T21:29:40,NEFT,success
T0010410,A000193,A001242,148,2026-07-11T21:32:14,IMPS,success
T0013136,A000719,A001285,8829,2026-07-11T21:32:16,UPI,success
T0001275,A001102,A000647,21759,2026-07-11T21:33:31,UPI,success
T0001759,A000287,A000012,878,2026-07-11T21:38:27,NEFT,success
T0004615,A000925,A001357,35000,2026-07-11T21:39:47,UPI,success
T0008679,A000289,A000259,3184,2026-07-11T21:39:53,NEFT,success
T0012621,A000179,A000396,573,2026-07-11T21:44:45,NEFT,success
T0010982,A000287,A000095,48043,2026-07-11T21:48:32,IMPS,failed
T0008991,A000376,A000032,53716,2026-07-11T21:53:20,UPI,success
T0004513,A001149,A001224,3269,2026-07-11T21:53:30,NEFT,success
T0009245,A000808,A000149,1526,2026-07-11T21:53:51,UPI,success
T0004597,A001240,A000631,65000,2026-07-11T21:55:04,NEFT,success
T0008089,A001032,A000887,29064,2026-07-11T21:55:20,IMPS,success
T0002036,A001233,A001294,88704,2026-07-11T21:58:20,UPI,success
T0010742,A001333,A000285,535,2026-07-11T22:03:53,IMPS,success
T0002737,A000178,A000501,1070,2026-07-11T22:06:13,NEFT,success
T0009256,A000714,A000425,1017,2026-07-11T22:06:28,UPI,success
T0007809,A001006,A000986,47957,2026-07-11T22:07:59,UPI,success
T0005963,A000476,A000477,724,2026-07-11T22:10:47,NEFT,success
T0011648,A000125,A001021,204,2026-07-11T22:16:20,IMPS,success
T0006491,A000306,A000516,49840,2026-07-11T22:16:35,IMPS,success
T0004498,A001240,A001302,861,2026-07-11T22:18:10,NEFT,success
T0010072,A000458,A001075,2734,2026-07-11T22:19:59,IMPS,success
T0002880,A000603,A000568,16966,2026-07-11T22:26:15,UPI,success
T0006282,A000167,A001012,541,2026-07-11T22:33:19,NEFT,success
T0011194,A000898,A000220,39188,2026-07-11T22:38:46,IMPS,success
T0001948,A000063,A001276,14927,2026-07-11T22:39:00,IMPS,success
T0011722,A001054,A000155,35000,2026-07-11T22:43:14,IMPS,success
T0008997,A000886,A000152,262,2026-07-11T22:43:16,UPI,success
T0008474,A000965,A000858,513,2026-07-11T22:49:49,NEFT,success
T0003688,A000211,A000914,872,2026-07-11T22:52:35,IMPS,success
T0013899,A000971,A000824,1909,2026-07-11T22:54:44,UPI,success
T0014988,A000503,A000779,8154,2026-07-11T22:59:42,NEFT,success
T0005526,A000868,A000473,2019,2026-07-11T23:03:44,UPI,success
T0007476,A000289,A000907,336,2026-07-11T23:08:52,IMPS,success
T0011963,A000017,A000728,78300,2026-07-11T23:12:28,IMPS,success
T0003961,A000188,A000825,93436,2026-07-11T23:19:30,UPI,success
T0012162,A001057,A000930,511,2026-07-11T23:28:13,NEFT,success
T0007211,A000625,A001111,343,2026-07-11T23:28:42,IMPS,success
T0011436,A001004,A001151,2422,2026-07-11T23:30:55,UPI,success
T0000959,A001028,A000349,19029,2026-07-11T23:32:36,NEFT,failed
T0012911,A000746,A000460,1273,2026-07-11T23:34:53,IMPS,success
T0005036,A000297,A000224,1739,2026-07-11T23:35:17,IMPS,success
T0012261,A001319,A000029,174,2026-07-11T23:35:26,NEFT,success
T0010745,A000435,A001234,35000,2026-07-11T23:37:17,NEFT,success
T0004646,A000475,A001202,14639,2026-07-11T23:40:07,IMPS,success
T0014982,A000121,A001055,531,2026-07-11T23:42:09,NEFT,success
T0014069,A000113,A000957,90,2026-07-11T23:43:20,UPI,success
T0006367,A000939,A000922,70,2026-07-11T23:50:33,IMPS,success
T0011193,A000684,A001319,2152,2026-07-11T23:51:00,IMPS,success
T0012081,A001322,A001323,867,2026-07-11T23:51:30,NEFT,success
T0005746,A000256,A000913,425,2026-07-11T23:52:41,IMPS,success
T0006840,A000287,A001020,35519,2026-07-11T23:54:42,IMPS,success
T0005542,A001288,A000242,8052,2026-07-12T00:00:57,UPI,success
T0004268,A000909,A001282,50000,2026-07-12T00:01:33,NEFT,success
T0012270,A001363,A000609,4011,2026-07-12T00:04:20,NEFT,success
T0011573,A000830,A001315,872,2026-07-12T00:05:11,UPI,success
T0010385,A001049,A000981,1123,2026-07-12T00:13:22,UPI,success
T0000088,A001456,A001448,272187,2026-07-12T00:14:58,IMPS,success
T0009653,A000431,A000013,237,2026-07-12T00:15:56,NEFT,success
T0009478,A000655,A000532,65000,2026-07-12T00:16:31,NEFT,success
T0007434,A001080,A000499,31511,2026-07-12T00:17:54,IMPS,success
T0011287,A000537,A000992,25000,2026-07-12T00:19:24,NEFT,success
T0014942,A000016,A000929,17544,2026-07-12T00:25:45,NEFT,success
T0003672,A000603,A000486,2803,2026-07-12T00:26:01,UPI,success
T0001740,A001020,A000785,684,2026-07-12T00:31:48,NEFT,success
T0000951,A000477,A000302,65000,2026-07-12T00:32:13,NEFT,success
T0000362,A001011,A001132,25000,2026-07-12T00:37:33,IMPS,success
T0010992,A000818,A001322,918,2026-07-12T00:37:40,IMPS,success
T0014432,A000650,A000120,50134,2026-07-12T00:37:42,NEFT,success
T0009732,A000130,A001237,50000,2026-07-12T00:41:38,UPI,success
T0006364,A001213,A001000,543,2026-07-12T00:52:14,IMPS,success
T0012028,A001146,A001295,799,2026-07-12T00:54:23,NEFT,success
T0010958,A000777,A000677,6103,2026-07-12T00:57:33,NEFT,success
T0008713,A000010,A001028,35000,2026-07-12T01:01:09,NEFT,success
T0006829,A001213,A001130,28750,2026-07-12T01:02:01,UPI,success
T0000346,A001115,A001356,15000,2026-07-12T01:02:15,UPI,success
T0011973,A000891,A000012,978,2026-07-12T01:04:33,UPI,success
T0011045,A001248,A000725,217,2026-07-12T01:07:29,IMPS,success
T0012545,A000436,A001119,281,2026-07-12T01:12:14,NEFT,success
T0010242,A000322,A000750,2338,2026-07-12T01:20:13,UPI,success
T0010651,A001052,A001295,981,2026-07-12T01:21:37,IMPS,success
T0004133,A000845,A000743,651,2026-07-12T01:26:11,IMPS,success
T0008878,A000278,A001163,384,2026-07-12T01:27:13,IMPS,success
T0009431,A000870,A000658,25000,2026-07-12T01:28:19,IMPS,success
T0009728,A000876,A000440,1478,2026-07-12T01:30:31,NEFT,success
T0000779,A000695,A000223,748,2026-07-12T01:32:06,UPI,success
T0003862,A000313,A001104,50000,2026-07-12T01:34:05,IMPS,success
T0000674,A001210,A001027,1279,2026-07-12T01:35:17,NEFT,success
T0000564,A000192,A000975,3268,2026-07-12T01:35:36,IMPS,success
T0002008,A000556,A000381,39400,2026-07-12T01:38:49,UPI,success
T0001064,A000927,A001055,142,2026-07-12T01:39:05,IMPS,success
T0003335,A000394,A000276,25000,2026-07-12T01:42:02,IMPS,success
T0002869,A000556,A000928,1288,2026-07-12T01:54:05,UPI,success
T0011847,A000268,A000072,808,2026-07-12T01:54:39,IMPS,success
T0012190,A000540,A000697,35000,2026-07-12T01:56:37,UPI,success
T0001820,A000043,A000798,39530,2026-07-12T01:59:13,UPI,success
T0000118,A001481,A001476,280964,2026-07-12T02:00:38,IMPS,success
T0013209,A000095,A000343,1422,2026-07-12T02:01:03,IMPS,success
T0001597,A001229,A001283,855,2026-07-12T02:01:40,NEFT,success
T0013148,A001162,A001252,371,2026-07-12T02:01:54,UPI,success
T0001754,A000491,A001212,19564,2026-07-12T02:06:08,IMPS,success
T0013956,A000622,A000714,2117,2026-07-12T02:08:14,IMPS,success
T0001204,A000490,A001281,29045,2026-07-12T02:10:10,IMPS,success
T0001692,A001123,A001243,2169,2026-07-12T02:22:19,UPI,success
T0013393,A000873,A000301,13377,2026-07-12T02:26:30,NEFT,success
T0000629,A000973,A000106,1517,2026-07-12T02:29:07,NEFT,success
T0000122,A001476,A001477,983345,2026-07-12T02:30:38,NEFT,success
T0012539,A001297,A000442,1228,2026-07-12T02:32:11,IMPS,success
T0004453,A001034,A001271,52677,2026-07-12T02:32:34,NEFT,failed
T0010837,A000638,A001347,1157,2026-07-12T02:34:57,NEFT,success
T0010032,A000285,A000358,80000,2026-07-12T02:35:20,IMPS,success
T0001152,A001333,A001242,258,2026-07-12T02:37:08,NEFT,success
T0008943,A000566,A000123,9165,2026-07-12T02:40:42,IMPS,success
T0001521,A000638,A001213,8996,2026-07-12T02:42:38,NEFT,success
T0008847,A000424,A001078,35000,2026-07-12T02:50:13,NEFT,success
T0000389,A000796,A000862,690,2026-07-12T02:50:45,IMPS,success
T0012861,A000008,A000856,920,2026-07-12T02:59:12,NEFT,success
T0008058,A000405,A001017,19263,2026-07-12T03:02:27,UPI,success
T0002701,A000676,A000752,80000,2026-07-12T03:03:54,IMPS,success
T0013114,A000717,A000415,35000,2026-07-12T03:04:07,UPI,success
T0000125,A001368,A000625,51742,2026-07-12T03:11:19,UPI,success
T0011660,A000095,A000572,687,2026-07-12T03:13:50,NEFT,failed
T0007884,A001082,A000678,19727,2026-07-12T03:16:58,UPI,success
T0013451,A000456,A000879,133,2026-07-12T03:18:12,IMPS,success
T0008337,A000151,A000889,3181,2026-07-12T03:18:16,NEFT,success
T0007977,A000347,A000455,50000,2026-07-12T03:24:22,UPI,success
T0008267,A000245,A000073,353,2026-07-12T03:28:10,UPI,success
T0012445,A000740,A000186,482,2026-07-12T03:32:58,NEFT,success
T0011406,A000852,A000853,300,2026-07-12T03:37:45,IMPS,success
T0011427,A000914,A000729,1894,2026-07-12T03:39:15,NEFT,success
T0003898,A001074,A001186,3088,2026-07-12T03:40:27,IMPS,success
T0012989,A000618,A000626,8061,2026-07-12T03:40:36,IMPS,success
T0011736,A000822,A001022,85,2026-07-12T03:42:27,IMPS,success
T0014755,A000869,A001147,23992,2026-07-12T03:46:07,NEFT,success
T0012825,A000768,A000830,668,2026-07-12T03:47:39,IMPS,success
T0006134,A000565,A001032,15870,2026-07-12T03:55:54,NEFT,success
T0013306,A001188,A000611,80000,2026-07-12T03:59:38,UPI,success
T0006078,A001159,A000363,21365,2026-07-12T04:03:37,IMPS,success
T0000434,A000652,A000764,1242,2026-07-12T04:07:20,IMPS,success
T0000413,A000313,A001096,563,2026-07-12T04:13:21,NEFT,success
T0005171,A000392,A000890,35000,2026-07-12T04:15:53,IMPS,success
T0013700,A000379,A000738,50000,2026-07-12T04:17:39,IMPS,success
T0008118,A000455,A000871,1167,2026-07-12T04:20:12,NEFT,success
T0013325,A000371,A000060,50000,2026-07-12T04:21:49,IMPS,success
T0014851,A000959,A000716,669,2026-07-12T04:28:15,UPI,success
T0011665,A000169,A000560,6828,2026-07-12T04:34:36,IMPS,success
T0010493,A000758,A000336,100,2026-07-12T04:37:57,UPI,success
T0008869,A000775,A001214,35117,2026-07-12T04:39:38,IMPS,success
T0011097,A000132,A000552,716,2026-07-12T04:44:02,NEFT,success
T0003820,A000995,A000802,373,2026-07-12T04:48:35,IMPS,success
T0002287,A000204,A000926,2322,2026-07-12T04:53:10,UPI,success
T0014078,A000927,A000633,741,2026-07-12T04:57:27,UPI,success
T0004606,A000611,A000747,50000,2026-07-12T04:58:20,NEFT,success
T0005890,A000790,A000844,265,2026-07-12T05:06:45,NEFT,success
T0009281,A000111,A001260,80000,2026-07-12T05:08:02,UPI,success
T0014066,A000634,A000102,106390,2026-07-12T05:08:31,UPI,success
T0012303,A000218,A001004,1658,2026-07-12T05:11:12,NEFT,success
T0005352,A000470,A000846,62480,2026-07-12T05:12:09,UPI,success
T0009714,A000269,A000253,28795,2026-07-12T05:14:21,IMPS,success
T0010391,A000369,A000268,25000,2026-07-12T05:14:45,NEFT,success
T0005327,A001360,A001117,14331,2026-07-12T05:15:14,UPI,success
T0000339,A001238,A000686,1226,2026-07-12T05:15:58,NEFT,success
T0011546,A000159,A001213,15000,2026-07-12T05:18:34,UPI,success
T0008571,A000226,A001228,710,2026-07-12T05:18:48,NEFT,success
T0009358,A000884,A000014,2796,2026-07-12T05:19:19,NEFT,success
T0012376,A000822,A001117,15000,2026-07-12T05:25:23,IMPS,success
T0011858,A000963,A000052,7643,2026-07-12T05:28:09,UPI,success
T0014161,A001193,A000721,987,2026-07-12T05:31:14,UPI,success
T0005435,A001280,A000730,424,2026-07-12T05:31:55,UPI,success
T0013215,A000729,A000400,1018,2026-07-12T05:32:50,NEFT,success
T0008153,A000519,A001037,1521,2026-07-12T05:32:57,IMPS,success
T0013589,A001234,A000055,889,2026-07-12T05:33:15,IMPS,success
T0014148,A000286,A001156,45554,2026-07-12T05:40:18,UPI,success
T0009099,A000785,A000611,352,2026-07-12T05:44:11,UPI,success
T0004617,A000638,A000234,474,2026-07-12T05:47:56,IMPS,success
T0009329,A000736,A000320,80000,2026-07-12T05:48:04,UPI,success
T0013814,A000466,A001121,523,2026-07-12T05:57:33,UPI,success
T0003939,A001351,A000799,2158,2026-07-12T05:59:21,NEFT,success
T0008386,A001070,A000651,2091,2026-07-12T06:00:36,UPI,success
T0009621,A000979,A000112,1086,2026-07-12T06:04:14,IMPS,success
T0004039,A000116,A000904,56927,2026-07-12T06:05:03,NEFT,success
T0008125,A000622,A000310,2979,2026-07-12T06:05:41,NEFT,success
T0010797,A001307,A000508,10757,2026-07-12T06:11:23,NEFT,success
T0005439,A000176,A000153,65000,2026-07-12T06:12:54,IMPS,success
T0010788,A000753,A001095,5000,2026-07-12T06:13:11,IMPS,success
T0006434,A000662,A000577,5009,2026-07-12T06:16:47,NEFT,success
T0000318,A000498,A000637,321,2026-07-12T06:19:34,IMPS,success
T0001247,A000525,A001364,1983,2026-07-12T06:23:49,NEFT,success
T0003075,A000388,A000540,20269,2026-07-12T06:25:42,NEFT,success
T0011184,A000660,A001006,987,2026-07-12T06:27:50,UPI,success
T0005511,A000499,A000529,371,2026-07-12T06:29:28,UPI,success
T0006745,A000255,A000454,784,2026-07-12T06:32:38,NEFT,success
T0004683,A000243,A000351,1335,2026-07-12T06:34:01,UPI,success
T0012027,A000233,A000457,1957,2026-07-12T06:35:17,NEFT,success
T0008726,A000013,A001100,315,2026-07-12T06:40:35,IMPS,success
T0005358,A001377,A000934,4305,2026-07-12T06:40:36,IMPS,success
T0005507,A000582,A000902,673,2026-07-12T06:45:09,UPI,success
T0000081,A001472,A001457,51222,2026-07-12T06:52:36,UPI,success
T0002205,A000840,A000096,35883,2026-07-12T06:53:27,NEFT,success
T0008797,A000425,A000396,1155,2026-07-12T06:53:53,NEFT,success
T0005537,A000541,A000953,1050,2026-07-12T06:55:00,IMPS,success
T0010300,A000633,A000551,65000,2026-07-12T06:58:24,NEFT,success
T0002615,A000025,A000240,3757,2026-07-12T06:58:38,NEFT,success
T0007174,A000790,A000887,1723,2026-07-12T07:03:33,IMPS,success
T0013225,A000999,A000314,50000,2026-07-12T07:09:10,UPI,success
T0005437,A000552,A000783,1933,2026-07-12T07:12:59,IMPS,success
T0010305,A000400,A000497,120236,2026-07-12T07:13:20,UPI,success
T0009603,A001121,A000215,32083,2026-07-12T07:13:28,NEFT,success
T0004741,A000769,A000545,118,2026-07-12T07:19:11,IMPS,success
T0003197,A000786,A001317,65000,2026-07-12T07:20:09,UPI,success
T0000325,A001102,A000698,1901,2026-07-12T07:20:57,NEFT,success
T0001189,A001032,A000256,915,2026-07-12T07:21:55,UPI,success
T0003078,A000380,A000621,1932,2026-07-12T07:22:35,NEFT,success
T0002536,A000418,A000831,582,2026-07-12T07:27:26,NEFT,success
T0009963,A001158,A001211,1547,2026-07-12T07:27:43,NEFT,success
T0009705,A000418,A001073,18047,2026-07-12T07:27:58,UPI,success
T0009332,A000942,A001113,416,2026-07-12T07:28:12,NEFT,success
T0005133,A000267,A000252,32342,2026-07-12T07:35:42,IMPS,success
T0009860,A001068,A001212,65000,2026-07-12T07:36:15,UPI,success
T0013271,A001207,A001191,819,2026-07-12T07:36:55,NEFT,success
T0007728,A000045,A001217,80111,2026-07-12T07:39:49,IMPS,success
T0006250,A000605,A000970,820,2026-07-12T07:40:07,NEFT,success
T0012909,A000021,A000441,16645,2026-07-12T07:41:48,UPI,success
T0000598,A000334,A000096,931,2026-07-12T07:42:16,IMPS,success
T0010746,A000858,A000194,298,2026-07-12T07:44:10,NEFT,success
T0011028,A000879,A000738,15536,2026-07-12T07:48:31,IMPS,success
T0002706,A000954,A000866,15000,2026-07-12T07:55:29,IMPS,success
T0014805,A001037,A001106,7926,2026-07-12T07:56:37,IMPS,success
T0014143,A000920,A000744,35000,2026-07-12T07:58:25,UPI,success
T0014194,A000339,A000665,25000,2026-07-12T08:00:24,UPI,success
T0006639,A001158,A000313,565,2026-07-12T08:05:43,UPI,success
T0001549,A000573,A000778,80000,2026-07-12T08:06:02,UPI,success
T0005213,A000368,A001268,1530,2026-07-12T08:11:17,IMPS,success
T0004305,A000805,A001203,6619,2026-07-12T08:15:46,NEFT,success
T0005038,A000547,A000260,27976,2026-07-12T08:15:52,IMPS,success
T0011813,A000818,A001233,749,2026-07-12T08:16:19,UPI,success
T0002774,A001207,A000282,1315,2026-07-12T08:19:16,UPI,success
T0009953,A000523,A000486,50000,2026-07-12T08:20:02,IMPS,success
T0011750,A000347,A001240,39444,2026-07-12T08:20:54,UPI,success
T0013258,A000479,A000346,2673,2026-07-12T08:30:56,NEFT,success
T0004675,A000615,A000540,11706,2026-07-12T08:31:03,IMPS,success
T0006742,A001371,A000699,1146,2026-07-12T08:47:44,NEFT,success
T0010673,A001151,A000291,40975,2026-07-12T08:47:55,NEFT,success
T0010717,A000644,A000116,716,2026-07-12T08:48:51,UPI,success
T0003433,A000928,A000038,65000,2026-07-12T08:53:19,IMPS,success
T0013305,A001254,A000676,18115,2026-07-12T08:55:25,UPI,success
T0003934,A000618,A000678,705,2026-07-12T09:00:17,NEFT,success
T0005483,A000316,A001368,1505,2026-07-12T09:00:44,UPI,success
T0002418,A001262,A001081,25000,2026-07-12T09:01:47,UPI,success
T0007952,A000042,A000413,1443,2026-07-12T09:03:47,IMPS,success
T0005914,A000660,A001365,21961,2026-07-12T09:05:49,IMPS,failed
T0003055,A000875,A001343,8231,2026-07-12T09:08:50,UPI,success
T0001050,A000863,A000682,25000,2026-07-12T09:09:47,UPI,success
T0008641,A000740,A000269,2539,2026-07-12T09:15:50,UPI,success
T0007007,A000872,A000580,15000,2026-07-12T09:18:28,UPI,success
T0012685,A001336,A001147,1772,2026-07-12T09:19:46,NEFT,success
T0014718,A000262,A001069,313,2026-07-12T09:27:04,NEFT,success
T0012016,A000332,A000239,1022,2026-07-12T09:30:08,UPI,success
T0011081,A000194,A000945,679,2026-07-12T09:31:00,IMPS,success
T0010122,A001271,A000029,523,2026-07-12T09:33:11,NEFT,success
T0012219,A000638,A000696,854,2026-07-12T09:33:28,IMPS,success
T0003550,A001357,A000302,525,2026-07-12T09:40:50,UPI,success
T0014513,A000329,A000797,2593,2026-07-12T09:50:34,NEFT,success
T0009302,A000804,A000617,483,2026-07-12T09:54:01,IMPS,success
T0002906,A000105,A001238,65000,2026-07-12T09:58:56,NEFT,success
T0006099,A001154,A000485,95340,2026-07-12T10:04:36,UPI,success
T0002503,A000962,A000445,48553,2026-07-12T10:05:24,IMPS,success
T0014063,A001282,A000132,5148,2026-07-12T10:06:22,IMPS,success
T0000360,A000607,A000022,614,2026-07-12T10:08:25,IMPS,success
T0009479,A000932,A000464,953,2026-07-12T10:23:50,UPI,success
T0001504,A000853,A000498,784,2026-07-12T10:23:53,IMPS,success
T0006159,A000823,A000970,628,2026-07-12T10:27:50,IMPS,success
T0005165,A000517,A000293,1637,2026-07-12T10:29:02,UPI,success
T0014986,A000833,A000421,547,2026-07-12T10:29:43,UPI,success
T0010298,A000723,A000473,4971,2026-07-12T10:31:43,UPI,success
T0000977,A001213,A000922,4054,2026-07-12T10:34:47,NEFT,success
T0010509,A000585,A000764,1189,2026-07-12T10:41:38,IMPS,success
T0002117,A000362,A001046,9877,2026-07-12T10:43:14,UPI,success
T0011677,A000570,A001133,35000,2026-07-12T10:49:06,IMPS,success
T0011849,A000665,A000615,206,2026-07-12T10:50:05,NEFT,success
T0014515,A001013,A000619,65000,2026-07-12T10:50:48,IMPS,success
T0013630,A001294,A000166,1190,2026-07-12T10:51:58,UPI,success
T0000881,A001058,A000626,63159,2026-07-12T10:53:22,NEFT,success
T0010858,A000884,A000389,278,2026-07-12T10:53:22,NEFT,success
T0012253,A000362,A001192,346,2026-07-12T10:54:10,NEFT,success
T0006214,A000826,A000630,35000,2026-07-12T10:54:17,NEFT,success
T0012689,A000550,A000110,24635,2026-07-12T10:56:47,NEFT,success
T0008642,A001374,A000389,2351,2026-07-12T10:57:18,UPI,success
T0001361,A000044,A000406,89848,2026-07-12T11:00:03,UPI,success
T0011703,A000224,A000608,399,2026-07-12T11:01:41,IMPS,success
T0009176,A000663,A000137,80000,2026-07-12T11:01:50,UPI,success
T0008111,A000299,A000698,1209,2026-07-12T11:03:11,UPI,success
T0011410,A000942,A000437,2034,2026-07-12T11:04:44,UPI,success
T0010658,A000057,A000023,855,2026-07-12T11:09:07,NEFT,success
T0001750,A000568,A000717,939,2026-07-12T11:12:25,NEFT,success
T0011601,A000603,A000485,25461,2026-07-12T11:14:15,NEFT,success
T0013672,A001381,A000454,8011,2026-07-12T11:26:56,IMPS,success
T0006035,A000712,A000992,933,2026-07-12T11:27:58,NEFT,success
T0010231,A001314,A001363,43799,2026-07-12T11:29:28,IMPS,success
T0007137,A001366,A001014,80000,2026-07-12T11:31:29,UPI,failed
T0005684,A001004,A001217,5621,2026-07-12T11:31:53,UPI,success
T0011348,A000303,A000024,694,2026-07-12T11:32:24,IMPS,success
T0006780,A000233,A000010,2096,2026-07-12T11:34:03,UPI,success
T0011900,A000282,A000543,582,2026-07-12T11:35:06,NEFT,success
T0004521,A000366,A000774,327,2026-07-12T11:37:30,NEFT,success
T0005852,A000128,A000667,65000,2026-07-12T11:40:34,UPI,success
T0002342,A000769,A000156,1132,2026-07-12T11:40:57,UPI,success
T0011803,A000756,A000629,48015,2026-07-12T11:44:31,IMPS,success
T0007667,A000755,A000312,328,2026-07-12T11:44:58,IMPS,success
T0009982,A000905,A000221,718,2026-07-12T11:45:53,NEFT,failed
T0010735,A000886,A000599,5000,2026-07-12T11:48:28,NEFT,success
T0005268,A001117,A001250,7981,2026-07-12T11:49:35,IMPS,success
T0002674,A000099,A000043,18332,2026-07-12T11:52:29,UPI,success
T0006087,A001315,A001159,835,2026-07-12T11:55:46,IMPS,success
T0013181,A000993,A001213,65000,2026-07-12T11:57:17,IMPS,success
T0008768,A000146,A000916,35000,2026-07-12T11:58:10,IMPS,success
T0002433,A001005,A001232,1490,2026-07-12T12:00:40,IMPS,success
T0007424,A000150,A000593,24000,2026-07-12T12:03:34,IMPS,success
T0009951,A000495,A000542,53,2026-07-12T12:09:20,NEFT,success
T0004292,A001047,A001267,1237,2026-07-12T12:15:37,NEFT,success
T0013135,A000252,A000367,694,2026-07-12T12:21:17,UPI,success
T0007816,A000564,A000610,608,2026-07-12T12:22:13,IMPS,success
T0004852,A000385,A001269,15827,2026-07-12T12:28:30,NEFT,success
T0012118,A000981,A001046,50000,2026-07-12T12:32:17,NEFT,success
T0002573,A000499,A000210,835,2026-07-12T12:34:07,IMPS,success
T0009420,A000294,A000335,1504,2026-07-12T12:40:48,NEFT,success
T0005490,A001240,A000212,250,2026-07-12T12:46:19,IMPS,success
T0006370,A000050,A000507,198,2026-07-12T12:46:32,IMPS,success
T0007133,A000458,A000622,26945,2026-07-12T12:47:08,UPI,success
T0008577,A000711,A000022,44259,2026-07-12T12:49:23,UPI,success
T0010450,A000213,A000695,80000,2026-07-12T12:52:17,NEFT,success
T0007872,A000407,A000893,815,2026-07-12T12:58:03,IMPS,success
T0013981,A000676,A000977,913,2026-07-12T12:58:41,IMPS,success
T0011199,A000472,A000393,50000,2026-07-12T13:02:54,NEFT,success
T0006165,A000778,A000118,14302,2026-07-12T13:05:51,IMPS,success
T0013611,A000418,A000994,1458,2026-07-12T13:13:10,IMPS,success
T0005584,A000999,A000754,80000,2026-07-12T13:13:38,NEFT,success
T0012170,A000936,A000325,626,2026-07-12T13:14:55,IMPS,success
T0000089,A001457,A001448,453283,2026-07-12T13:14:58,IMPS,success
T0003031,A001293,A000503,25000,2026-07-12T13:17:17,NEFT,success
T0008941,A000975,A000964,2303,2026-07-12T13:18:17,UPI,success
T0012576,A000875,A000555,1251,2026-07-12T13:21:49,UPI,success
T0010985,A001247,A000975,549,2026-07-12T13:24:04,UPI,success
T0011725,A000589,A001018,40872,2026-07-12T13:30:21,NEFT,success
T0011492,A000416,A000693,368,2026-07-12T13:31:07,UPI,success
T0013925,A000076,A000851,177,2026-07-12T13:38:41,NEFT,success
T0005689,A001350,A001015,526,2026-07-12T13:40:13,NEFT,success
T0011195,A000289,A001375,21880,2026-07-12T13:45:39,UPI,success
T0009554,A001371,A000576,35000,2026-07-12T13:46:33,UPI,success
T0014748,A000202,A000173,1911,2026-07-12T13:49:29,NEFT,success
T0014338,A000195,A000699,748,2026-07-12T13:50:59,NEFT,success
T0002826,A001052,A000450,2744,2026-07-12T13:51:37,IMPS,success
T0013767,A000414,A000991,820,2026-07-12T13:51:43,NEFT,success
T0009707,A001075,A000433,402,2026-07-12T13:56:12,UPI,success
T0006561,A000574,A001083,3597,2026-07-12T13:56:25,NEFT,success
T0002306,A000151,A000247,316,2026-07-12T13:56:38,UPI,success
T0000741,A000546,A000669,675,2026-07-12T13:57:29,IMPS,success
T0006992,A001336,A000586,36773,2026-07-12T14:09:18,UPI,success
T0005926,A000209,A000470,722,2026-07-12T14:13:29,NEFT,success
T0010441,A000825,A000714,5000,2026-07-12T14:17:11,NEFT,success
T0000481,A000631,A001012,1552,2026-07-12T14:17:35,NEFT,success
T0002942,A000840,A000546,33532,2026-07-12T14:19:23,UPI,success
T0004742,A000099,A001280,20900,2026-07-12T14:21:50,NEFT,success
T0014738,A000655,A000746,719,2026-07-12T14:24:54,UPI,success
T0004519,A000030,A000543,47815,2026-07-12T14:25:49,NEFT,success
T0012503,A000716,A001155,65000,2026-07-12T14:27:03,NEFT,success
T0003885,A000286,A000868,61953,2026-07-12T14:28:00,NEFT,success
T0011254,A000338,A001102,46730,2026-07-12T14:28:10,UPI,success
T0008306,A001103,A000204,856,2026-07-12T14:28:55,UPI,success
T0014961,A000496,A001230,80000,2026-07-12T14:33:51,UPI,success
T0008327,A000672,A001357,650,2026-07-12T14:41:31,NEFT,success
T0010783,A000632,A000335,437,2026-07-12T14:43:21,UPI,success
T0003243,A001281,A000206,202,2026-07-12T14:46:18,IMPS,success
T0004903,A000349,A001314,330,2026-07-12T14:46:35,UPI,success
T0007897,A000220,A000282,50000,2026-07-12T14:48:56,NEFT,success
T0008052,A001210,A000600,25000,2026-07-12T14:51:46,NEFT,success
T0013779,A000126,A000004,1893,2026-07-12T14:57:50,IMPS,success
T0010538,A001240,A001119,11845,2026-07-12T14:59:59,NEFT,success
T0009772,A000422,A001058,65000,2026-07-12T15:04:32,IMPS,success
T0000322,A001202,A000498,1270,2026-07-12T15:07:50,NEFT,success
T0007950,A000052,A000193,966,2026-07-12T15:09:55,IMPS,success
T0014112,A000691,A000698,104494,2026-07-12T15:10:33,IMPS,success
T0009466,A000351,A000417,65000,2026-07-12T15:13:00,NEFT,success
T0012019,A001037,A000165,143,2026-07-12T15:19:40,NEFT,success
T0008959,A000675,A001363,176,2026-07-12T15:21:29,NEFT,success
T0005338,A001202,A000622,677,2026-07-12T15:24:58,IMPS,success
T0001495,A000160,A000771,1016,2026-07-12T15:26:03,IMPS,success
T0014248,A001068,A001216,35000,2026-07-12T15:26:45,NEFT,failed
T0000093,A001452,A001448,118617,2026-07-12T15:29:52,IMPS,success
T0002039,A001077,A000051,1749,2026-07-12T15:38:29,UPI,success
T0006437,A000020,A000442,3800,2026-07-12T15:39:28,NEFT,success
T0009503,A001367,A000018,1538,2026-07-12T15:41:40,UPI,success
T0007377,A000634,A001115,208,2026-07-12T15:45:16,NEFT,success
T0009006,A000793,A001224,322,2026-07-12T15:47:16,UPI,success
T0009224,A001086,A001053,11707,2026-07-12T15:48:15,IMPS,success
T0006151,A000746,A000014,9614,2026-07-12T15:49:39,NEFT,success
T0009656,A001307,A000806,914,2026-07-12T15:56:38,UPI,success
T0001246,A000870,A001318,542,2026-07-12T15:57:48,NEFT,success
T0001264,A000405,A001373,15000,2026-07-12T15:59:36,IMPS,success
T0010109,A000006,A001262,830,2026-07-12T16:02:10,NEFT,success
T0001841,A000898,A001187,170,2026-07-12T16:02:42,UPI,success
T0013878,A000257,A001142,35000,2026-07-12T16:08:09,UPI,success
T0007452,A000501,A000483,725,2026-07-12T16:08:26,IMPS,success
T0001488,A000513,A000743,2940,2026-07-12T16:09:11,NEFT,success
T0007268,A000718,A000837,1268,2026-07-12T16:19:21,IMPS,success
T0010359,A001119,A000290,1583,2026-07-12T16:20:13,UPI,success
T0003839,A000276,A001368,607,2026-07-12T16:21:35,NEFT,success
T0011408,A000445,A000672,1709,2026-07-12T16:23:55,NEFT,success
T0006210,A000505,A001095,2653,2026-07-12T16:24:51,IMPS,success
T0007805,A001128,A001058,30233,2026-07-12T16:27:31,IMPS,success
T0011911,A000679,A001015,844,2026-07-12T16:27:32,IMPS,success
T0001727,A000103,A000918,80000,2026-07-12T16:37:17,UPI,success
T0014782,A000080,A000821,388,2026-07-12T16:42:19,NEFT,success
T0004570,A000094,A000134,543,2026-07-12T16:43:04,IMPS,success
T0007112,A000595,A000330,1246,2026-07-12T16:43:50,UPI,success
T0013819,A001120,A000728,416,2026-07-12T16:46:14,IMPS,success
T0007847,A000473,A000449,35927,2026-07-12T16:47:04,UPI,success
T0005046,A000465,A000429,1339,2026-07-12T16:47:33,NEFT,success
T0011378,A000831,A000332,686,2026-07-12T16:48:40,UPI,success
T0002840,A000413,A000227,5493,2026-07-12T16:48:42,IMPS,success
T0003124,A000434,A000938,699,2026-07-12T16:50:51,UPI,success
T0013624,A000416,A001376,1640,2026-07-12T16:53:09,NEFT,success
T0010437,A000867,A001154,5203,2026-07-12T17:01:40,IMPS,success
T0012731,A001150,A000388,42398,2026-07-12T17:01:56,UPI,success
T0006395,A000537,A000842,806,2026-07-12T17:02:10,IMPS,success
T0002267,A001368,A000679,588,2026-07-12T17:02:35,NEFT,success
T0012439,A000466,A000105,9618,2026-07-12T17:04:04,UPI,success
T0013896,A001307,A000792,3300,2026-07-12T17:04:08,UPI,success
T0001500,A000514,A001232,936,2026-07-12T17:04:27,NEFT,success
T0013006,A001277,A000047,150,2026-07-12T17:07:46,IMPS,success
T0001437,A000576,A001045,805,2026-07-12T17:10:40,UPI,success
T0008956,A000415,A000309,1087,2026-07-12T17:16:15,UPI,success
T0012330,A000848,A000868,1945,2026-07-12T17:16:45,UPI,success
T0013515,A001126,A001281,17920,2026-07-12T17:19:26,NEFT,success
T0000284,A000175,A000467,440,2026-07-12T17:22:09,UPI,success
T0011171,A000657,A001315,50000,2026-07-12T17:22:51,IMPS,success
T0011874,A000944,A001163,5773,2026-07-12T17:23:06,IMPS,failed
T0004473,A000843,A000466,222,2026-07-12T17:33:05,IMPS,success
T0002442,A000357,A000599,162,2026-07-12T17:38:18,IMPS,success
T0001446,A000550,A000138,13544,2026-07-12T17:42:13,UPI,success
T0011649,A000705,A000788,3470,2026-07-12T17:42:29,IMPS,success
T0008635,A000697,A000763,688,2026-07-12T17:46:08,NEFT,success
T0014444,A001077,A001242,517,2026-07-12T17:46:24,IMPS,success
T0004941,A001241,A001054,35000,2026-07-12T17:51:24,IMPS,success
T0007469,A000168,A000777,832,2026-07-12T17:58:28,UPI,success
T0014139,A000815,A000369,1356,2026-07-12T17:58:34,UPI,success
T0008606,A000414,A000348,6280,2026-07-12T18:00:20,UPI,success
T0004544,A000438,A000521,897,2026-07-12T18:04:45,IMPS,success
T0012234,A001263,A001274,548,2026-07-12T18:06:42,UPI,success
T0001460,A000018,A000972,304,2026-07-12T18:08:01,UPI,success
T0000087,A001455,A001448,499982,2026-07-12T18:14:58,IMPS,success
T0009294,A000345,A000257,42446,2026-07-12T18:15:04,UPI,success
T0008008,A000298,A000553,14162,2026-07-12T18:16:43,NEFT,success
T0010005,A001381,A000447,242,2026-07-12T18:18:48,IMPS,success
T0006307,A000878,A000205,730,2026-07-12T18:29:16,IMPS,success
T0011522,A001265,A000441,415,2026-07-12T18:30:21,NEFT,success
T0008727,A000245,A001223,12721,2026-07-12T18:30:51,UPI,success
T0009850,A000212,A000556,1191,2026-07-12T18:30:54,UPI,success
T0013255,A001174,A001363,84,2026-07-12T18:36:56,NEFT,success
T0007027,A001034,A001324,340,2026-07-12T18:41:33,NEFT,success
T0011615,A001097,A001304,63177,2026-07-12T18:42:32,NEFT,success
T0014645,A000154,A001016,1183,2026-07-12T18:43:32,IMPS,failed
T0011242,A000150,A000932,31757,2026-07-12T18:50:13,NEFT,success
T0010791,A000011,A001201,10616,2026-07-12T18:50:31,IMPS,success
T0010355,A000363,A000856,2534,2026-07-12T18:52:25,IMPS,success
T0008982,A001329,A000734,508,2026-07-12T18:53:20,IMPS,success
T0007850,A000049,A000915,15663,2026-07-12T19:03:34,NEFT,success
T0007023,A000057,A000781,332,2026-07-12T19:06:04,IMPS,success
T0008140,A000582,A000272,65000,2026-07-12T19:08:36,IMPS,success
T0006920,A001313,A001042,3094,2026-07-12T19:12:42,IMPS,success
T0008186,A001058,A000939,5000,2026-07-12T19:12:49,UPI,success
T0010246,A001185,A000419,277,2026-07-12T19:13:50,NEFT,success
T0007522,A001197,A000312,324,2026-07-12T19:16:52,NEFT,success
T0014340,A001048,A000590,463,2026-07-12T19:18:09,IMPS,success
T0012620,A000035,A000015,908,2026-07-12T19:22:06,UPI,success
T0006989,A000491,A000215,5000,2026-07-12T19:25:01,IMPS,success
T0001049,A000554,A000602,103734,2026-07-12T19:27:14,NEFT,success
T0003858,A000174,A000985,435,2026-07-12T19:28:55,IMPS,success
T0003256,A001230,A000748,983,2026-07-12T19:29:07,UPI,success
T0011978,A000317,A001336,12656,2026-07-12T19:30:40,UPI,success
T0004644,A000729,A001373,547,2026-07-12T19:31:25,NEFT,success
T0013997,A000014,A000776,473,2026-07-12T19:35:53,IMPS,success
T0001476,A001247,A000954,186,2026-07-12T19:37:02,IMPS,success
T0007916,A000137,A000956,6630,2026-07-12T19:47:25,NEFT,success
T0012929,A001157,A000103,426,2026-07-12T19:48:53,NEFT,success
T0008212,A001205,A000365,143,2026-07-12T19:57:27,UPI,success
T0000913,A001345,A000733,1376,2026-07-12T19:58:37,NEFT,success
T0010881,A000909,A000969,35000,2026-07-12T20:04:33,NEFT,success
T0011241,A001031,A000459,21081,2026-07-12T20:05:11,IMPS,success
T0013763,A000281,A000395,25000,2026-07-12T20:14:51,IMPS,success
T0001210,A001000,A001369,293,2026-07-12T20:15:17,IMPS,success
T0000818,A000501,A000529,785,2026-07-12T20:22:21,UPI,success
T0007574,A000090,A000984,10875,2026-07-12T20:24:06,NEFT,success
T0003909,A000270,A000245,15000,2026-07-12T20:25:23,IMPS,success
T0001399,A000676,A000027,892,2026-07-12T20:26:03,NEFT,success
T0001936,A000366,A001022,1362,2026-07-12T20:28:04,IMPS,success
T0005336,A001011,A000819,25000,2026-07-12T20:28:55,NEFT,success
T0002678,A000834,A000760,924,2026-07-12T20:31:24,NEFT,success
T0000482,A000339,A000169,740,2026-07-12T20:31:39,IMPS,success
T0003874,A000988,A000555,13172,2026-07-12T20:32:18,NEFT,success
T0006749,A000328,A000947,283,2026-07-12T20:39:01,UPI,success
T0000429,A001323,A001314,220,2026-07-12T20:42:21,IMPS,success
T0002944,A000941,A000638,15000,2026-07-12T20:43:09,UPI,success
T0010508,A000703,A001219,19031,2026-07-12T20:44:43,UPI,success
T0008774,A001293,A000172,532,2026-07-12T20:46:46,NEFT,success
T0007926,A001074,A000003,384,2026-07-12T20:52:53,NEFT,success
T0009775,A001165,A000480,19109,2026-07-12T20:56:57,NEFT,success
T0011671,A001288,A000295,242,2026-07-12T20:57:35,UPI,success
T0009190,A001227,A000372,1082,2026-07-12T20:58:29,UPI,success
T0001415,A000910,A000153,25000,2026-07-12T20:58:40,IMPS,success
T0006448,A000703,A000577,35000,2026-07-12T21:00:24,UPI,success
T0003444,A001266,A001378,562,2026-07-12T21:02:50,NEFT,success
T0007560,A000368,A001142,447,2026-07-12T21:04:58,IMPS,success
T0002816,A001187,A000871,50000,2026-07-12T21:07:56,NEFT,success
T0007324,A000934,A000343,7466,2026-07-12T21:08:53,IMPS,success
T0001202,A001164,A000991,8527,2026-07-12T21:19:29,UPI,success
T0000799,A000620,A001362,50000,2026-07-12T21:23:10,NEFT,success
T0000438,A000335,A000505,35000,2026-07-12T21:33:36,NEFT,success
T0013659,A000866,A000193,1065,2026-07-12T21:33:56,IMPS,success
T0007873,A000159,A000980,1280,2026-07-12T21:46:33,NEFT,success
T0011219,A001305,A000144,15000,2026-07-12T21:47:29,IMPS,success
T0012384,A000513,A000214,10083,2026-07-12T21:52:07,IMPS,success
T0004464,A000127,A000779,210,2026-07-12T21:53:22,IMPS,success
T0008204,A001270,A000770,180,2026-07-12T21:55:15,IMPS,success
T0003881,A000540,A001020,25000,2026-07-12T22:02:14,IMPS,success
T0014562,A001144,A000815,852,2026-07-12T22:08:06,IMPS,success
T0013425,A001319,A001187,2621,2026-07-12T22:10:01,NEFT,success
T0005103,A000168,A000048,20962,2026-07-12T22:10:15,NEFT,success
T0000461,A000831,A000092,2964,2026-07-12T22:20:38,UPI,success
T0014623,A001309,A001378,857,2026-07-12T22:22:50,UPI,success
T0011644,A000911,A001026,619,2026-07-12T22:23:43,UPI,success
T0010662,A000935,A000814,25000,2026-07-12T22:25:57,NEFT,success
T0002454,A000590,A000121,12828,2026-07-12T22:29:55,UPI,success
T0000737,A000190,A000804,2114,2026-07-12T22:33:31,UPI,success
T0010737,A000400,A000262,1772,2026-07-12T22:33:36,IMPS,success
T0005481,A000641,A000136,1757,2026-07-12T22:37:13,NEFT,success
T0003533,A001325,A000218,1984,2026-07-12T22:37:23,IMPS,success
T0002338,A000157,A000174,2340,2026-07-12T22:38:24,UPI,success
T0008221,A000294,A000015,5000,2026-07-12T22:39:54,IMPS,success
T0012418,A000157,A000780,2266,2026-07-12T22:39:59,UPI,success
T0000319,A000082,A000751,3042,2026-07-12T22:41:51,UPI,success
T0013520,A001051,A000888,19710,2026-07-12T22:42:53,NEFT,success
T0010747,A000309,A000024,80000,2026-07-12T22:45:38,IMPS,success
T0007893,A001163,A000119,7860,2026-07-12T22:46:33,NEFT,success
T0003239,A000467,A000585,1294,2026-07-12T22:47:15,UPI,success
T0004676,A000360,A000433,2820,2026-07-12T22:50:37,IMPS,success
T0006943,A000942,A001094,80000,2026-07-12T22:55:27,IMPS,success
T0003710,A001173,A000238,228,2026-07-12T23:14:25,UPI,success
T0012735,A000475,A000236,115,2026-07-12T23:14:52,NEFT,success
T0005982,A000708,A000369,80000,2026-07-12T23:19:42,UPI,success
T0011669,A001361,A001169,35000,2026-07-12T23:31:54,IMPS,success
T0000269,A000947,A000276,26241,2026-07-12T23:32:18,NEFT,success
T0011630,A000184,A000018,65000,2026-07-12T23:37:08,NEFT,success
T0005055,A000471,A000995,532,2026-07-12T23:40:21,IMPS,success
T0013929,A000555,A000590,936,2026-07-12T23:42:22,NEFT,success
T0003009,A000379,A001230,80000,2026-07-12T23:46:54,NEFT,success
T0008735,A000976,A000855,15423,2026-07-12T23:57:29,NEFT,success
T0001528,A000456,A000226,901,2026-07-12T23:59:26,IMPS,success
T0012562,A000387,A000339,35000,2026-07-13T00:01:42,IMPS,success
T0003926,A000085,A000887,550,2026-07-13T00:16:23,NEFT,success
T0001863,A000538,A000974,512,2026-07-13T00:18:37,UPI,success
T0008609,A000400,A000699,159,2026-07-13T00:19:09,NEFT,success
T0013662,A000036,A000429,50000,2026-07-13T00:22:09,UPI,success
T0002212,A001202,A000237,1260,2026-07-13T00:27:02,UPI,success
T0006071,A001142,A000263,1371,2026-07-13T00:30:23,NEFT,success
T0011762,A000169,A000217,805,2026-07-13T00:37:03,UPI,success
T0006774,A000758,A001235,2469,2026-07-13T00:37:53,IMPS,success
T0000409,A001186,A000009,15063,2026-07-13T00:38:45,IMPS,success
T0004274,A000152,A000706,1447,2026-07-13T00:42:21,NEFT,success
T0011565,A000939,A000280,25000,2026-07-13T00:44:33,UPI,success
T0000090,A001453,A001448,267943,2026-07-13T00:44:58,IMPS,success
T0011768,A000328,A000929,25000,2026-07-13T00:46:34,NEFT,success
T0012526,A000157,A000665,96,2026-07-13T00:47:34,IMPS,success
T0005230,A000575,A001337,756,2026-07-13T00:49:02,UPI,success
T0003652,A001311,A000676,112,2026-07-13T00:51:49,NEFT,failed
T0005512,A000028,A000236,465,2026-07-13T01:03:19,NEFT,success
T0006831,A000346,A000288,336,2026-07-13T01:04:09,NEFT,success
T0009650,A000841,A000881,135215,2026-07-13T01:04:12,IMPS,success
T0005109,A001378,A000917,389,2026-07-13T01:04:45,IMPS,success
T0002969,A000157,A000718,392,2026-07-13T01:05:39,UPI,success
T0010500,A000246,A000281,703,2026-07-13T01:10:49,NEFT,success
T0004201,A000955,A001295,636,2026-07-13T01:13:34,UPI,success
T0000094,A001448,A001449,1091518,2026-07-13T01:14:58,NEFT,success
T0002233,A000860,A000315,1515,2026-07-13T01:15:22,UPI,success
T0012163,A000498,A000623,35000,2026-07-13T01:23:18,NEFT,success
T0000932,A000124,A000349,1684,2026-07-13T01:26:32,NEFT,success
T0008780,A000209,A000961,25000,2026-07-13T01:27:17,IMPS,success
T0009662,A000375,A001162,1135,2026-07-13T01:27:46,IMPS,success
T0007855,A000802,A000466,135,2026-07-13T01:31:04,UPI,success
T0007705,A000833,A001051,374,2026-07-13T01:32:25,IMPS,success
T0005861,A000744,A001368,50000,2026-07-13T01:33:04,IMPS,success
T0010130,A000621,A000879,2145,2026-07-13T01:37:04,IMPS,success
T0002268,A000317,A000624,2435,2026-07-13T01:46:35,IMPS,success
T0002243,A000489,A000884,511,2026-07-13T01:50:19,IMPS,success
T0009393,A000214,A000029,486,2026-07-13T01:54:00,UPI,success
T0008448,A000817,A001287,913,2026-07-13T01:54:02,IMPS,success
T0002177,A001114,A000325,4875,2026-07-13T01:56:17,IMPS,success
T0005473,A000749,A000278,1082,2026-07-13T02:01:30,UPI,success
T0004914,A000512,A000262,12221,2026-07-13T02:02:35,IMPS,success
T0009168,A000895,A000862,1121,2026-07-13T02:09:56,NEFT,success
T0008881,A001330,A000559,1439,2026-07-13T02:14:32,IMPS,success
T0001324,A000750,A000816,1629,2026-07-13T02:19:53,IMPS,success
T0001374,A000604,A000132,50000,2026-07-13T02:22:51,IMPS,success
T0002130,A001056,A000168,575,2026-07-13T02:24:27,UPI,success
T0012463,A000871,A000543,65000,2026-07-13T02:24:56,UPI,success
T0006191,A000355,A000674,1237,2026-07-13T02:27:38,UPI,success
T0003348,A000388,A001216,65000,2026-07-13T02:27:53,UPI,success
T0012220,A000941,A001154,1226,2026-07-13T02:29:17,UPI,success
T0001419,A000059,A000003,646,2026-07-13T02:32:31,NEFT,success
T0005895,A001034,A001365,2165,2026-07-13T02:33:59,UPI,success
T0002897,A000520,A000009,4447,2026-07-13T02:38:03,NEFT,success
T0008121,A000802,A000293,296,2026-07-13T02:46:49,NEFT,success
T0010906,A000615,A001306,620,2026-07-13T02:48:34,UPI,success
T0014654,A000817,A001156,80000,2026-07-13T02:54:48,UPI,success
T0011252,A000305,A000279,7895,2026-07-13T02:55:13,UPI,success
T0005333,A001359,A001120,65000,2026-07-13T02:56:16,UPI,success
T0004844,A000044,A000270,1179,2026-07-13T03:00:46,IMPS,success
T0003424,A000355,A000352,362,2026-07-13T03:07:18,IMPS,success
T0003020,A000917,A000185,775,2026-07-13T03:13:22,NEFT,success
T0003682,A000094,A000429,699,2026-07-13T03:14:26,NEFT,success
T0014141,A001191,A000608,779,2026-07-13T03:18:19,UPI,success
T0010237,A000762,A000379,26333,2026-07-13T03:20:28,IMPS,success
T0007264,A000123,A001299,3512,2026-07-13T03:20:43,NEFT,success
T0001180,A000922,A001146,697,2026-07-13T03:25:58,NEFT,success
T0012974,A000088,A001214,5195,2026-07-13T03:35:26,UPI,success
T0008405,A000394,A001009,504,2026-07-13T03:36:02,UPI,success
T0008493,A001341,A000145,812,2026-07-13T03:36:25,IMPS,success
T0000700,A000071,A000983,9204,2026-07-13T03:48:44,UPI,success
T0007364,A000533,A000367,2706,2026-07-13T03:49:50,IMPS,success
T0010856,A001095,A001012,139,2026-07-13T03:51:24,NEFT,success
T0010757,A001091,A000458,35000,2026-07-13T03:52:47,UPI,success
T0010728,A000340,A001025,857,2026-07-13T03:53:07,UPI,success
T0008626,A000914,A001306,4813,2026-07-13T03:53:16,IMPS,success
T0006460,A000631,A000628,3644,2026-07-13T03:56:22,NEFT,success
T0009318,A000993,A001370,34403,2026-07-13T03:58:22,NEFT,success
T0014172,A000456,A000558,4620,2026-07-13T04:02:03,IMPS,success
T0012308,A001310,A001380,51030,2026-07-13T04:03:13,NEFT,success
T0009031,A001066,A000252,444,2026-07-13T04:10:04,UPI,success
T0006346,A000029,A001279,44264,2026-07-13T04:13:04,NEFT,success
T0010847,A000943,A000463,59381,2026-07-13T04:13:05,UPI,success
T0004260,A000803,A000253,2072,2026-07-13T04:17:25,NEFT,success
T0010149,A000730,A000805,2865,2026-07-13T04:19:41,NEFT,success
T0009014,A000984,A000680,4788,2026-07-13T04:20:05,UPI,success
T0011065,A000354,A000057,273,2026-07-13T04:23:21,UPI,success
T0006597,A001148,A000288,30143,2026-07-13T04:23:58,IMPS,success
T0001842,A000354,A000981,341,2026-07-13T04:25:00,NEFT,success
T0004230,A000479,A001216,10816,2026-07-13T04:26:17,IMPS,success
T0007055,A000933,A000104,571,2026-07-13T04:28:32,IMPS,success
T0002710,A000185,A000787,512,2026-07-13T04:29:29,UPI,success
T0007791,A000687,A000391,5596,2026-07-13T04:29:33,NEFT,success
T0002957,A000574,A001076,144,2026-07-13T04:30:10,UPI,success
T0007625,A001151,A000029,24982,2026-07-13T04:31:57,UPI,success
T0011623,A000554,A000384,372,2026-07-13T04:32:59,UPI,success
T0012801,A000967,A001057,27064,2026-07-13T04:37:19,IMPS,success
T0004997,A001155,A000621,601,2026-07-13T04:38:23,NEFT,success
T0011137,A001175,A001173,18826,2026-07-13T04:39:59,UPI,success
T0003687,A000486,A001312,15229,2026-07-13T04:40:25,IMPS,success
T0002204,A000427,A000953,7664,2026-07-13T04:47:05,IMPS,success
T0004977,A000130,A001173,56413,2026-07-13T05:04:44,UPI,success
T0004335,A000251,A000493,907,2026-07-13T05:05:06,NEFT,success
T0000626,A000713,A000430,751,2026-07-13T05:08:17,IMPS,success
T0013812,A000411,A000871,948,2026-07-13T05:21:41,NEFT,success
T0000529,A000619,A000606,682,2026-07-13T05:22:01,IMPS,success
T0006328,A000469,A000228,17116,2026-07-13T05:33:14,NEFT,success
T0000358,A000832,A000977,2464,2026-07-13T05:33:15,IMPS,success
T0004628,A000493,A001229,200000,2026-07-13T05:33:37,NEFT,success
T0003943,A000528,A000773,23278,2026-07-13T05:36:31,NEFT,success
T0013250,A000383,A000226,3593,2026-07-13T05:37:50,IMPS,success
T0009507,A000673,A001000,345,2026-07-13T05:39:11,UPI,success
T0009344,A000745,A001152,747,2026-07-13T05:41:16,IMPS,success
T0001930,A001198,A000710,2003,2026-07-13T05:43:53,NEFT,success
T0012759,A000493,A001257,25000,2026-07-13T05:45:02,IMPS,success
T0014428,A001113,A000096,462,2026-07-13T05:48:42,IMPS,success
T0001562,A001097,A000316,977,2026-07-13T05:49:31,NEFT,success
T0004936,A001136,A000840,2519,2026-07-13T05:50:07,IMPS,success
T0006646,A001211,A000406,23216,2026-07-13T05:51:02,NEFT,success
T0004501,A000419,A001102,555,2026-07-13T05:53:41,UPI,success
T0008146,A001032,A000001,352,2026-07-13T05:54:35,UPI,success
T0014457,A001281,A000684,667,2026-07-13T05:57:02,UPI,success
T0013759,A000620,A000426,65000,2026-07-13T06:04:37,UPI,success
T0009681,A000135,A001246,20344,2026-07-13T06:05:03,UPI,success
T0012413,A000824,A001165,748,2026-07-13T06:05:53,NEFT,success
T0003753,A001221,A000722,593,2026-07-13T06:08:56,NEFT,success
T0010412,A001024,A000236,185,2026-07-13T06:10:10,NEFT,success
T0013703,A001074,A000729,442,2026-07-13T06:11:37,UPI,success
T0004988,A000683,A000453,538,2026-07-13T06:13:49,UPI,success
T0007996,A001026,A000062,13555,2026-07-13T06:14:03,NEFT,success
T0004752,A001090,A000063,318,2026-07-13T06:14:46,UPI,success
T0011273,A001339,A000912,5000,2026-07-13T06:15:14,IMPS,success
T0005173,A001285,A000840,703,2026-07-13T06:16:31,IMPS,success
T0008245,A000146,A000244,1356,2026-07-13T06:23:55,IMPS,success
T0012278,A000274,A000098,28419,2026-07-13T06:24:51,IMPS,success
T0003351,A001243,A000689,65000,2026-07-13T06:26:12,NEFT,success
T0006564,A000779,A001342,3344,2026-07-13T06:27:54,NEFT,success
T0014815,A001153,A000420,269,2026-07-13T06:28:13,UPI,success
T0002672,A000571,A000402,2654,2026-07-13T06:28:22,NEFT,success
T0005951,A001315,A001178,71553,2026-07-13T06:30:26,NEFT,success
T0001140,A001194,A001355,22557,2026-07-13T06:35:07,NEFT,success
T0009141,A000255,A000969,590,2026-07-13T06:35:19,IMPS,success
T0004468,A000131,A000179,920,2026-07-13T06:38:54,IMPS,success
T0005759,A000843,A000514,724,2026-07-13T06:39:21,IMPS,success
T0003404,A001128,A000869,1018,2026-07-13T06:42:58,NEFT,success
T0012078,A001116,A000869,516,2026-07-13T06:44:07,UPI,success
T0008643,A000203,A000979,3887,2026-07-13T06:48:01,UPI,success
T0013921,A000527,A000971,5010,2026-07-13T06:50:28,UPI,success
T0004210,A001135,A000995,50000,2026-07-13T06:50:44,IMPS,success
T0014732,A000784,A000914,30121,2026-07-13T06:52:14,UPI,success
T0002329,A000092,A000393,15000,2026-07-13T07:00:04,NEFT,success
T0000453,A000617,A000127,35037,2026-07-13T07:00:58,UPI,success
T0012862,A001227,A000191,61495,2026-07-13T07:01:56,NEFT,success
T0013410,A001359,A000068,731,2026-07-13T07:02:06,UPI,success
T0004593,A000862,A001064,2056,2026-07-13T07:04:42,IMPS,success
T0008368,A000320,A000502,19598,2026-07-13T07:05:02,IMPS,success
T0001959,A000376,A001122,13377,2026-07-13T07:05:04,IMPS,success
T0010926,A000329,A000514,12265,2026-07-13T07:05:17,IMPS,success
T0002861,A000051,A001364,2532,2026-07-13T07:05:18,NEFT,success
T0007506,A001322,A001212,1207,2026-07-13T07:09:41,NEFT,success
T0003364,A000187,A001195,1274,2026-07-13T07:19:57,UPI,success
T0009024,A000655,A000927,15000,2026-07-13T07:20:37,IMPS,success
T0007963,A001287,A001051,204,2026-07-13T07:21:16,UPI,success
T0010914,A000144,A001320,42388,2026-07-13T07:23:01,NEFT,success
T0013427,A000370,A000676,11100,2026-07-13T07:24:40,UPI,success
T0007890,A000742,A000756,20188,2026-07-13T07:30:34,NEFT,success
T0003708,A000813,A000113,9502,2026-07-13T07:32:38,UPI,success
T0007911,A000146,A000630,161,2026-07-13T07:33:20,UPI,success
T0008591,A000128,A000768,5078,2026-07-13T07:34:29,NEFT,success
T0009337,A000471,A000334,280,2026-07-13T07:34:35,IMPS,success
T0000502,A001012,A000572,1504,2026-07-13T07:34:44,UPI,success
T0011280,A000441,A000260,80000,2026-07-13T07:36:56,IMPS,success
T0001382,A000319,A000774,4668,2026-07-13T07:41:27,UPI,success
T0007520,A001365,A000892,533,2026-07-13T07:47:54,IMPS,success
T0011261,A000661,A000923,953,2026-07-13T07:52:03,UPI,success
T0000507,A000351,A000746,466,2026-07-13T07:53:47,NEFT,failed
T0005098,A001317,A000390,275,2026-07-13T07:54:57,NEFT,success
T0007782,A001121,A001287,418,2026-07-13T07:58:19,UPI,success
T0001027,A000085,A000365,7097,2026-07-13T08:00:54,IMPS,success
T0007322,A000244,A000859,561,2026-07-13T08:00:58,NEFT,success
T0011732,A001130,A001056,339,2026-07-13T08:06:58,IMPS,success
T0011053,A000737,A000916,641,2026-07-13T08:10:03,NEFT,failed
T0013288,A000693,A000021,786,2026-07-13T08:10:44,UPI,success
T0009930,A000289,A001175,31592,2026-07-13T08:15:18,NEFT,success
T0006724,A000068,A000539,450,2026-07-13T08:15:36,NEFT,success
T0006450,A000111,A001267,5000,2026-07-13T08:15:55,UPI,success
T0001854,A000071,A000375,310,2026-07-13T08:20:12,NEFT,success
T0001356,A000809,A000149,25000,2026-07-13T08:20:41,UPI,success
T0001949,A001314,A000146,682,2026-07-13T08:24:33,NEFT,success
T0014297,A001272,A001079,18483,2026-07-13T08:30:32,IMPS,success
T0005077,A000082,A000113,182484,2026-07-13T08:31:55,NEFT,success
T0002856,A001328,A001233,578,2026-07-13T08:33:19,IMPS,success
T0001306,A000616,A001170,11312,2026-07-13T08:33:39,UPI,success
T0008100,A000664,A000373,577,2026-07-13T08:39:44,UPI,success
T0008390,A000416,A001053,39132,2026-07-13T08:41:44,IMPS,success
T0007586,A000532,A000349,16105,2026-07-13T08:46:15,IMPS,failed
T0009539,A001307,A000038,15014,2026-07-13T08:46:19,IMPS,success
T0002814,A000954,A001211,909,2026-07-13T08:46:59,IMPS,success
T0010211,A000348,A000233,1248,2026-07-13T08:47:04,NEFT,success
T0003611,A000338,A000817,4155,2026-07-13T08:49:11,IMPS,success
T0004824,A001304,A001217,15375,2026-07-13T08:49:21,NEFT,success
T0009643,A001207,A001060,1256,2026-07-13T08:55:51,NEFT,success
T0001233,A000498,A000430,431,2026-07-13T08:56:02,UPI,success
T0010317,A001173,A000243,93709,2026-07-13T08:56:34,UPI,success
T0005906,A000649,A000805,449,2026-07-13T08:57:32,UPI,success
T0010185,A001362,A001062,1202,2026-07-13T08:58:49,NEFT,success
T0006245,A000315,A000942,440,2026-07-13T08:59:02,UPI,failed
T0004419,A001213,A000178,1274,2026-07-13T09:00:27,UPI,success
T0014187,A000749,A000192,18534,2026-07-13T09:04:22,UPI,success
T0006309,A000255,A000955,25707,2026-07-13T09:07:51,NEFT,success
T0004231,A000311,A001238,1773,2026-07-13T09:09:40,UPI,success
T0011245,A000796,A000236,23338,2026-07-13T09:14:27,IMPS,success
T0013935,A001211,A000833,80000,2026-07-13T09:15:50,NEFT,success
T0006310,A000716,A001172,10936,2026-07-13T09:16:10,NEFT,success
T0014647,A000214,A001166,267,2026-07-13T09:18:21,NEFT,success
T0013513,A001374,A000898,50000,2026-07-13T09:23:55,UPI,success
T0004452,A000298,A000397,501,2026-07-13T09:26:29,IMPS,failed
T0010981,A000742,A000212,27903,2026-07-13T09:29:47,IMPS,success
T0005111,A000554,A000847,975,2026-07-13T09:34:12,IMPS,success
T0007558,A001285,A001082,586,2026-07-13T09:41:07,IMPS,success
T0006139,A000372,A000207,15000,2026-07-13T09:46:06,IMPS,success
T0013770,A001303,A000127,4733,2026-07-13T09:49:09,UPI,success
T0007041,A001186,A000040,25000,2026-07-13T09:51:12,IMPS,success
T0012060,A000616,A001141,65000,2026-07-13T09:51:18,IMPS,success
T0007219,A000437,A000189,847,2026-07-13T09:52:14,NEFT,success
T0001160,A001069,A001020,480,2026-07-13T09:54:34,UPI,success
T0005557,A001261,A000036,65000,2026-07-13T10:02:31,UPI,success
T0007740,A000879,A000162,779,2026-07-13T10:04:59,UPI,success
T0003306,A000456,A000918,1721,2026-07-13T10:07:09,UPI,success
T0004885,A001338,A000875,1039,2026-07-13T10:07:55,UPI,failed
T0010180,A000940,A001324,15000,2026-07-13T10:08:39,IMPS,success
T0002098,A000663,A000688,2576,2026-07-13T10:10:16,IMPS,success
T0012623,A000074,A000419,35000,2026-07-13T10:10:23,NEFT,success
T0011954,A001012,A001322,1180,2026-07-13T10:11:07,NEFT,success
T0013910,A000498,A000747,50000,2026-07-13T10:11:13,IMPS,success
T0001358,A000438,A000214,25000,2026-07-13T10:12:12,UPI,success
T0004949,A000032,A000273,508,2026-07-13T10:16:31,UPI,success
T0010763,A001185,A000512,1244,2026-07-13T10:22:30,IMPS,success
T0009646,A000637,A000374,1523,2026-07-13T10:24:14,IMPS,success
T0004160,A000312,A000024,209,2026-07-13T10:26:58,IMPS,success
T0012054,A000774,A001138,336,2026-07-13T10:29:26,IMPS,success
T0004823,A001278,A000260,26496,2026-07-13T10:32:10,NEFT,success
T0002915,A000581,A000858,25000,2026-07-13T10:32:35,IMPS,success
T0007789,A000052,A001251,8069,2026-07-13T10:32:57,UPI,success
T0000206,A000243,A000604,1254,2026-07-13T10:37:03,NEFT,success
T0010106,A000480,A000292,45912,2026-07-13T10:38:33,UPI,success
T0001111,A000381,A000943,1067,2026-07-13T10:38:56,IMPS,success
T0007639,A000625,A000704,17872,2026-07-13T10:44:05,NEFT,success
T0008513,A000564,A000074,50000,2026-07-13T10:44:36,UPI,success
T0003034,A000728,A000714,199,2026-07-13T10:47:22,NEFT,success
T0006304,A001071,A000815,21339,2026-07-13T10:49:53,UPI,success
T0014308,A000545,A000954,413,2026-07-13T10:51:13,UPI,success
T0012672,A001258,A000986,12027,2026-07-13T10:52:35,NEFT,success
T0002866,A000114,A000096,50000,2026-07-13T10:54:10,IMPS,success
T0012210,A000772,A000522,15000,2026-07-13T10:55:51,IMPS,success
T0011955,A001186,A000288,1097,2026-07-13T11:03:41,NEFT,success
T0014841,A001154,A000295,4552,2026-07-13T11:06:12,UPI,success
T0010244,A000435,A001115,1136,2026-07-13T11:08:40,IMPS,success
T0014119,A000846,A000322,208,2026-07-13T11:11:24,NEFT,success
T0013015,A000669,A000547,864,2026-07-13T11:16:22,NEFT,success
T0003474,A000965,A000989,980,2026-07-13T11:24:21,UPI,success
T0014323,A001100,A001035,771,2026-07-13T11:26:07,IMPS,success
T0003305,A000108,A001000,556,2026-07-13T11:27:37,UPI,success
T0004527,A000311,A000721,444,2026-07-13T11:27:51,UPI,success
T0006882,A000819,A000422,53133,2026-07-13T11:28:22,NEFT,success
T0001315,A000520,A000937,22947,2026-07-13T11:35:15,NEFT,success
T0007878,A000422,A000623,65000,2026-07-13T11:35:43,IMPS,success
T0005905,A001187,A000537,13012,2026-07-13T11:38:37,UPI,success
T0009243,A000059,A000952,624,2026-07-13T11:39:11,NEFT,success
T0009416,A000118,A001065,796,2026-07-13T11:39:17,UPI,success
T0004515,A000420,A001130,1845,2026-07-13T11:40:15,UPI,success
T0000929,A000324,A000080,1369,2026-07-13T11:40:38,NEFT,success
T0002923,A000610,A000483,27231,2026-07-13T11:41:07,NEFT,failed
T0003767,A001272,A000585,177,2026-07-13T11:41:36,UPI,success
T0014290,A000494,A000874,386,2026-07-13T11:44:36,UPI,success
T0013870,A000596,A000545,847,2026-07-13T11:51:36,NEFT,success
T0013984,A000397,A000214,1131,2026-07-13T11:52:45,IMPS,success
T0002780,A000724,A000206,23738,2026-07-13T11:53:27,UPI,success
T0013966,A000504,A000428,294,2026-07-13T11:54:58,IMPS,success
T0006422,A000272,A000293,570,2026-07-13T12:01:02,IMPS,success
T0014057,A000618,A000273,81,2026-07-13T12:06:22,NEFT,success
T0005488,A000479,A000725,65000,2026-07-13T12:08:21,NEFT,success
T0002462,A001158,A000254,355,2026-07-13T12:09:06,NEFT,success
T0007718,A000483,A001036,1180,2026-07-13T12:10:20,IMPS,success
T0009937,A001058,A000911,515,2026-07-13T12:10:29,IMPS,success
T0012262,A001334,A000037,41662,2026-07-13T12:10:32,UPI,success
T0001094,A000255,A000049,872,2026-07-13T12:11:31,UPI,success
T0003704,A000024,A000704,15000,2026-07-13T12:16:00,IMPS,success
T0002453,A000590,A000567,1125,2026-07-13T12:17:55,IMPS,success
T0009790,A000515,A001228,1832,2026-07-13T12:21:32,NEFT,success
T0003421,A000837,A000003,2221,2026-07-13T12:26:15,UPI,success
T0007480,A000858,A000528,25000,2026-07-13T12:28:34,NEFT,success
T0004399,A000713,A001350,50000,2026-07-13T12:30:00,IMPS,success
T0012787,A000583,A001277,25000,2026-07-13T12:30:47,IMPS,success
T0000353,A001105,A000283,65000,2026-07-13T12:35:32,IMPS,success
T0010897,A001130,A000950,315,2026-07-13T12:35:49,IMPS,success
T0001850,A000867,A000253,158,2026-07-13T12:38:38,NEFT,success
T0006275,A000179,A000037,303,2026-07-13T12:41:36,UPI,success
T0011012,A000589,A000316,1574,2026-07-13T12:41:44,UPI,success
T0012842,A001188,A000436,58605,2026-07-13T12:41:57,IMPS,success
T0014787,A001247,A001078,457,2026-07-13T12:43:21,IMPS,success
T0012505,A000526,A000913,474,2026-07-13T12:49:45,UPI,success
T0011166,A001158,A001304,730,2026-07-13T12:50:36,IMPS,success
T0007006,A000522,A000574,1814,2026-07-13T12:53:05,UPI,success
T0006912,A000397,A000286,237,2026-07-13T13:08:50,NEFT,success
T0009673,A000604,A000555,5174,2026-07-13T13:09:18,IMPS,success
T0000527,A001275,A000972,96560,2026-07-13T13:10:45,UPI,success
T0013544,A000338,A000995,24434,2026-07-13T13:11:24,NEFT,success
T0001463,A001130,A001243,677,2026-07-13T13:11:35,UPI,success
T0008376,A000541,A000662,53305,2026-07-13T13:12:10,UPI,success
T0013746,A000086,A000507,320,2026-07-13T13:13:42,NEFT,success
T0006756,A000024,A000779,351,2026-07-13T13:22:15,IMPS,success
T0014727,A000454,A000037,372,2026-07-13T13:24:44,UPI,success
T0001004,A000547,A001223,266,2026-07-13T13:27:02,UPI,success
T0012188,A000293,A000863,167,2026-07-13T13:27:43,UPI,success
T0003525,A000234,A000461,604,2026-07-13T13:33:10,IMPS,success
T0011918,A000588,A000028,45949,2026-07-13T13:37:32,IMPS,success
T0010245,A001072,A000401,337,2026-07-13T13:47:05,IMPS,success
T0010891,A000791,A000697,22671,2026-07-13T13:48:37,IMPS,success
T0003654,A001235,A000726,15000,2026-07-13T13:48:51,IMPS,success
T0006935,A000555,A000641,1277,2026-07-13T13:48:51,NEFT,success
T0000794,A000601,A001286,719,2026-07-13T13:48:59,IMPS,success
T0003223,A000323,A000133,797,2026-07-13T13:54:46,UPI,success
T0004200,A000846,A000887,1200,2026-07-13T13:58:14,IMPS,success
T0005987,A000936,A000878,47843,2026-07-13T13:58:56,NEFT,success
T0014921,A001342,A000626,25000,2026-07-13T14:00:50,UPI,success
T0008565,A000103,A000230,2483,2026-07-13T14:01:53,NEFT,success
T0004963,A000756,A000144,66700,2026-07-13T14:01:54,UPI,success
T0010398,A001107,A001028,12079,2026-07-13T14:02:27,NEFT,success
T0002618,A000860,A000872,8928,2026-07-13T14:10:00,UPI,success
T0010378,A000845,A001152,65000,2026-07-13T14:10:31,IMPS,success
T0000706,A000741,A000737,495,2026-07-13T14:14:56,IMPS,success
T0014816,A000642,A001161,35000,2026-07-13T14:16:46,NEFT,success
T0014985,A000586,A001342,30954,2026-07-13T14:20:02,NEFT,success
T0005263,A000854,A000459,913,2026-07-13T14:23:13,NEFT,success
T0003772,A001248,A000566,10311,2026-07-13T14:29:08,NEFT,success
T0004476,A000886,A000079,192,2026-07-13T14:31:18,UPI,success
T0002088,A000719,A000551,1939,2026-07-13T14:36:21,IMPS,success
T0007941,A001066,A000605,35000,2026-07-13T14:38:08,NEFT,success
T0001869,A001305,A000068,5778,2026-07-13T14:42:35,IMPS,success
T0013726,A000583,A000565,5484,2026-07-13T14:46:35,UPI,success
T0005613,A000947,A001201,542,2026-07-13T14:48:10,UPI,success
T0006795,A000027,A000250,475,2026-07-13T14:48:32,NEFT,success
T0001379,A001323,A000743,440,2026-07-13T14:48:59,UPI,success
T0004066,A000887,A001168,50000,2026-07-13T14:51:15,NEFT,success
T0006528,A001072,A000890,35000,2026-07-13T14:52:47,UPI,success
T0005635,A000784,A000592,366,2026-07-13T14:53:29,UPI,success
T0010889,A001208,A000621,194,2026-07-13T14:54:57,IMPS,success
T0010280,A001204,A000272,2385,2026-07-13T14:59:06,NEFT,success
T0012351,A001007,A001353,1006,2026-07-13T14:59:47,UPI,success
T0007205,A000700,A000658,788,2026-07-13T15:00:52,NEFT,success
T0010939,A000925,A000011,1603,2026-07-13T15:07:01,IMPS,success
T0001735,A000687,A000254,1618,2026-07-13T15:07:39,UPI,success
T0004871,A001355,A001098,167,2026-07-13T15:07:39,NEFT,success
T0003642,A001082,A000177,28892,2026-07-13T15:09:36,NEFT,success
T0000391,A000216,A000149,1398,2026-07-13T15:12:11,IMPS,success
T0003722,A000060,A001241,846,2026-07-13T15:16:44,NEFT,success
T0004010,A000155,A000192,14558,2026-07-13T15:19:20,UPI,success
T0002257,A000709,A000692,170,2026-07-13T15:19:49,NEFT,success
T0007645,A001349,A000076,35000,2026-07-13T15:27:45,IMPS,success
T0003042,A001284,A001218,9022,2026-07-13T15:29:50,IMPS,success
T0014547,A000061,A000155,597,2026-07-13T15:30:59,UPI,success
T0008417,A001182,A000595,552,2026-07-13T15:32:20,UPI,success
T0006493,A000903,A000902,999,2026-07-13T15:34:20,UPI,success
T0005794,A000296,A001047,780,2026-07-13T15:34:56,UPI,success
T0001009,A000665,A000405,65000,2026-07-13T15:37:57,UPI,success
T0004043,A000976,A000652,958,2026-07-13T15:44:31,UPI,success
T0005065,A000611,A000340,275,2026-07-13T15:50:39,UPI,success
T0002111,A000276,A000753,384,2026-07-13T15:51:45,IMPS,success
T0013939,A000212,A000053,14310,2026-07-13T15:51:58,IMPS,success
T0007535,A000057,A000570,27004,2026-07-13T15:54:57,NEFT,success
T0006267,A000143,A000033,795,2026-07-13T15:56:18,UPI,success
T0010961,A001354,A000303,35000,2026-07-13T15:56:23,UPI,success
T0001162,A000158,A001177,5000,2026-07-13T15:58:29,NEFT,success
T0000890,A000370,A000399,987,2026-07-13T16:00:52,UPI,success
T0001100,A000780,A000477,47919,2026-07-13T16:04:11,IMPS,success
T0014687,A000840,A001212,7887,2026-07-13T16:04:24,IMPS,success
T0003167,A000270,A000687,80000,2026-07-13T16:06:16,UPI,success
T0005800,A000576,A000696,2562,2026-07-13T16:07:38,IMPS,success
T0003887,A000606,A000122,249,2026-07-13T16:11:13,IMPS,success
T0011758,A000510,A001355,1472,2026-07-13T16:15:34,IMPS,success
T0012335,A000038,A000632,25456,2026-07-13T16:23:35,IMPS,success
T0000569,A001024,A001167,12792,2026-07-13T16:26:04,NEFT,success
T0000467,A001379,A001077,33680,2026-07-13T16:27:47,UPI,success
T0013482,A000367,A000662,35000,2026-07-13T16:30:11,NEFT,success
T0004486,A000960,A000864,7389,2026-07-13T16:33:17,NEFT,success
T0012142,A000948,A000029,1097,2026-07-13T16:36:00,NEFT,success
T0001299,A000231,A001019,845,2026-07-13T16:36:25,IMPS,success
T0010459,A000392,A000721,264,2026-07-13T16:41:04,IMPS,success
T0005614,A000527,A000281,1176,2026-07-13T16:42:30,NEFT,success
T0007057,A000049,A000704,3213,2026-07-13T16:51:41,IMPS,success
T0003635,A000020,A000185,205,2026-07-13T16:53:22,NEFT,success
T0001089,A001117,A000947,870,2026-07-13T16:57:39,NEFT,success
T0002767,A000287,A001333,1645,2026-07-13T16:58:32,NEFT,success
T0001287,A000937,A001224,130,2026-07-13T16:59:35,IMPS,success
T0006109,A000774,A000720,50000,2026-07-13T17:00:46,UPI,success
T0014491,A000738,A001172,446,2026-07-13T17:03:51,NEFT,success
T0004325,A000207,A001329,748,2026-07-13T17:04:05,NEFT,success
T0013244,A000198,A000586,661,2026-07-13T17:05:13,NEFT,success
T0003221,A000577,A000716,1069,2026-07-13T17:05:45,IMPS,success
T0012331,A000231,A000109,12894,2026-07-13T17:06:40,NEFT,success
T0001082,A000843,A000998,15000,2026-07-13T17:08:26,UPI,success
T0004147,A000487,A000004,220,2026-07-13T17:08:57,UPI,success
T0013459,A001037,A000138,2038,2026-07-13T17:09:51,IMPS,success
T0010218,A000261,A000144,40974,2026-07-13T17:11:04,UPI,success
T0001385,A001063,A000479,969,2026-07-13T17:13:48,UPI,success
T0007415,A000454,A000517,50,2026-07-13T17:16:21,IMPS,success
T0001086,A000380,A000445,931,2026-07-13T17:19:36,UPI,success
T0002705,A001085,A000941,1766,2026-07-13T17:20:18,IMPS,success
T0014773,A000642,A000268,373,2026-07-13T17:20:48,IMPS,success
T0013033,A001110,A000019,55198,2026-07-13T17:22:14,UPI,success
T0013408,A001380,A000075,520,2026-07-13T17:24:07,UPI,success
T0012435,A000793,A000354,1339,2026-07-13T17:25:11,UPI,success
T0005246,A000548,A001141,38392,2026-07-13T17:26:27,NEFT,success
T0008051,A000058,A000987,2063,2026-07-13T17:27:07,NEFT,success
T0006293,A001291,A000254,291,2026-07-13T17:29:47,UPI,success
T0010549,A000869,A000058,1723,2026-07-13T17:31:01,IMPS,success
T0002670,A001334,A001072,65000,2026-07-13T17:35:32,UPI,success
T0004341,A001165,A000384,15000,2026-07-13T17:35:47,UPI,failed
T0004283,A000643,A001316,22740,2026-07-13T17:37:19,IMPS,success
T0003534,A000281,A001293,771,2026-07-13T17:37:34,IMPS,success
T0014046,A000566,A000945,463,2026-07-13T17:37:44,IMPS,success
T0002892,A000481,A001243,5000,2026-07-13T17:40:53,NEFT,success
T0009504,A000774,A000895,2433,2026-07-13T17:43:32,UPI,success
T0000394,A000874,A000979,26207,2026-07-13T17:45:03,IMPS,success
T0001286,A000990,A000941,798,2026-07-13T17:45:13,NEFT,success
T0003143,A000649,A000592,220,2026-07-13T17:46:19,IMPS,success
T0007521,A000536,A000863,1121,2026-07-13T17:49:03,UPI,success
T0014441,A000310,A001217,1091,2026-07-13T17:52:56,IMPS,success
T0010882,A001165,A000275,671,2026-07-13T17:53:07,NEFT,success
T0003416,A000552,A000504,80000,2026-07-13T17:55:36,NEFT,success
T0013139,A000778,A001060,13992,2026-07-13T17:56:11,IMPS,success
T0004612,A001204,A001369,361,2026-07-13T17:56:52,NEFT,success
T0004888,A000935,A000134,297,2026-07-13T17:57:00,UPI,success
T0010239,A001024,A000023,407,2026-07-13T17:59:38,IMPS,success
T0013488,A000460,A001373,22316,2026-07-13T18:02:22,NEFT,success
T0012295,A001182,A000229,20108,2026-07-13T18:03:02,UPI,success
T0001744,A000015,A000783,41927,2026-07-13T18:03:12,NEFT,success
T0005626,A000361,A000076,35000,2026-07-13T18:04:51,IMPS,success
T0011865,A000526,A000248,645,2026-07-13T18:07:26,UPI,success
T0010150,A000440,A000475,15000,2026-07-13T18:10:13,IMPS,success
T0005929,A000512,A000377,25000,2026-07-13T18:11:05,IMPS,success
T0008536,A001073,A001202,15000,2026-07-13T18:11:18,IMPS,success
T0007442,A001157,A001145,565,2026-07-13T18:15:06,NEFT,success
T0014726,A000621,A000359,347,2026-07-13T18:16:56,NEFT,success
T0007557,A001180,A000386,3433,2026-07-13T18:17:34,NEFT,success
T0002726,A000772,A000025,708,2026-07-13T18:20:19,IMPS,success
T0002402,A000104,A001111,980,2026-07-13T18:21:58,UPI,success
T0000410,A000507,A000512,143,2026-07-13T18:22:28,IMPS,success
T0012698,A000960,A001068,931,2026-07-13T18:22:51,IMPS,success
T0006197,A001356,A000484,21834,2026-07-13T18:28:18,UPI,success
T0002586,A000201,A001232,996,2026-07-13T18:30:20,UPI,success
T0006155,A000286,A000985,1994,2026-07-13T18:34:15,IMPS,success
T0012712,A001323,A001184,2965,2026-07-13T18:35:02,IMPS,success
T0011197,A000629,A000512,791,2026-07-13T18:36:01,IMPS,success
T0012036,A000255,A000534,423,2026-07-13T18:38:58,UPI,failed
T0000392,A000031,A000273,626,2026-07-13T18:42:22,UPI,success
T0007085,A000422,A000703,386,2026-07-13T18:43:50,NEFT,success
T0014378,A000999,A000040,586,2026-07-13T18:45:56,NEFT,success
T0009763,A001373,A001043,366,2026-07-13T18:50:21,NEFT,success
T0005107,A001224,A000834,2213,2026-07-13T18:52:57,NEFT,success
T0008088,A000258,A001019,20277,2026-07-13T18:54:04,NEFT,success
T0008868,A001000,A000990,593,2026-07-13T18:56:00,UPI,success
T0010402,A000449,A001249,50000,2026-07-13T18:56:19,NEFT,success
T0010546,A001320,A000316,147,2026-07-13T18:57:12,NEFT,success
T0012714,A001343,A000152,1743,2026-07-13T18:58:30,IMPS,success
T0009292,A001282,A001083,61925,2026-07-13T18:58:41,IMPS,success
T0008502,A000810,A000510,463,2026-07-13T18:59:42,IMPS,success
T0004979,A000738,A001037,2262,2026-07-13T19:02:21,UPI,success
T0000522,A000986,A000975,25000,2026-07-13T19:03:50,IMPS,success
T0002247,A000311,A000515,2919,2026-07-13T19:06:08,UPI,success
T0002525,A000411,A000627,364,2026-07-13T19:07:28,UPI,success
T0014042,A000027,A000020,850,2026-07-13T19:08:58,IMPS,success
T0010530,A000854,A000707,25000,2026-07-13T19:12:35,UPI,success
T0013024,A000351,A000074,50002,2026-07-13T19:12:40,NEFT,success
T0001704,A000410,A000705,65000,2026-07-13T19:15:58,NEFT,success
T0005421,A000374,A000453,739,2026-07-13T19:20:52,NEFT,success
T0000546,A001318,A000990,612,2026-07-13T19:21:20,NEFT,success
T0005385,A000739,A000043,585,2026-07-13T19:33:07,UPI,success
T0014954,A000795,A000395,6096,2026-07-13T19:34:47,IMPS,success
T0012675,A000235,A000439,950,2026-07-13T19:38:47,UPI,success
T0003625,A000486,A001286,514,2026-07-13T19:39:37,NEFT,success
T0008967,A000310,A001211,15000,2026-07-13T19:40:31,NEFT,success
T0010692,A000198,A000723,2066,2026-07-13T19:40:45,NEFT,success
T0008387,A000490,A000945,751,2026-07-13T19:40:57,UPI,success
T0008562,A000161,A000171,1363,2026-07-13T19:43:15,NEFT,success
T0010025,A001220,A000051,2852,2026-07-13T19:45:07,UPI,success
T0001599,A001236,A000397,491,2026-07-13T19:50:43,IMPS,success
T0011628,A000996,A000772,408,2026-07-13T19:55:58,IMPS,success
T0011942,A000309,A001375,417,2026-07-13T20:00:41,IMPS,success
T0010877,A000924,A000204,952,2026-07-13T20:02:19,UPI,success
T0012079,A000913,A000462,1154,2026-07-13T20:05:43,NEFT,success
T0002925,A000462,A000998,604,2026-07-13T20:16:46,UPI,success
T0000752,A000778,A001347,38156,2026-07-13T20:19:10,NEFT,success
T0011037,A000232,A000942,519,2026-07-13T20:22:24,IMPS,success
T0006498,A000135,A000405,681,2026-07-13T20:25:40,UPI,success
T0010648,A000556,A000106,3288,2026-07-13T20:30:15,UPI,success
T0002950,A001313,A000103,16818,2026-07-13T20:30:24,NEFT,success
T0014580,A001301,A000221,1941,2026-07-13T20:37:52,NEFT,success
T0004581,A000408,A000903,11474,2026-07-13T20:38:55,NEFT,success
T0003901,A001097,A001030,1535,2026-07-13T20:39:22,NEFT,success
T0013798,A000859,A000908,1088,2026-07-13T20:41:35,IMPS,success
T0007945,A000780,A000660,542,2026-07-13T20:44:57,IMPS,success
T0006288,A000256,A000712,37504,2026-07-13T20:49:25,IMPS,success
T0005515,A000869,A001232,2938,2026-07-13T20:57:20,UPI,success
T0001096,A000174,A001179,69,2026-07-13T20:57:56,NEFT,success
T0003703,A000611,A001197,1638,2026-07-13T21:01:19,NEFT,failed
T0012128,A000513,A000707,368,2026-07-13T21:01:20,UPI,success
T0007033,A000249,A001376,1083,2026-07-13T21:02:02,NEFT,success
T0007473,A001274,A001135,1461,2026-07-13T21:02:54,IMPS,success
T0002492,A001340,A000151,5000,2026-07-13T21:06:16,IMPS,success
T0012917,A000105,A000534,17398,2026-07-13T21:09:41,UPI,success
T0006301,A001349,A000768,805,2026-07-13T21:10:50,NEFT,success
T0010486,A000014,A001197,267,2026-07-13T21:16:36,UPI,success
T0012454,A000026,A000931,173,2026-07-13T21:17:13,UPI,success
T0013227,A000362,A000563,671,2026-07-13T21:19:25,NEFT,success
T0007207,A001307,A001104,248,2026-07-13T21:25:23,IMPS,success
T0007104,A000956,A000440,15000,2026-07-13T21:32:05,IMPS,success
T0001205,A001347,A000820,1955,2026-07-13T21:34:35,UPI,success
T0001084,A000549,A000840,840,2026-07-13T21:35:20,NEFT,success
T0012660,A001243,A000122,2410,2026-07-13T21:38:11,NEFT,success
T0012383,A000678,A000357,39652,2026-07-13T21:40:48,IMPS,success
T0005291,A001074,A000569,64972,2026-07-13T21:47:31,UPI,success
T0013786,A000547,A000993,29698,2026-07-13T21:51:56,UPI,success
T0003886,A000428,A000527,65000,2026-07-13T21:54:59,IMPS,success
T0005518,A000141,A001016,27886,2026-07-13T21:55:00,IMPS,success
T0011260,A001329,A001341,50000,2026-07-13T21:55:15,NEFT,success
T0000643,A000426,A001185,1438,2026-07-13T21:55:32,NEFT,success
T0005940,A001123,A000686,14324,2026-07-13T21:55:35,UPI,success
T0005104,A000306,A000101,1674,2026-07-13T21:58:44,NEFT,success
T0005965,A000114,A000046,114,2026-07-13T21:58:51,NEFT,success
T0001068,A000820,A000821,1804,2026-07-13T22:00:24,IMPS,success
T0002485,A000545,A000815,50000,2026-07-13T22:00:43,UPI,success
T0014140,A000384,A000178,15651,2026-07-13T22:00:43,IMPS,success
T0004083,A000238,A000790,775,2026-07-13T22:08:45,NEFT,success
T0013954,A000499,A000870,72815,2026-07-13T22:09:17,IMPS,success
T0009952,A000896,A000103,5227,2026-07-13T22:10:27,NEFT,success
T0000421,A000935,A001215,2055,2026-07-13T22:13:19,NEFT,success
T0012790,A000277,A001241,117,2026-07-13T22:14:34,IMPS,success
T0005971,A000890,A001207,510,2026-07-13T22:16:02,UPI,success
T0006258,A001285,A000084,395,2026-07-13T22:17:19,IMPS,success
T0012340,A001293,A000863,622,2026-07-13T22:19:57,IMPS,success
T0013860,A000470,A001321,18401,2026-07-13T22:19:58,NEFT,success
T0002667,A001319,A000624,7247,2026-07-13T22:21:18,NEFT,success
T0006341,A001094,A000547,1810,2026-07-13T22:23:31,IMPS,success
T0005859,A000225,A000885,7756,2026-07-13T22:25:00,UPI,success
T0000791,A000546,A000695,80000,2026-07-13T22:30:54,NEFT,success
T0009084,A001324,A001336,718,2026-07-13T22:33:34,IMPS,success
T0001646,A000349,A000646,832,2026-07-13T22:33:48,NEFT,success
T0002389,A001051,A000899,555,2026-07-13T22:34:54,IMPS,success
T0012232,A001112,A000652,351,2026-07-13T22:35:49,IMPS,success
T0005094,A000240,A001341,50000,2026-07-13T22:45:56,IMPS,success
T0003817,A000066,A000653,670,2026-07-13T22:49:33,UPI,success
T0009179,A000634,A001073,1815,2026-07-13T22:51:32,NEFT,success
T0002271,A001063,A000732,6829,2026-07-13T23:00:32,NEFT,success
T0001872,A001169,A000845,184,2026-07-13T23:03:58,IMPS,success
T0012240,A000116,A000530,442,2026-07-13T23:03:58,NEFT,success
T0009021,A000562,A001199,19467,2026-07-13T23:05:30,IMPS,success
T0004734,A000004,A001214,1008,2026-07-13T23:19:58,UPI,success
T0004250,A001096,A001271,854,2026-07-13T23:22:32,NEFT,success
T0008273,A000093,A001041,53765,2026-07-13T23:23:27,IMPS,success
T0007880,A000336,A000271,710,2026-07-13T23:28:02,UPI,success
T0012051,A001374,A000739,15000,2026-07-13T23:28:47,IMPS,success
T0005228,A000990,A001374,13035,2026-07-13T23:31:08,UPI,success
T0011316,A000246,A000724,12333,2026-07-13T23:32:07,UPI,success
T0006150,A000511,A000723,304,2026-07-13T23:32:31,UPI,success
T0002322,A000013,A000071,2989,2026-07-13T23:34:49,NEFT,success
T0008817,A001369,A000033,609,2026-07-13T23:37:11,IMPS,success
T0013051,A001068,A000495,1212,2026-07-13T23:37:45,IMPS,success
T0014737,A000120,A000872,1370,2026-07-13T23:46:56,UPI,success
T0000480,A000433,A000485,6991,2026-07-13T23:46:57,UPI,success
T0005775,A000135,A000209,15000,2026-07-13T23:47:38,NEFT,success
T0001110,A000065,A000446,388,2026-07-13T23:48:42,NEFT,success
T0010423,A001157,A000673,66892,2026-07-13T23:49:25,IMPS,success
T0006925,A000595,A000911,514,2026-07-13T23:51:17,UPI,success
T0002304,A000804,A000334,351,2026-07-14T00:09:39,NEFT,success
T0007671,A000922,A000296,1863,2026-07-14T00:09:52,UPI,success
T0013091,A000693,A001357,330,2026-07-14T00:11:23,IMPS,success
T0005254,A000384,A000678,1251,2026-07-14T00:13:06,UPI,success
T0008660,A000968,A000581,25000,2026-07-14T00:22:21,IMPS,success
T0013007,A000846,A001365,1113,2026-07-14T00:25:37,UPI,success
T0007573,A000007,A000436,505,2026-07-14T00:29:08,IMPS,failed
T0000736,A000011,A000890,370,2026-07-14T00:29:11,UPI,success
T0014235,A000011,A000956,52487,2026-07-14T00:39:05,IMPS,success
T0010427,A000251,A000325,1454,2026-07-14T00:40:45,IMPS,success
T0000628,A000133,A001184,1391,2026-07-14T00:41:06,NEFT,success
T0002242,A001138,A001222,372,2026-07-14T00:42:45,UPI,success
T0008099,A001363,A000185,147,2026-07-14T00:43:47,IMPS,success
T0002026,A000439,A001259,35000,2026-07-14T00:47:05,UPI,success
T0012949,A001054,A000007,2093,2026-07-14T00:54:30,IMPS,success
T0014697,A000737,A001144,5120,2026-07-14T00:54:44,NEFT,success
T0011200,A000828,A000522,1651,2026-07-14T00:57:18,IMPS,success
T0013660,A001198,A000648,1917,2026-07-14T00:57:28,IMPS,success
T0003564,A000734,A000480,15000,2026-07-14T00:59:46,UPI,success
T0012538,A000298,A001229,573,2026-07-14T01:00:32,UPI,success
T0007316,A000630,A001273,65000,2026-07-14T01:08:59,NEFT,success
T0010568,A000202,A001173,65000,2026-07-14T01:09:02,IMPS,success
T0010263,A000163,A001189,8859,2026-07-14T01:12:54,IMPS,success
T0012894,A000347,A000154,465,2026-07-14T01:14:02,NEFT,success
T0011988,A000938,A000661,27587,2026-07-14T01:16:21,UPI,success
T0009228,A000808,A000996,419,2026-07-14T01:19:15,IMPS,success
T0006809,A001257,A000732,3881,2026-07-14T01:19:28,NEFT,success
T0006987,A000874,A000478,802,2026-07-14T01:23:28,IMPS,success
T0011700,A001378,A001056,1270,2026-07-14T01:30:49,IMPS,success
T0011416,A000368,A000801,1124,2026-07-14T01:34:18,IMPS,success
T0005261,A001186,A001281,22787,2026-07-14T01:35:33,IMPS,success
T0000532,A000938,A000585,33102,2026-07-14T01:40:04,NEFT,success
T0011256,A001123,A000851,1285,2026-07-14T01:40:18,UPI,success
T0010074,A000386,A000791,65000,2026-07-14T01:47:19,IMPS,success
T0005023,A000977,A000072,503,2026-07-14T01:49:27,IMPS,success
T0004265,A000230,A000128,15374,2026-07-14T01:55:43,UPI,success
T0003811,A000486,A000495,182,2026-07-14T01:57:13,NEFT,success
T0004007,A000794,A001025,906,2026-07-14T01:58:05,UPI,success
T0010674,A000014,A001032,3049,2026-07-14T01:58:05,UPI,success
T0007716,A000585,A000610,1853,2026-07-14T02:06:48,IMPS,success
T0002426,A000036,A001166,18358,2026-07-14T02:10:08,IMPS,success
T0005936,A000130,A000434,15000,2026-07-14T02:10:15,IMPS,success
T0002325,A000013,A000500,43686,2026-07-14T02:10:51,UPI,success
T0001960,A000167,A000359,94670,2026-07-14T02:11:43,IMPS,success
T0003044,A000250,A000157,36979,2026-07-14T02:13:00,UPI,success
T0005005,A000511,A000238,14175,2026-07-14T02:13:19,IMPS,success
T0014474,A000433,A001259,728,2026-07-14T02:13:51,NEFT,success
T0009958,A000207,A000956,140281,2026-07-14T02:19:11,IMPS,success
T0010631,A001319,A001096,50000,2026-07-14T02:21:20,NEFT,success
T0005419,A000931,A000478,347,2026-07-14T02:21:26,UPI,success
T0004643,A000628,A000463,2759,2026-07-14T02:23:02,IMPS,success
T0005335,A000349,A000947,480,2026-07-14T02:24:16,UPI,success
T0001683,A000736,A000810,80000,2026-07-14T02:27:11,IMPS,success
T0007355,A000524,A001108,6945,2026-07-14T02:31:09,NEFT,success
T0000965,A000099,A000182,455,2026-07-14T02:34:00,IMPS,success
T0001686,A001329,A000975,80000,2026-07-14T02:34:42,UPI,success
T0012288,A000633,A001239,1209,2026-07-14T02:40:29,NEFT,success
T0006933,A000979,A001207,4990,2026-07-14T02:44:30,NEFT,success
T0010177,A000769,A000904,1141,2026-07-14T02:47:01,NEFT,success
T0008568,A000423,A000634,80000,2026-07-14T02:48:38,NEFT,success
T0013343,A000365,A000488,1206,2026-07-14T02:49:24,NEFT,success
T0000359,A001062,A000158,25477,2026-07-14T02:55:24,IMPS,success
T0009942,A000546,A000324,779,2026-07-14T02:57:57,IMPS,success
T0002358,A000681,A000831,33731,2026-07-14T03:00:33,NEFT,success
T0003012,A000554,A000555,15000,2026-07-14T03:03:03,NEFT,success
T0003415,A001353,A000302,676,2026-07-14T03:06:10,UPI,success
T0005130,A000458,A000314,6042,2026-07-14T03:07:54,IMPS,success
T0013821,A001192,A000451,54664,2026-07-14T03:08:56,UPI,success
T0011391,A000644,A000244,35000,2026-07-14T03:09:15,IMPS,success
T0013486,A000474,A000747,912,2026-07-14T03:15:51,NEFT,success
T0002299,A001144,A000061,1771,2026-07-14T03:16:24,IMPS,success
T0008718,A001112,A000772,36224,2026-07-14T03:17:21,UPI,success
T0007510,A000965,A000704,22746,2026-07-14T03:21:24,NEFT,success
T0014544,A000524,A000689,644,2026-07-14T03:26:04,NEFT,success
T0000264,A000674,A000251,178,2026-07-14T03:29:46,NEFT,success
T0011431,A000168,A000495,400,2026-07-14T03:30:02,IMPS,success
T0007121,A001014,A000307,26088,2026-07-14T03:32:39,NEFT,success
T0012979,A000520,A000105,1612,2026-07-14T03:33:19,NEFT,success
T0009295,A001211,A000320,722,2026-07-14T03:33:22,NEFT,success
T0011681,A000819,A000708,403,2026-07-14T03:35:04,IMPS,success
T0009631,A000113,A000002,1168,2026-07-14T03:38:52,UPI,success
T0005075,A000427,A000535,3106,2026-07-14T03:39:06,NEFT,success
T0014374,A000588,A000661,80000,2026-07-14T03:39:12,NEFT,success
T0012928,A000457,A001376,695,2026-07-14T03:39:36,IMPS,success
T0010261,A001361,A001293,171,2026-07-14T03:42:36,IMPS,success
T0008147,A000803,A001245,1471,2026-07-14T03:45:26,UPI,success
T0007940,A000898,A000231,1884,2026-07-14T03:46:53,IMPS,success
T0013013,A000545,A000291,418,2026-07-14T03:47:27,UPI,success
T0009577,A000982,A000205,673,2026-07-14T03:47:35,IMPS,success
T0012174,A000315,A000825,166,2026-07-14T03:56:04,IMPS,success
T0001942,A000742,A000126,25000,2026-07-14T04:01:43,NEFT,success
T0003483,A001257,A001348,15000,2026-07-14T04:08:18,NEFT,failed
T0000971,A000506,A000018,3722,2026-07-14T04:09:23,IMPS,success
T0008934,A000020,A000064,587,2026-07-14T04:15:30,NEFT,success
T0005045,A001048,A000410,80000,2026-07-14T04:16:55,IMPS,success
T0008004,A000036,A001029,80000,2026-07-14T04:23:40,NEFT,success
T0000279,A000177,A000032,1205,2026-07-14T04:27:49,IMPS,success
T0010147,A000534,A000077,1368,2026-07-14T04:34:15,IMPS,success
T0007044,A000102,A001187,50000,2026-07-14T04:35:39,UPI,success
T0005562,A000407,A000888,533,2026-07-14T04:36:05,IMPS,success
T0012677,A000247,A001220,37239,2026-07-14T04:36:47,UPI,success
T0013868,A000323,A000759,961,2026-07-14T04:42:22,NEFT,success
T0002660,A000838,A000040,408,2026-07-14T04:45:23,IMPS,success
T0014603,A000746,A001351,6275,2026-07-14T04:46:49,NEFT,success
T0012410,A000103,A000149,15000,2026-07-14T04:49:23,IMPS,success
T0008300,A000148,A000540,385,2026-07-14T04:53:06,NEFT,success
T0010044,A000314,A001150,149,2026-07-14T04:55:35,IMPS,success
T0010394,A000757,A000423,29833,2026-07-14T04:56:10,UPI,success
T0004533,A000612,A000966,609,2026-07-14T04:56:21,NEFT,success
T0003146,A000843,A001181,3351,2026-07-14T04:59:57,NEFT,success
T0009843,A000351,A000704,414,2026-07-14T05:00:06,IMPS,success
T0001134,A000509,A000831,2600,2026-07-14T05:02:39,NEFT,success
T0008711,A000437,A000275,1011,2026-07-14T05:04:13,NEFT,success
T0003776,A001199,A001334,32231,2026-07-14T05:08:52,NEFT,success
T0011932,A000335,A000625,2171,2026-07-14T05:09:10,UPI,success
T0004355,A000927,A000792,584,2026-07-14T05:20:29,NEFT,success
T0009069,A001171,A000538,1325,2026-07-14T05:22:50,NEFT,success
T0013710,A000790,A000992,497,2026-07-14T05:23:22,UPI,success
T0002475,A000259,A000126,117230,2026-07-14T05:25:52,UPI,success
T0006432,A000696,A001076,5000,2026-07-14T05:27:09,IMPS,success
T0002158,A001169,A000706,788,2026-07-14T05:29:56,UPI,success
T0000551,A000657,A001343,1676,2026-07-14T05:35:51,UPI,success
T0011148,A000884,A000625,722,2026-07-14T05:41:08,NEFT,success
T0014109,A001362,A001329,890,2026-07-14T05:42:33,NEFT,success
T0002136,A000872,A000876,16012,2026-07-14T05:45:18,IMPS,success
T0011860,A000903,A001221,677,2026-07-14T05:53:58,IMPS,success
T0000849,A000555,A001032,316,2026-07-14T05:54:57,UPI,success
T0006281,A000695,A000412,1670,2026-07-14T05:56:14,IMPS,success
T0006535,A001145,A000195,487,2026-07-14T05:58:43,IMPS,success
T0011385,A000667,A001068,1321,2026-07-14T06:01:11,IMPS,success
T0011885,A000817,A000736,19268,2026-07-14T06:01:35,NEFT,success
T0006917,A000820,A001249,521,2026-07-14T06:07:24,IMPS,success
T0001474,A001184,A000682,1151,2026-07-14T06:18:04,UPI,success
T0004324,A000035,A000831,730,2026-07-14T06:18:57,UPI,success
T0007784,A000478,A001369,2158,2026-07-14T06:19:50,IMPS,success
T0004595,A000305,A000740,494,2026-07-14T06:23:53,IMPS,success
T0009273,A001323,A000031,125797,2026-07-14T06:29:24,NEFT,success
T0006640,A001360,A000287,33854,2026-07-14T06:31:32,UPI,success
T0004299,A000606,A000441,1096,2026-07-14T06:34:18,IMPS,success
T0013688,A000598,A000199,86298,2026-07-14T06:35:17,IMPS,success
T0010514,A000161,A000213,65000,2026-07-14T06:38:20,IMPS,success
T0001032,A000399,A001268,22648,2026-07-14T06:39:01,NEFT,failed
T0001427,A000937,A000916,1445,2026-07-14T06:43:26,UPI,success
T0010209,A000037,A000924,2929,2026-07-14T06:43:49,UPI,success
T0012996,A000563,A000336,35000,2026-07-14T06:45:43,UPI,success
T0004587,A000980,A000633,591,2026-07-14T06:48:24,NEFT,success
T0005993,A000327,A000940,848,2026-07-14T06:55:20,IMPS,success
T0005265,A000390,A000484,11545,2026-07-14T06:56:32,NEFT,success
T0014352,A000728,A000283,1644,2026-07-14T07:00:59,UPI,success
T0001799,A000136,A001008,3310,2026-07-14T07:01:17,IMPS,success
T0009862,A000272,A000079,120,2026-07-14T07:06:18,UPI,success
T0012831,A000536,A000770,2159,2026-07-14T07:12:49,UPI,success
T0003896,A000537,A001352,416,2026-07-14T07:19:02,IMPS,success
T0004471,A001271,A000902,1890,2026-07-14T07:20:15,NEFT,success
T0006426,A000304,A001294,1611,2026-07-14T07:33:57,UPI,success
T0008430,A000162,A000762,17961,2026-07-14T07:34:52,IMPS,success
T0002809,A001328,A000488,6718,2026-07-14T07:37:39,IMPS,success
T0002526,A000762,A001179,1676,2026-07-14T07:47:20,UPI,success
T0014439,A000452,A000624,15000,2026-07-14T07:51:17,IMPS,success
T0007176,A000622,A000254,28051,2026-07-14T07:52:34,NEFT,success
T0012211,A001035,A000422,65000,2026-07-14T08:05:55,IMPS,success
T0002153,A000226,A000205,1048,2026-07-14T08:10:17,UPI,success
T0010174,A000638,A000181,1237,2026-07-14T08:12:45,IMPS,success
T0005124,A000717,A000078,392,2026-07-14T08:13:07,NEFT,success
T0010684,A000854,A000631,25000,2026-07-14T08:17:27,NEFT,success
T0003150,A001338,A001202,50000,2026-07-14T08:20:54,NEFT,success
T0012283,A001381,A000985,1276,2026-07-14T08:23:41,UPI,success
T0014099,A001065,A001115,15799,2026-07-14T08:24:15,NEFT,success
T0007568,A001195,A001048,65000,2026-07-14T08:24:18,NEFT,success
T0007022,A001307,A000721,751,2026-07-14T08:24:30,NEFT,success
T0012168,A000861,A001024,7352,2026-07-14T08:24:50,UPI,success
T0012004,A000786,A001225,148978,2026-07-14T08:28:17,UPI,success
T0007662,A001251,A001130,17431,2026-07-14T08:29:03,UPI,success
T0011126,A000028,A001326,1781,2026-07-14T08:37:44,UPI,success
T0008103,A000535,A000660,3472,2026-07-14T08:38:13,NEFT,success
T0012150,A000027,A000819,29582,2026-07-14T08:41:37,NEFT,success
T0010235,A000861,A001031,647,2026-07-14T08:43:01,UPI,success
T0002888,A000846,A001360,5675,2026-07-14T08:48:18,NEFT,success
T0009745,A000927,A000312,1287,2026-07-14T08:51:29,NEFT,success
T0009032,A000931,A000674,504,2026-07-14T08:54:12,UPI,success
T0014189,A000318,A000933,1889,2026-07-14T08:56:13,IMPS,success
T0006039,A000286,A001295,1865,2026-07-14T09:04:37,NEFT,success
T0001607,A000273,A000070,1016,2026-07-14T09:06:50,IMPS,success
T0012866,A000436,A000533,686,2026-07-14T09:08:17,UPI,success
T0012833,A000213,A000952,1288,2026-07-14T09:13:42,NEFT,success
T0006317,A000617,A000635,74,2026-07-14T09:13:54,IMPS,success
T0006486,A001241,A000951,32987,2026-07-14T09:21:13,UPI,success
T0013186,A000637,A001217,17960,2026-07-14T09:21:49,NEFT,success
T0004912,A000773,A000344,11798,2026-07-14T09:23:32,NEFT,success
T0002262,A000965,A001262,5126,2026-07-14T09:24:49,NEFT,success
T0011202,A000186,A000613,285,2026-07-14T09:26:35,NEFT,success
T0011513,A000560,A000810,1619,2026-07-14T09:29:14,NEFT,success
T0003829,A001170,A000724,55569,2026-07-14T09:35:43,NEFT,success
T0003462,A000396,A001045,385,2026-07-14T09:37:10,UPI,success
T0010223,A000040,A000240,1080,2026-07-14T09:37:17,IMPS,success
T0011013,A000120,A000721,477,2026-07-14T09:40:10,IMPS,success
T0004523,A000310,A000637,6403,2026-07-14T09:40:42,NEFT,success
T0013745,A000740,A000336,214,2026-07-14T09:41:44,IMPS,success
T0001985,A001288,A000347,1053,2026-07-14T09:42:07,IMPS,success
T0006845,A000218,A000698,14245,2026-07-14T09:43:25,NEFT,success
T0000442,A000512,A000941,579,2026-07-14T09:45:50,IMPS,success
T0012196,A000060,A001062,7935,2026-07-14T09:46:18,IMPS,success
T0014184,A000817,A000217,1752,2026-07-14T09:46:19,UPI,success
T0004566,A000004,A000329,393,2026-07-14T09:52:23,IMPS,success
T0002161,A000870,A000470,218,2026-07-14T09:54:22,IMPS,success
T0007892,A000844,A000149,945,2026-07-14T09:55:20,IMPS,success
T0007761,A001085,A000569,1603,2026-07-14T09:55:47,UPI,success
T0000308,A001356,A000125,17813,2026-07-14T09:56:24,NEFT,success
T0006972,A000867,A000785,3756,2026-07-14T10:00:12,NEFT,success
T0013866,A001061,A000992,704,2026-07-14T10:03:16,NEFT,success
T0011697,A001152,A000498,50000,2026-07-14T10:03:25,IMPS,success
T0013390,A000728,A000913,7995,2026-07-14T10:03:55,IMPS,success
T0005324,A000537,A000532,2141,2026-07-14T10:03:59,NEFT,success
T0000917,A000077,A000940,24779,2026-07-14T10:06:10,IMPS,success
T0006353,A001153,A000955,719,2026-07-14T10:08:31,NEFT,success
T0008564,A000573,A000456,4967,2026-07-14T10:09:12,NEFT,success
T0014232,A000045,A000998,968,2026-07-14T10:10:55,IMPS,success
T0014667,A000666,A000642,219,2026-07-14T10:12:19,UPI,success
T0003052,A000516,A000619,424,2026-07-14T10:17:58,UPI,failed
T0008304,A000164,A000005,1071,2026-07-14T10:19:42,IMPS,success
T0013493,A000149,A001002,80000,2026-07-14T10:20:21,NEFT,success
T0004697,A001110,A001159,25000,2026-07-14T10:21:07,IMPS,success
T0011277,A001162,A000760,885,2026-07-14T10:22:43,NEFT,success
T0012725,A000452,A001005,24281,2026-07-14T10:26:22,IMPS,success
T0004957,A001319,A001349,396,2026-07-14T10:33:46,UPI,success
T0012130,A000519,A000472,2533,2026-07-14T10:34:34,UPI,success
T0014778,A001234,A000618,29568,2026-07-14T10:38:04,NEFT,success
T0012133,A000246,A000721,1109,2026-07-14T10:38:17,NEFT,success
T0007283,A000897,A000041,172,2026-07-14T10:40:14,NEFT,success
T0012573,A001220,A000804,15775,2026-07-14T10:40:23,IMPS,success
T0006500,A000623,A001115,860,2026-07-14T10:51:58,UPI,success
T0005272,A000003,A000827,2214,2026-07-14T10:55:06,NEFT,success
T0009250,A000324,A000422,1358,2026-07-14T10:57:13,NEFT,success
T0012701,A000666,A000356,2095,2026-07-14T10:59:42,NEFT,success
T0009721,A000844,A001142,881,2026-07-14T11:00:29,IMPS,success
T0007617,A000217,A001092,531,2026-07-14T11:01:43,IMPS,success
T0005409,A000452,A000683,560,2026-07-14T11:02:52,IMPS,success
T0012367,A000964,A000877,224,2026-07-14T11:05:14,UPI,success
T0003216,A000465,A000007,10529,2026-07-14T11:08:27,NEFT,success
T0011497,A001085,A000544,24740,2026-07-14T11:14:02,IMPS,success
T0004915,A001011,A001362,529,2026-07-14T11:15:58,IMPS,success
T0001307,A000969,A000601,706,2026-07-14T11:23:19,IMPS,success
T0013206,A000829,A000074,885,2026-07-14T11:26:15,IMPS,success
T0014867,A000612,A000934,925,2026-07-14T11:26:22,IMPS,success
T0006921,A000772,A000645,460,2026-07-14T11:26:42,NEFT,success
T0004562,A001272,A001224,495,2026-07-14T11:27:15,NEFT,success
T0006004,A001337,A000314,486,2026-07-14T11:27:39,NEFT,success
T0002248,A000344,A000992,643,2026-07-14T11:29:20,IMPS,success
T0010169,A001062,A000134,2181,2026-07-14T11:35:16,NEFT,success
T0007877,A000672,A001271,4118,2026-07-14T11:39:53,UPI,success
T0014409,A000575,A000789,6308,2026-07-14T11:46:25,IMPS,success
T0004924,A000240,A000805,1041,2026-07-14T11:50:47,NEFT,success
T0010907,A000733,A001320,99,2026-07-14T11:51:22,IMPS,success
T0009538,A000181,A000770,397,2026-07-14T11:52:36,UPI,success
T0006927,A000772,A000882,1705,2026-07-14T11:54:55,UPI,success
T0011996,A001002,A001220,533,2026-07-14T11:57:11,NEFT,success
T0014426,A001283,A001078,121,2026-07-14T11:59:45,NEFT,success
T0012880,A000488,A000877,1317,2026-07-14T12:00:23,UPI,success
T0000673,A000461,A000060,739,2026-07-14T12:03:20,UPI,success
T0011109,A000884,A001313,800,2026-07-14T12:09:48,NEFT,success
T0012475,A001016,A000434,2090,2026-07-14T12:09:54,NEFT,success
T0012493,A001344,A000559,221,2026-07-14T12:10:46,NEFT,success
T0001844,A000877,A000108,1483,2026-07-14T12:13:50,IMPS,success
T0013268,A001333,A000781,592,2026-07-14T12:14:00,UPI,success
T0003691,A000824,A000643,673,2026-07-14T12:15:26,IMPS,success
T0004818,A001111,A000204,423,2026-07-14T12:17:30,IMPS,success
T0005808,A000261,A000248,827,2026-07-14T12:18:48,IMPS,success
T0006379,A001303,A000498,1207,2026-07-14T12:22:15,NEFT,success
T0010278,A001283,A001321,931,2026-07-14T12:23:55,NEFT,success
T0003769,A000222,A001239,1035,2026-07-14T12:28:36,NEFT,success
T0003504,A000795,A001376,299,2026-07-14T12:29:57,UPI,success
T0010256,A000220,A000123,504,2026-07-14T12:34:00,UPI,success
T0002208,A001227,A001084,8945,2026-07-14T12:34:12,IMPS,success
T0005274,A000002,A001266,41750,2026-07-14T12:34:20,UPI,success
T0000582,A000368,A001359,1627,2026-07-14T12:35:32,UPI,success
T0002929,A001011,A000553,19604,2026-07-14T12:37:45,UPI,success
T0005245,A001033,A000394,911,2026-07-14T12:43:16,UPI,success
T0008853,A000541,A000187,13775,2026-07-14T12:43:17,UPI,success
T0005838,A001010,A000699,41807,2026-07-14T12:49:48,UPI,success
T0013744,A000104,A001063,70412,2026-07-14T12:50:10,NEFT,success
T0011829,A000100,A001173,13913,2026-07-14T12:53:56,IMPS,success
T0009971,A001191,A000040,15000,2026-07-14T12:56:58,UPI,success
T0008763,A000437,A000552,40159,2026-07-14T12:58:35,IMPS,success
T0008302,A000865,A001362,592,2026-07-14T13:02:30,IMPS,success
T0011897,A001119,A001061,2504,2026-07-14T13:03:23,UPI,success
T0009743,A000943,A000809,1377,2026-07-14T13:06:38,IMPS,success
T0014820,A001282,A000436,393,2026-07-14T13:13:06,UPI,success
T0008098,A000481,A000359,80000,2026-07-14T13:17:14,UPI,success
T0008741,A000561,A000237,205,2026-07-14T13:31:45,NEFT,success
T0011175,A000623,A000770,230,2026-07-14T13:36:34,NEFT,success
T0009762,A000086,A001247,5002,2026-07-14T13:38:34,NEFT,success
T0012191,A000159,A000289,466,2026-07-14T13:42:25,NEFT,success
T0012977,A000340,A000286,92550,2026-07-14T13:43:44,UPI,success
T0011317,A001322,A000677,15000,2026-07-14T13:47:07,NEFT,success
T0008150,A000859,A000732,80000,2026-07-14T13:52:34,UPI,success
T0008066,A000100,A001202,901,2026-07-14T13:54:21,UPI,success
T0006990,A000791,A000514,7093,2026-07-14T13:57:39,UPI,success
T0010712,A001025,A001345,16397,2026-07-14T14:02:15,UPI,success
T0008208,A000036,A000661,780,2026-07-14T14:03:06,NEFT,success
T0009694,A000644,A000172,65000,2026-07-14T14:05:12,UPI,success
T0001196,A001088,A000601,15000,2026-07-14T14:07:11,UPI,success
T0009919,A000053,A001148,65000,2026-07-14T14:09:37,NEFT,success
T0011403,A000575,A001301,1328,2026-07-14T14:11:23,UPI,success
T0003076,A001361,A000166,8826,2026-07-14T14:14:04,NEFT,success
T0009955,A001178,A000217,73634,2026-07-14T14:16:05,UPI,success
T0014913,A001314,A000452,53603,2026-07-14T14:20:48,UPI,success
T0008897,A000945,A000140,50000,2026-07-14T14:22:16,UPI,success
T0003073,A000878,A000883,19421,2026-07-14T14:25:47,IMPS,success
T0013772,A000288,A000286,10459,2026-07-14T14:28:49,NEFT,success
T0007971,A000769,A000799,665,2026-07-14T14:33:46,NEFT,success
T0010893,A000445,A000527,15297,2026-07-14T14:33:49,NEFT,success
T0014779,A000284,A000026,65000,2026-07-14T14:37:01,UPI,success
T0009236,A001329,A000383,294,2026-07-14T14:40:05,IMPS,success
T0009056,A000676,A001127,3238,2026-07-14T14:41:22,UPI,success
T0010066,A000701,A000337,80000,2026-07-14T14:44:11,IMPS,success
T0006952,A000074,A000494,6158,2026-07-14T14:44:15,NEFT,success
T0007423,A000229,A001091,12360,2026-07-14T14:48:08,IMPS,success
T0002675,A000876,A000430,24183,2026-07-14T14:48:40,IMPS,success
T0013668,A000340,A000091,16513,2026-07-14T14:53:51,UPI,success
T0002633,A000792,A001128,3507,2026-07-14T14:54:03,IMPS,success
T0010248,A000314,A000001,747,2026-07-14T14:58:00,NEFT,success
T0011917,A000372,A001163,1276,2026-07-14T14:59:58,UPI,success
T0014001,A000838,A001367,383,2026-07-14T15:07:16,UPI,success
T0002886,A001079,A000084,8215,2026-07-14T15:10:21,NEFT,success
T0009194,A000950,A000826,1730,2026-07-14T15:11:31,NEFT,success
T0009575,A000759,A000798,1024,2026-07-14T15:14:53,NEFT,success
T0008955,A001038,A000271,35000,2026-07-14T15:20:05,NEFT,success
T0008202,A000502,A000685,1244,2026-07-14T15:24:20,NEFT,success
T0014924,A001173,A001271,80000,2026-07-14T15:26:45,NEFT,success
T0000369,A000410,A000083,26218,2026-07-14T15:27:00,UPI,success
T0012901,A000061,A000451,293,2026-07-14T15:29:18,IMPS,success
T0013177,A000532,A000810,23031,2026-07-14T15:31:18,NEFT,success
T0011352,A001063,A000005,455,2026-07-14T15:31:25,NEFT,success
T0011583,A000770,A000584,61679,2026-07-14T15:36:14,NEFT,success
T0002373,A000909,A001026,8480,2026-07-14T15:36:36,NEFT,success
T0014365,A000789,A001350,2370,2026-07-14T15:36:36,IMPS,success
T0004560,A000867,A000367,555,2026-07-14T15:38:36,UPI,success
T0001674,A000559,A000395,4825,2026-07-14T15:42:02,NEFT,success
T0012356,A000367,A000429,1198,2026-07-14T15:44:06,NEFT,success
T0004819,A000435,A000595,84171,2026-07-14T15:48:03,NEFT,success
T0008110,A001114,A001350,180,2026-07-14T15:52:26,UPI,success
T0011060,A000071,A001039,292,2026-07-14T15:54:09,IMPS,success
T0001429,A000893,A000876,5000,2026-07-14T16:03:41,NEFT,success
T0002916,A001097,A000962,50000,2026-07-14T16:15:29,IMPS,success
T0003384,A001313,A000109,214,2026-07-14T16:16:18,NEFT,success
T0013696,A000322,A000029,271,2026-07-14T16:20:33,IMPS,success
T0010365,A000494,A000702,57488,2026-07-14T16:20:38,IMPS,success
T0009518,A000628,A000643,65088,2026-07-14T16:26:30,IMPS,success
T0009215,A000182,A000835,15000,2026-07-14T16:27:52,NEFT,success
T0011518,A000166,A000049,180,2026-07-14T16:30:24,IMPS,success
T0001749,A000758,A000911,11023,2026-07-14T16:30:30,NEFT,success
T0003705,A000816,A000698,80000,2026-07-14T16:32:48,UPI,success
T0011433,A001378,A000971,627,2026-07-14T16:36:49,NEFT,success
T0001041,A000097,A000449,7161,2026-07-14T16:43:32,IMPS,success
T0013444,A001220,A000254,1248,2026-07-14T16:43:49,NEFT,success
T0002333,A000317,A001009,1155,2026-07-14T16:46:32,UPI,success
T0000624,A000941,A000714,38636,2026-07-14T16:49:38,UPI,success
T0000800,A000058,A000557,33246,2026-07-14T16:54:43,NEFT,success
T0006678,A000590,A000692,3612,2026-07-14T16:56:18,IMPS,success
T0013846,A000612,A000172,372,2026-07-14T16:56:59,NEFT,success
T0008600,A000092,A000624,1262,2026-07-14T16:58:18,IMPS,success
T0001081,A000440,A000477,3207,2026-07-14T17:00:35,IMPS,success
T0013199,A000956,A001350,976,2026-07-14T17:00:35,NEFT,success
T0011572,A000566,A000310,1502,2026-07-14T17:01:38,UPI,success
T0005452,A000070,A001366,126,2026-07-14T17:04:49,IMPS,success
T0011834,A001237,A000842,5350,2026-07-14T17:05:42,NEFT,success
T0005552,A000145,A000842,627,2026-07-14T17:06:29,UPI,success
T0007807,A001378,A001142,15382,2026-07-14T17:06:32,UPI,success
T0006176,A000975,A000345,11247,2026-07-14T17:08:28,IMPS,success
T0014874,A000209,A001166,310,2026-07-14T17:11:21,IMPS,success
T0000540,A000077,A000614,80000,2026-07-14T17:13:56,IMPS,success
T0002974,A001010,A000956,1383,2026-07-14T17:14:11,UPI,success
T0007659,A000708,A000770,2306,2026-07-14T17:14:16,NEFT,success
T0013300,A000422,A000869,457,2026-07-14T17:16:32,UPI,success
T0010978,A000598,A001002,2246,2026-07-14T17:24:48,IMPS,success
T0013547,A000542,A000694,25000,2026-07-14T17:24:49,IMPS,success
T0004788,A000979,A001337,949,2026-07-14T17:24:52,IMPS,success
T0002863,A000089,A000450,1976,2026-07-14T17:25:32,IMPS,success
T0006721,A000623,A001306,1016,2026-07-14T17:28:27,UPI,success
T0006425,A000698,A000480,16659,2026-07-14T17:31:02,UPI,success
T0007932,A001289,A000217,1784,2026-07-14T17:38:08,IMPS,success
T0001142,A000767,A000733,22611,2026-07-14T17:38:50,IMPS,success
T0003721,A000617,A000165,52065,2026-07-14T17:49:24,NEFT,success
T0002415,A000737,A001096,2126,2026-07-14T17:54:59,UPI,success
T0001931,A001104,A000990,1022,2026-07-14T17:57:16,UPI,success
T0012990,A000339,A000899,1823,2026-07-14T18:07:41,IMPS,success
T0005623,A000219,A001008,172,2026-07-14T18:09:11,UPI,success
T0013025,A000257,A000702,1288,2026-07-14T18:12:35,UPI,success
T0010416,A000180,A000328,717,2026-07-14T18:12:44,UPI,success
T0001007,A000721,A001269,23375,2026-07-14T18:14:56,UPI,success
T0004218,A000274,A000984,8847,2026-07-14T18:15:39,UPI,success
T0003429,A000009,A000419,1208,2026-07-14T18:18:21,IMPS,success
T0001095,A000914,A001234,554,2026-07-14T18:19:06,IMPS,success
T0009981,A001192,A000312,4534,2026-07-14T18:20:19,IMPS,success
T0001689,A000449,A001249,271,2026-07-14T18:27:14,UPI,success
T0003456,A000229,A000044,9851,2026-07-14T18:29:25,NEFT,success
T0003781,A000699,A000650,25000,2026-07-14T18:36:44,IMPS,success
T0006578,A000810,A000900,1222,2026-07-14T18:40:48,UPI,success
T0008152,A001001,A001263,20013,2026-07-14T18:48:23,IMPS,success
T0014563,A000396,A001167,186,2026-07-14T18:48:48,NEFT,success
T0009366,A000921,A000283,171,2026-07-14T18:50:41,UPI,success
T0011314,A000175,A000820,1243,2026-07-14T18:54:18,NEFT,success
T0007360,A000031,A000484,6260,2026-07-14T18:55:33,NEFT,success
T0003358,A000508,A001279,1468,2026-07-14T19:00:18,UPI,success
T0006915,A000353,A001234,609,2026-07-14T19:06:01,IMPS,success
T0004444,A000597,A001102,48502,2026-07-14T19:06:49,IMPS,success
T0003567,A000407,A000578,35000,2026-07-14T19:12:50,UPI,success
T0010313,A000331,A000153,12294,2026-07-14T19:13:33,NEFT,success
T0004813,A000288,A000293,29651,2026-07-14T19:14:01,IMPS,success
T0014217,A001198,A000451,588,2026-07-14T19:20:25,IMPS,success
T0000224,A001069,A000422,1138,2026-07-14T19:20:37,IMPS,success
T0011382,A001142,A001103,33567,2026-07-14T19:26:04,NEFT,success
T0012973,A000303,A000718,50000,2026-07-14T19:26:17,IMPS,success
T0002644,A000943,A001195,50000,2026-07-14T19:30:53,IMPS,success
T0000373,A000894,A001034,726,2026-07-14T19:43:42,IMPS,success
T0014434,A000950,A000177,3399,2026-07-14T19:44:06,UPI,success
T0014239,A000336,A000151,22275,2026-07-14T19:49:59,NEFT,success
T0004117,A000672,A000909,163,2026-07-14T19:52:54,NEFT,success
T0002034,A000043,A001094,802,2026-07-14T19:55:51,NEFT,success
T0014766,A000803,A000987,18455,2026-07-14T19:56:00,UPI,success
T0007501,A000694,A001016,1789,2026-07-14T19:56:40,NEFT,success
T0003900,A000897,A000418,549,2026-07-14T19:56:45,IMPS,success
T0011639,A000947,A000037,240,2026-07-14T19:58:03,NEFT,success
T0014461,A000433,A001021,310,2026-07-14T19:58:28,NEFT,success
T0014519,A000128,A000145,35000,2026-07-14T20:02:48,NEFT,success
T0006790,A000035,A000885,807,2026-07-14T20:06:25,IMPS,success
T0013168,A000672,A000988,604,2026-07-14T20:10:41,NEFT,success
T0006016,A000095,A001215,272,2026-07-14T20:15:08,IMPS,success
T0006487,A000119,A001117,9504,2026-07-14T20:24:25,NEFT,failed
T0005120,A001085,A000676,11317,2026-07-14T20:24:47,IMPS,success
T0007745,A000292,A000615,13078,2026-07-14T20:30:05,IMPS,success
T0013485,A001327,A000913,25000,2026-07-14T20:31:19,UPI,success
T0000930,A000838,A000286,50000,2026-07-14T20:31:41,IMPS,success
T0012119,A000576,A000990,50000,2026-07-14T20:33:37,IMPS,success
T0014696,A000311,A000796,2702,2026-07-14T20:36:13,UPI,success
T0009634,A000112,A001000,36038,2026-07-14T20:39:27,UPI,success
T0003942,A000726,A000671,230,2026-07-14T20:39:42,NEFT,success
T0011375,A001103,A000925,255,2026-07-14T20:41:44,NEFT,success
T0000509,A000174,A001029,90251,2026-07-14T20:51:12,IMPS,success
T0001700,A001235,A001276,360,2026-07-14T20:56:19,IMPS,success
T0000921,A001052,A001137,215,2026-07-14T20:57:16,UPI,success
T0004829,A000212,A000552,15000,2026-07-14T21:01:24,NEFT,success
T0009408,A000874,A000784,730,2026-07-14T21:02:12,NEFT,success
T0009506,A001212,A000542,25019,2026-07-14T21:06:33,NEFT,success
T0007181,A000801,A001192,389,2026-07-14T21:07:56,IMPS,success
T0000857,A001012,A001357,35000,2026-07-14T21:10:38,UPI,success
T0000443,A000045,A001167,5000,2026-07-14T21:10:49,NEFT,success
T0010614,A000224,A000525,63246,2026-07-14T21:12:10,NEFT,success
T0003443,A001327,A000045,710,2026-07-14T21:13:47,UPI,success
T0012638,A000268,A000413,355,2026-07-14T21:14:16,NEFT,success
T0008214,A000996,A000676,12453,2026-07-14T21:18:13,UPI,success
T0010370,A000299,A000624,163,2026-07-14T21:24:45,NEFT,success
T0010654,A000041,A000139,159,2026-07-14T21:25:37,NEFT,success
T0004211,A000489,A001185,53819,2026-07-14T21:26:13,NEFT,success
T0000789,A000372,A000433,202,2026-07-14T21:27:31,IMPS,success
T0006027,A001114,A000220,337,2026-07-14T21:28:34,UPI,success
T0004172,A000781,A000232,862,2026-07-14T21:29:15,IMPS,success
T0004539,A000621,A000322,2158,2026-07-14T21:30:08,UPI,success
T0004666,A001188,A000702,15545,2026-07-14T21:32:48,UPI,success
T0000349,A000642,A000547,613,2026-07-14T21:32:54,UPI,success
T0012068,A000029,A000638,20690,2026-07-14T21:36:02,UPI,success
T0010632,A001110,A000923,2955,2026-07-14T21:36:25,UPI,success
T0009911,A000089,A001356,3644,2026-07-14T21:37:37,IMPS,success
T0011774,A000915,A000618,672,2026-07-14T21:43:42,IMPS,success
T0011693,A000370,A000187,78105,2026-07-14T21:44:54,IMPS,success
T0008814,A000458,A000738,701,2026-07-14T21:45:38,IMPS,success
T0010117,A000784,A000670,808,2026-07-14T21:47:01,NEFT,success
T0000807,A000970,A000819,1108,2026-07-14T21:48:09,UPI,success
T0013019,A000163,A001228,1618,2026-07-14T21:50:33,NEFT,success
T0002843,A001287,A000181,1002,2026-07-14T21:58:53,IMPS,failed
T0014897,A000906,A000199,166,2026-07-14T21:59:42,NEFT,success
T0001910,A000987,A000143,590,2026-07-14T22:03:11,IMPS,success
T0004978,A000258,A000551,50000,2026-07-14T22:03:25,NEFT,success
T0007273,A001320,A000693,2397,2026-07-14T22:06:38,IMPS,success
T0000914,A000415,A000031,971,2026-07-14T22:10:05,NEFT,success
T0001670,A000153,A000810,11664,2026-07-14T22:12:27,UPI,success
T0007348,A001038,A001014,12862,2026-07-14T22:12:48,NEFT,success
T0009549,A000861,A000704,80000,2026-07-14T22:13:01,UPI,failed
T0003000,A000786,A000142,14630,2026-07-14T22:18:24,IMPS,success
T0000855,A001093,A000866,3603,2026-07-14T22:23:23,IMPS,success
T0006182,A000988,A000577,80000,2026-07-14T22:27:31,UPI,success
T0011795,A000849,A000948,44872,2026-07-14T22:29:20,IMPS,success
T0006034,A001076,A001012,795,2026-07-14T22:30:04,IMPS,success
T0006416,A000623,A000050,2811,2026-07-14T22:32:43,UPI,success
T0014932,A000672,A001091,2013,2026-07-14T22:37:28,IMPS,success
T0007129,A000442,A000130,1898,2026-07-14T22:43:25,NEFT,success
T0006953,A000708,A000896,1524,2026-07-14T22:43:26,NEFT,success
T0002451,A000974,A000162,900,2026-07-14T22:43:31,NEFT,success
T0012285,A000407,A001202,1586,2026-07-14T22:45:23,UPI,success
T0014021,A001374,A001153,25520,2026-07-14T22:50:18,UPI,success
T0000928,A001096,A000925,25000,2026-07-14T22:50:22,IMPS,success
T0000361,A000351,A000264,592,2026-07-14T22:58:50,NEFT,success
T0008181,A000048,A000636,14286,2026-07-14T22:59:14,UPI,success
T0011523,A000606,A000743,2625,2026-07-14T23:05:04,IMPS,success
T0010790,A001234,A000740,2041,2026-07-14T23:10:48,UPI,success
T0004336,A000396,A000114,1224,2026-07-14T23:13:21,NEFT,success
T0006791,A000635,A001167,1967,2026-07-14T23:14:24,NEFT,success
T0008932,A001107,A000317,24227,2026-07-14T23:15:36,IMPS,success
T0011307,A000873,A000637,141,2026-07-14T23:16:12,UPI,success
T0008481,A000946,A000001,1596,2026-07-14T23:17:45,UPI,success
T0010736,A000608,A001208,25000,2026-07-14T23:23:22,IMPS,success
T0005167,A001149,A001152,305,2026-07-14T23:23:56,NEFT,success
T0006686,A000928,A000221,1245,2026-07-14T23:28:15,IMPS,success
T0010259,A000785,A001148,564,2026-07-14T23:28:45,IMPS,success
T0000377,A000011,A000829,843,2026-07-14T23:29:19,UPI,success
T0006063,A001209,A001143,80000,2026-07-14T23:30:17,NEFT,success
T0011680,A000739,A000902,541,2026-07-14T23:31:41,UPI,success
T0002575,A000949,A000268,539,2026-07-14T23:32:08,UPI,success
T0009924,A000466,A001257,758,2026-07-14T23:34:21,IMPS,success
T0011092,A000088,A000940,14035,2026-07-14T23:35:08,NEFT,success
T0013525,A000012,A000816,383,2026-07-14T23:35:18,UPI,success
T0006773,A000598,A000758,9673,2026-07-14T23:38:36,IMPS,success
T0013901,A000519,A000648,25000,2026-07-14T23:40:17,UPI,success
T0005674,A000129,A000333,80000,2026-07-14T23:41:14,IMPS,success
T0012345,A000815,A000782,1958,2026-07-14T23:41:51,IMPS,success
T0004642,A000478,A001329,20611,2026-07-14T23:42:28,UPI,success
T0009877,A000848,A000143,1144,2026-07-14T23:42:38,IMPS,success
T0014234,A000686,A001253,1816,2026-07-14T23:43:14,IMPS,success
T0008353,A000609,A000094,886,2026-07-14T23:44:40,IMPS,success
T0007077,A000137,A000978,486,2026-07-14T23:44:42,NEFT,success
T0012311,A000713,A000554,25000,2026-07-14T23:44:57,UPI,success
T0008670,A001155,A001259,251,2026-07-14T23:49:25,IMPS,success
T0011272,A000157,A000305,25000,2026-07-14T23:49:46,NEFT,success
T0013673,A000392,A001183,295,2026-07-14T23:51:02,UPI,success
T0009201,A000622,A000526,1616,2026-07-14T23:51:34,NEFT,success
T0001794,A000717,A000481,80000,2026-07-14T23:54:23,IMPS,success
T0004134,A001089,A000335,15000,2026-07-14T23:54:39,IMPS,success
T0003595,A000717,A000959,15334,2026-07-14T23:56:57,NEFT,success
T0011821,A000740,A000148,535,2026-07-15T00:02:08,UPI,success
T0011827,A000902,A000484,21857,2026-07-15T00:02:09,NEFT,success
T0004153,A000989,A000842,1007,2026-07-15T00:04:12,NEFT,success
T0008472,A000521,A000049,150278,2026-07-15T00:05:15,UPI,success
T0014330,A001038,A000763,459,2026-07-15T00:09:28,NEFT,success
T0009929,A000846,A000949,8497,2026-07-15T00:14:45,IMPS,success
T0007771,A000925,A000579,1762,2026-07-15T00:17:40,NEFT,success
T0001116,A000694,A000942,80000,2026-07-15T00:19:36,IMPS,success
T0008290,A001309,A000735,15334,2026-07-15T00:24:46,UPI,success
T0007453,A001001,A000269,666,2026-07-15T00:28:35,UPI,success
T0010574,A000556,A000326,269,2026-07-15T00:29:49,NEFT,success
T0010633,A000295,A000311,40349,2026-07-15T00:30:57,NEFT,success
T0001179,A001269,A000032,35000,2026-07-15T00:32:46,UPI,success
T0000328,A000895,A000593,1070,2026-07-15T00:33:33,IMPS,success
T0014598,A000775,A000868,822,2026-07-15T00:36:36,NEFT,success
T0001164,A000955,A000958,159,2026-07-15T00:37:44,NEFT,success
T0005087,A000394,A000329,2354,2026-07-15T00:40:30,IMPS,success
T0002486,A000531,A001124,65000,2026-07-15T00:52:53,UPI,success
T0003413,A001286,A000757,922,2026-07-15T01:00:48,IMPS,success
T0009525,A000731,A001058,264,2026-07-15T01:00:59,UPI,success
T0001381,A000042,A000184,19362,2026-07-15T01:05:34,IMPS,success
T0010994,A000473,A000557,1941,2026-07-15T01:08:51,UPI,success
T0014666,A001341,A000358,14348,2026-07-15T01:11:05,NEFT,success
T0014566,A000498,A000589,35000,2026-07-15T01:13:29,IMPS,success
T0007777,A001351,A000861,42809,2026-07-15T01:15:36,NEFT,success
T0013494,A000524,A001113,214,2026-07-15T01:16:25,IMPS,success
T0011925,A000306,A001101,15000,2026-07-15T01:18:40,UPI,success
T0004712,A000993,A000812,35235,2026-07-15T01:19:09,NEFT,success
T0000876,A000898,A000875,3700,2026-07-15T01:20:50,IMPS,success
T0013144,A001329,A000820,1981,2026-07-15T01:21:45,UPI,success
T0014656,A001252,A000298,373,2026-07-15T01:25:57,NEFT,success
T0006455,A000753,A001149,61562,2026-07-15T01:30:42,IMPS,success
T0000563,A000404,A000964,9868,2026-07-15T01:30:52,UPI,success
T0005585,A001127,A000665,65000,2026-07-15T01:31:50,NEFT,success
T0002269,A001013,A001293,198,2026-07-15T01:33:11,NEFT,success
T0004290,A000966,A001055,36561,2026-07-15T01:38:21,IMPS,success
T0014153,A000730,A000761,15000,2026-07-15T01:47:32,NEFT,success
T0000975,A000327,A001229,492,2026-07-15T01:57:07,IMPS,success
T0009093,A001313,A000165,343,2026-07-15T01:58:02,NEFT,success
T0013094,A000941,A000870,80000,2026-07-15T02:02:33,UPI,success
T0000607,A000586,A000764,1602,2026-07-15T02:04:34,UPI,success
T0008022,A000006,A000439,514,2026-07-15T02:06:02,NEFT,success
T0014098,A000982,A000581,449,2026-07-15T02:08:14,NEFT,success
T0009308,A000044,A001374,25577,2026-07-15T02:13:56,NEFT,success
T0002902,A000138,A000363,372,2026-07-15T02:14:23,IMPS,success
T0007383,A000045,A000378,327,2026-07-15T02:15:13,IMPS,success
T0000851,A001193,A000932,1848,2026-07-15T02:16:03,UPI,success
T0009555,A001115,A001245,510,2026-07-15T02:17:52,UPI,success
T0001653,A000662,A000077,15000,2026-07-15T02:20:43,NEFT,success
T0005538,A000725,A001380,45151,2026-07-15T02:28:03,IMPS,success
T0005900,A000893,A001292,730,2026-07-15T02:28:03,UPI,success
T0004599,A000048,A001262,21743,2026-07-15T02:34:20,NEFT,success
T0003617,A000254,A000307,50000,2026-07-15T02:35:27,IMPS,success
T0003383,A000360,A001242,138,2026-07-15T02:39:11,IMPS,success
T0006166,A000151,A000968,50000,2026-07-15T02:39:13,IMPS,success
T0006852,A001311,A000449,29385,2026-07-15T02:41:56,UPI,success
T0006125,A000963,A000843,21093,2026-07-15T02:41:59,NEFT,success
T0007156,A000218,A000948,65000,2026-07-15T02:45:05,NEFT,success
T0008838,A000877,A001125,42242,2026-07-15T02:52:18,IMPS,success
T0011388,A000333,A000656,1986,2026-07-15T02:52:26,UPI,success
T0003374,A001281,A000193,987,2026-07-15T02:54:52,UPI,success
T0011046,A001350,A000953,50000,2026-07-15T02:57:57,NEFT,success
T0013892,A001019,A000067,15000,2026-07-15T02:58:56,NEFT,success
T0011121,A000039,A000701,580,2026-07-15T03:02:58,IMPS,success
T0008391,A000521,A000958,1028,2026-07-15T03:05:28,NEFT,success
T0012048,A000924,A001290,1915,2026-07-15T03:06:15,UPI,success
T0004442,A000153,A000848,2083,2026-07-15T03:10:18,IMPS,success
T0005047,A000374,A000240,640,2026-07-15T03:10:32,UPI,success
T0012796,A000317,A000516,2501,2026-07-15T03:10:39,IMPS,success
T0014507,A000286,A000270,764,2026-07-15T03:12:48,UPI,failed
T0005950,A000591,A000907,87,2026-07-15T03:13:00,IMPS,success
T0005137,A000028,A000575,254,2026-07-15T03:13:51,UPI,success
T0008651,A001342,A000606,301,2026-07-15T03:20:58,UPI,success
T0006297,A000282,A000168,80000,2026-07-15T03:23:13,UPI,success
T0012200,A000679,A000310,4566,2026-07-15T03:23:42,UPI,success
T0001940,A000513,A000008,12652,2026-07-15T03:29:13,UPI,success
T0002543,A000653,A001116,25565,2026-07-15T03:34:46,IMPS,success
T0008896,A000189,A000281,30236,2026-07-15T03:37:23,UPI,success
T0005932,A001065,A000837,432,2026-07-15T03:44:24,NEFT,success
T0009446,A000598,A000762,65000,2026-07-15T03:46:29,IMPS,success
T0009826,A000176,A000741,541,2026-07-15T03:46:35,NEFT,success
T0014910,A000024,A000301,22392,2026-07-15T03:48:38,IMPS,success
T0001511,A000777,A001269,410,2026-07-15T03:49:17,IMPS,success
T0000452,A000011,A000839,772,2026-07-15T03:53:48,IMPS,success
T0003024,A000634,A000722,341,2026-07-15T03:53:58,UPI,success
T0005656,A001286,A001269,20519,2026-07-15T03:54:45,NEFT,success
T0004089,A001205,A000981,50000,2026-07-15T03:56:51,NEFT,success
T0010432,A000069,A000032,628,2026-07-15T03:56:51,UPI,success
T0004360,A000614,A000060,18209,2026-07-15T04:01:55,IMPS,success
T0002542,A000673,A000609,35000,2026-07-15T04:02:01,NEFT,success
T0001378,A001111,A000469,435,2026-07-15T04:10:25,UPI,success
T0007048,A000099,A000314,186,2026-07-15T04:15:10,UPI,success
T0002984,A000696,A000402,40124,2026-07-15T04:16:01,NEFT,success
T0009916,A000618,A000753,85803,2026-07-15T04:18:34,UPI,success
T0013039,A000628,A000822,702,2026-07-15T04:21:39,UPI,success
T0010390,A000466,A000658,25933,2026-07-15T04:29:00,NEFT,success
T0004372,A000624,A000608,80000,2026-07-15T04:31:23,NEFT,failed
T0003869,A001379,A000350,2058,2026-07-15T04:31:37,IMPS,success
T0003268,A001228,A001318,25000,2026-07-15T04:32:59,NEFT,success
T0006930,A001177,A000817,15000,2026-07-15T04:33:42,UPI,success
T0001708,A000810,A000104,1613,2026-07-15T04:40:25,IMPS,success
T0010527,A000199,A001342,65000,2026-07-15T04:40:55,UPI,success
T0013175,A001175,A001096,151,2026-07-15T04:46:05,NEFT,success
T0009636,A000843,A000180,65000,2026-07-15T04:47:16,NEFT,success
T0010000,A000728,A000808,50000,2026-07-15T04:47:17,IMPS,success
T0008862,A000298,A000509,15000,2026-07-15T04:48:35,UPI,success
T0005853,A001122,A000212,1050,2026-07-15T04:53:10,UPI,success
T0005931,A000738,A000644,35000,2026-07-15T04:53:19,IMPS,success
T0002430,A000703,A001320,1586,2026-07-15T04:53:54,NEFT,success
T0002431,A000693,A000666,508,2026-07-15T04:58:25,IMPS,success
T0008858,A000240,A000623,48744,2026-07-15T04:59:56,NEFT,success
T0003729,A000379,A000473,10062,2026-07-15T05:01:26,IMPS,success
T0012830,A000767,A000790,1149,2026-07-15T05:03:35,NEFT,success
T0004209,A001051,A000913,10644,2026-07-15T05:06:37,NEFT,success
T0013403,A000579,A000692,2184,2026-07-15T05:06:40,UPI,success
T0005260,A001257,A001379,15000,2026-07-15T05:07:28,NEFT,success
T0012238,A000965,A000348,517,2026-07-15T05:07:57,UPI,success
T0011282,A000487,A001263,5000,2026-07-15T05:08:11,NEFT,success
T0009390,A000875,A001247,16421,2026-07-15T05:09:40,IMPS,success
T0002904,A000809,A000783,2912,2026-07-15T05:09:43,IMPS,success
T0008510,A000204,A000261,390,2026-07-15T05:10:27,UPI,success
T0011067,A000851,A000750,102,2026-07-15T05:10:38,NEFT,success
T0014462,A000262,A000761,629,2026-07-15T05:11:32,UPI,success
T0006898,A000548,A001041,25000,2026-07-15T05:12:35,IMPS,success
T0008305,A001272,A000528,19987,2026-07-15T05:18:05,UPI,success
T0003010,A000138,A000055,30961,2026-07-15T05:20:30,IMPS,success
T0001709,A000426,A000810,1443,2026-07-15T05:22:21,UPI,success
T0008454,A000421,A000729,888,2026-07-15T05:24:25,IMPS,success
T0013127,A000965,A001116,691,2026-07-15T05:25:23,UPI,success
T0012156,A000427,A000117,25000,2026-07-15T05:32:00,NEFT,success
T0011356,A001116,A000164,8929,2026-07-15T05:34:05,NEFT,success
T0008321,A000012,A000381,439,2026-07-15T05:35:09,NEFT,success
T0010807,A000791,A000446,8945,2026-07-15T05:36:32,IMPS,success
T0010857,A000930,A000468,35000,2026-07-15T05:36:46,NEFT,success
T0007123,A001257,A000797,773,2026-07-15T05:39:35,IMPS,success
T0014400,A000496,A000085,179,2026-07-15T05:44:56,IMPS,success
T0013066,A000676,A000665,65000,2026-07-15T05:46:41,UPI,success
T0003005,A000345,A000414,731,2026-07-15T05:49:22,UPI,success
T0005535,A000561,A000594,13178,2026-07-15T05:53:25,NEFT,success
T0004750,A000467,A001294,222,2026-07-15T06:00:31,UPI,success
T0001175,A000245,A000372,1239,2026-07-15T06:08:48,UPI,success
T0000726,A001193,A000462,26786,2026-07-15T06:11:34,IMPS,success
T0006619,A001169,A000995,50000,2026-07-15T06:12:25,UPI,success
T0007202,A000322,A000814,3040,2026-07-15T06:13:54,UPI,success
T0002655,A000338,A000722,2152,2026-07-15T06:14:33,IMPS,success
T0012235,A000434,A001214,168,2026-07-15T06:15:12,NEFT,success
T0008459,A001054,A000543,35000,2026-07-15T06:16:01,UPI,success
T0009961,A001200,A000949,1060,2026-07-15T06:17:51,NEFT,success
T0006994,A000519,A000418,80000,2026-07-15T06:18:36,NEFT,success
T0001720,A000210,A000068,14800,2026-07-15T06:21:10,UPI,success
T0004596,A001162,A000571,972,2026-07-15T06:27:45,IMPS,success
T0007589,A001297,A000720,2536,2026-07-15T06:32:57,IMPS,success
T0005695,A000150,A000061,857,2026-07-15T06:35:04,NEFT,success
T0013080,A000101,A001249,15000,2026-07-15T06:36:11,IMPS,success
T0004669,A001318,A000592,522,2026-07-15T06:40:11,UPI,success
T0002120,A000542,A001206,2310,2026-07-15T06:40:17,IMPS,success
T0002639,A000847,A000570,2944,2026-07-15T06:40:41,IMPS,success
T0010039,A000068,A001381,1284,2026-07-15T06:43:36,UPI,success
T0005802,A000961,A001081,1528,2026-07-15T06:47:15,IMPS,success
T0013042,A001103,A000306,327,2026-07-15T06:51:01,IMPS,success
T0003063,A000431,A001238,1472,2026-07-15T06:51:28,UPI,success
T0002733,A000820,A000362,241,2026-07-15T06:53:48,IMPS,success
T0002222,A001091,A000600,33358,2026-07-15T06:55:24,NEFT,success
T0012888,A001289,A001371,1067,2026-07-15T06:55:54,NEFT,failed
T0011145,A000409,A000827,1564,2026-07-15T06:56:10,IMPS,success
T0003758,A000199,A000362,471,2026-07-15T06:57:27,NEFT,success
T0012820,A000830,A000229,50000,2026-07-15T06:58:42,NEFT,success
T0002255,A000640,A001318,585,2026-07-15T07:00:04,NEFT,success
T0014089,A000819,A000024,507,2026-07-15T07:00:14,IMPS,success
T0014765,A000466,A000376,32705,2026-07-15T07:04:01,IMPS,success
T0008948,A000022,A000666,16046,2026-07-15T07:07:16,NEFT,success
T0009467,A000916,A001196,50000,2026-07-15T07:08:16,UPI,success
T0003230,A001109,A000384,5147,2026-07-15T07:08:49,IMPS,success
T0007679,A001237,A000184,968,2026-07-15T07:13:55,NEFT,success
T0002789,A000018,A001311,2804,2026-07-15T07:29:31,IMPS,failed
T0009520,A001356,A001346,200000,2026-07-15T07:29:48,UPI,success
T0009094,A000047,A000566,15000,2026-07-15T07:34:31,IMPS,success
T0009521,A000604,A001120,15000,2026-07-15T07:35:27,UPI,success
T0012806,A001308,A001300,140006,2026-07-15T07:39:46,IMPS,success
T0008243,A000793,A001307,20245,2026-07-15T07:41:31,IMPS,success
T0001411,A000196,A000501,485,2026-07-15T07:45:20,IMPS,success
T0005903,A001316,A000298,14459,2026-07-15T07:47:23,NEFT,success
T0001638,A000465,A000417,258,2026-07-15T07:47:26,IMPS,success
T0011462,A001244,A001356,25000,2026-07-15T07:49:04,NEFT,success
T0013221,A001259,A000923,1374,2026-07-15T07:50:30,UPI,success
T0000617,A001102,A001329,25000,2026-07-15T07:53:20,IMPS,failed
T0012763,A000919,A000391,125,2026-07-15T07:53:30,IMPS,success
T0007182,A001252,A000517,11527,2026-07-15T07:56:36,IMPS,success
T0013022,A000253,A000019,30940,2026-07-15T07:56:54,NEFT,success
T0009089,A000670,A000359,189,2026-07-15T07:57:02,NEFT,success
T0008874,A000182,A000707,2193,2026-07-15T08:00:35,NEFT,success
T0004203,A001160,A000412,1831,2026-07-15T08:03:23,UPI,success
T0004614,A001341,A000014,469,2026-07-15T08:05:42,NEFT,success
T0013192,A000913,A000758,220,2026-07-15T08:07:12,NEFT,success
T0013581,A000851,A001134,639,2026-07-15T08:11:33,IMPS,success
T0004182,A000951,A000616,474,2026-07-15T08:13:22,UPI,success
T0002532,A001228,A000729,6005,2026-07-15T08:14:49,NEFT,success
T0001995,A000098,A000319,42127,2026-07-15T08:20:11,UPI,failed
T0003663,A001036,A000391,370,2026-07-15T08:29:09,UPI,success
T0004759,A000596,A000835,445,2026-07-15T08:29:40,UPI,success
T0001305,A000568,A001300,1001,2026-07-15T08:31:07,NEFT,success
T0000273,A000083,A001259,74786,2026-07-15T08:32:35,UPI,success
T0007352,A000628,A000047,358,2026-07-15T08:32:37,IMPS,success
T0003470,A000663,A000797,516,2026-07-15T08:33:27,IMPS,success
T0005683,A001335,A001083,285,2026-07-15T08:34:46,NEFT,success
T0001570,A000845,A001113,56232,2026-07-15T08:37:54,UPI,success
T0002561,A000751,A001100,1575,2026-07-15T08:43:45,IMPS,success
T0010770,A000133,A000364,2116,2026-07-15T08:47:23,NEFT,failed
T0006062,A000367,A000246,1776,2026-07-15T08:50:29,NEFT,success
T0014253,A000595,A000418,12756,2026-07-15T08:50:54,NEFT,success
T0008329,A001135,A000737,5000,2026-07-15T09:02:09,IMPS,success
T0008367,A000907,A000695,330,2026-07-15T09:05:05,UPI,success
T0012364,A000691,A001357,377,2026-07-15T09:10:28,IMPS,success
T0000847,A000006,A000432,35000,2026-07-15T09:12:20,IMPS,success
T0004863,A000665,A000862,684,2026-07-15T09:18:47,NEFT,success
T0003205,A000839,A001181,608,2026-07-15T09:22:19,UPI,success
T0009711,A001304,A000755,770,2026-07-15T09:23:00,UPI,success
T0010828,A000487,A001373,50737,2026-07-15T09:25:51,UPI,success
T0012159,A000948,A000679,1102,2026-07-15T09:29:56,UPI,success
T0013023,A001170,A000690,50000,2026-07-15T09:32:33,IMPS,success
T0009791,A000395,A000789,50000,2026-07-15T09:38:33,IMPS,success
T0000265,A000645,A000216,1023,2026-07-15T09:38:58,NEFT,success
T0013193,A001261,A000062,35000,2026-07-15T09:40:21,IMPS,success
T0004127,A000016,A001165,470,2026-07-15T09:45:14,NEFT,success
T0010409,A000442,A000272,60460,2026-07-15T09:46:35,IMPS,success
T0001328,A000097,A001009,102612,2026-07-15T09:51:30,UPI,success
T0014561,A000667,A000352,803,2026-07-15T09:52:31,UPI,success
T0004974,A000975,A000627,693,2026-07-15T09:53:18,IMPS,success
T0014629,A001202,A001103,834,2026-07-15T09:54:19,NEFT,success
T0007738,A000302,A001104,735,2026-07-15T10:02:13,IMPS,success
T0004543,A000202,A000337,308,2026-07-15T10:03:19,NEFT,success
T0008461,A000480,A000225,15000,2026-07-15T10:05:08,IMPS,success
T0002046,A000875,A000290,3767,2026-07-15T10:05:42,IMPS,success
T0001746,A000808,A000349,292,2026-07-15T10:08:26,NEFT,success
T0012201,A001081,A000610,25000,2026-07-15T10:10:01,UPI,success
T0010222,A001093,A000966,890,2026-07-15T10:10:11,NEFT,success
T0000244,A001366,A000869,353,2026-07-15T10:11:08,IMPS,success
T0003865,A000792,A000446,50000,2026-07-15T10:15:39,NEFT,success
T0006689,A001226,A001205,15000,2026-07-15T10:19:37,UPI,success
T0010773,A001144,A000756,6021,2026-07-15T10:20:50,NEFT,success
T0003761,A000232,A000096,12441,2026-07-15T10:22:38,IMPS,success
T0003315,A000534,A000912,39495,2026-07-15T10:24:41,UPI,success
T0014884,A001083,A000527,230,2026-07-15T10:25:40,IMPS,success
T0006807,A000101,A000601,677,2026-07-15T10:26:22,IMPS,success
T0006329,A001079,A001083,758,2026-07-15T10:32:39,IMPS,success
T0008170,A000779,A000211,3075,2026-07-15T10:32:48,IMPS,success
T0014829,A001289,A000221,22004,2026-07-15T10:36:13,IMPS,success
T0005547,A001305,A000975,1779,2026-07-15T10:39:15,UPI,success
T0010097,A000597,A001012,610,2026-07-15T10:41:22,IMPS,success
T0001608,A001074,A000763,149,2026-07-15T10:43:08,UPI,success
T0003226,A001219,A000670,20294,2026-07-15T10:43:42,IMPS,success
T0000316,A000873,A000861,36651,2026-07-15T10:43:47,UPI,success
T0005678,A001172,A001342,20936,2026-07-15T10:45:06,IMPS,success
T0008295,A000252,A001058,15000,2026-07-15T10:49:04,IMPS,success
T0012501,A000337,A000169,131,2026-07-15T10:52:40,NEFT,success
T0009067,A000542,A000722,41498,2026-07-15T10:55:42,IMPS,success
T0002146,A000454,A000045,959,2026-07-15T10:56:50,NEFT,success
T0006385,A001049,A000876,2432,2026-07-15T10:58:06,UPI,success
T0010333,A000664,A000628,21606,2026-07-15T11:01:50,NEFT,success
T0010215,A000478,A001298,953,2026-07-15T11:07:17,NEFT,success
T0004416,A001230,A000300,427,2026-07-15T11:09:07,UPI,success
T0013894,A000259,A000178,204,2026-07-15T11:09:38,NEFT,success
T0011868,A000986,A001187,354,2026-07-15T11:10:02,IMPS,success
T0013248,A000707,A000816,65000,2026-07-15T11:10:32,NEFT,success
T0009463,A001030,A000764,25000,2026-07-15T11:10:50,UPI,success
T0004861,A000290,A001305,7362,2026-07-15T11:11:44,UPI,failed
T0012800,A000778,A000139,1133,2026-07-15T11:12:36,NEFT,success
T0012510,A000706,A000839,2149,2026-07-15T11:14:07,IMPS,failed
T0010565,A001111,A000804,15000,2026-07-15T11:15:56,NEFT,success
T0011997,A000108,A000927,6510,2026-07-15T11:16:29,UPI,success
T0001981,A000886,A000966,592,2026-07-15T11:22:19,IMPS,success
T0006662,A000915,A000704,763,2026-07-15T11:30:18,NEFT,success
T0006207,A000666,A000019,22876,2026-07-15T11:30:33,NEFT,success
T0008133,A000464,A000792,446,2026-07-15T11:31:02,UPI,success
T0004343,A001150,A001166,21162,2026-07-15T11:31:31,UPI,success
T0005869,A000604,A000254,857,2026-07-15T11:34:17,NEFT,success
T0007587,A001075,A001200,65000,2026-07-15T11:36:20,IMPS,success
T0010558,A000195,A000112,29603,2026-07-15T11:42:08,IMPS,success
T0009940,A000994,A000413,22392,2026-07-15T11:49:37,UPI,success
T0014200,A000456,A001028,27983,2026-07-15T11:52:26,IMPS,success
T0004130,A000169,A000267,35000,2026-07-15T11:59:20,IMPS,success
T0007258,A000730,A001352,65000,2026-07-15T12:01:30,UPI,success
T0000385,A000719,A001278,1228,2026-07-15T12:02:43,NEFT,success
T0003407,A000189,A000202,1182,2026-07-15T12:04:10,NEFT,success
T0005898,A001295,A000081,23153,2026-07-15T12:10:04,IMPS,success
T0004382,A000431,A000449,301,2026-07-15T12:10:26,IMPS,success
T0005193,A000241,A000319,301,2026-07-15T12:18:12,NEFT,success
T0010214,A000856,A001323,43685,2026-07-15T12:19:16,UPI,success
T0011237,A000312,A000897,2420,2026-07-15T12:21:17,IMPS,success
T0009120,A000317,A000898,950,2026-07-15T12:23:05,UPI,success
T0006074,A000883,A000859,25000,2026-07-15T12:35:54,UPI,success
T0014146,A001344,A001051,522,2026-07-15T12:36:03,UPI,success
T0003118,A000047,A001033,37605,2026-07-15T12:38:33,IMPS,success
T0004478,A001373,A000259,451,2026-07-15T12:40:38,UPI,success
T0011895,A000871,A001316,1557,2026-07-15T12:42:06,IMPS,success
T0012777,A000472,A000558,1710,2026-07-15T12:42:49,IMPS,success
T0003147,A001164,A000541,80000,2026-07-15T12:47:13,IMPS,success
T0014848,A000963,A000773,416,2026-07-15T12:47:14,NEFT,success
T0010191,A000460,A000615,11724,2026-07-15T12:49:26,NEFT,success
T0009574,A001147,A000338,1583,2026-07-15T12:50:59,NEFT,success
T0013475,A000696,A000190,1101,2026-07-15T13:00:40,IMPS,success
T0002631,A000931,A000745,30932,2026-07-15T13:01:30,IMPS,success
T0007271,A000444,A001280,25873,2026-07-15T13:02:31,IMPS,success
T0010718,A001250,A000213,21983,2026-07-15T13:05:32,NEFT,success
T0014845,A000526,A000667,204,2026-07-15T13:05:46,IMPS,success
T0007812,A000617,A001140,1024,2026-07-15T13:14:57,IMPS,success
T0006145,A000870,A000402,50000,2026-07-15T13:21:49,NEFT,success
T0006010,A001039,A001316,7209,2026-07-15T13:22:39,NEFT,success
T0010367,A001026,A000658,1914,2026-07-15T13:23:09,UPI,success
T0005061,A000931,A000082,21661,2026-07-15T13:24:53,IMPS,success
T0004194,A000107,A001130,1700,2026-07-15T13:25:11,IMPS,success
T0007204,A000213,A000628,97,2026-07-15T13:29:24,NEFT,success
T0010279,A000604,A000467,149,2026-07-15T13:31:09,NEFT,success
T0001031,A000422,A000283,32817,2026-07-15T13:38:00,UPI,success
T0014619,A000533,A001361,590,2026-07-15T13:38:47,NEFT,success
T0011780,A000711,A001190,225,2026-07-15T13:43:15,NEFT,success
T0003930,A000176,A000848,25000,2026-07-15T13:47:04,IMPS,success
T0011763,A001219,A000491,1160,2026-07-15T13:53:02,UPI,failed
T0008592,A001105,A001345,398,2026-07-15T13:55:59,IMPS,success
T0009967,A001355,A001138,3124,2026-07-15T13:56:51,UPI,success
T0003286,A000923,A000951,1303,2026-07-15T14:01:55,IMPS,success
T0001484,A000663,A000583,161,2026-07-15T14:09:53,UPI,success
T0012227,A000817,A000465,694,2026-07-15T14:12:14,NEFT,success
T0004793,A000107,A000129,1335,2026-07-15T14:12:45,NEFT,success
T0001957,A000713,A001079,1080,2026-07-15T14:14:18,UPI,success
T0002409,A001271,A001198,2380,2026-07-15T14:14:56,NEFT,success
T0009020,A000567,A000468,189,2026-07-15T14:23:23,IMPS,success
T0010179,A000293,A001331,14829,2026-07-15T14:23:33,NEFT,success
T0008478,A000786,A000976,439,2026-07-15T14:29:22,NEFT,success
T0009255,A000928,A000960,831,2026-07-15T14:39:51,NEFT,success
T0008907,A001082,A001203,1335,2026-07-15T14:39:59,NEFT,success
T0007729,A001121,A001320,36885,2026-07-15T14:41:27,NEFT,success
T0006466,A000195,A001029,21056,2026-07-15T14:45:54,IMPS,success
T0005080,A001355,A001232,26403,2026-07-15T14:47:15,IMPS,success
T0004136,A000046,A000403,35767,2026-07-15T14:48:47,UPI,success
T0002940,A001007,A001334,50000,2026-07-15T14:52:50,NEFT,success
T0000596,A000680,A001081,506,2026-07-15T14:53:11,NEFT,success
T0011730,A000536,A000941,471,2026-07-15T14:55:32,IMPS,success
T0008330,A000999,A000268,381,2026-07-15T14:57:32,IMPS,success
T0003937,A000608,A000071,337,2026-07-15T14:57:53,UPI,success
T0004487,A001150,A001295,35000,2026-07-15T14:58:52,UPI,success
T0001071,A000727,A000746,65000,2026-07-15T15:00:06,IMPS,success
T0002291,A000538,A000864,80000,2026-07-15T15:00:13,NEFT,success
T0005428,A000456,A000242,39237,2026-07-15T15:00:14,IMPS,success
T0010075,A000560,A000393,760,2026-07-15T15:07:24,UPI,success
T0010445,A001098,A000704,378,2026-07-15T15:08:50,NEFT,success
T0008650,A000287,A000941,10331,2026-07-15T15:09:43,UPI,success
T0013771,A000871,A000457,15000,2026-07-15T15:12:25,NEFT,success
T0014467,A000634,A000700,226,2026-07-15T15:16:39,UPI,success
T0005798,A000390,A000911,1794,2026-07-15T15:22:33,NEFT,success
T0008783,A000738,A000744,50000,2026-07-15T15:23:47,NEFT,success
T0009495,A000148,A001021,2798,2026-07-15T15:34:04,NEFT,success
T0000802,A000224,A000336,847,2026-07-15T15:34:15,UPI,success
T0007180,A001300,A001090,486,2026-07-15T15:38:48,IMPS,success
T0012972,A000915,A001282,328,2026-07-15T15:43:59,UPI,success
T0004629,A000696,A001293,1835,2026-07-15T15:46:46,IMPS,success
T0007335,A001010,A000410,456,2026-07-15T15:46:50,NEFT,success
T0004272,A000015,A000489,37928,2026-07-15T15:48:09,UPI,success
T0002970,A001232,A000529,2377,2026-07-15T15:49:40,IMPS,success
T0013760,A000415,A000527,989,2026-07-15T15:51:18,UPI,success
T0000883,A001316,A000288,50000,2026-07-15T15:51:22,NEFT,success
T0003880,A001071,A000383,1444,2026-07-15T15:52:53,UPI,success
T0005411,A000550,A000055,559,2026-07-15T15:53:58,NEFT,success
T0009436,A000591,A001116,55393,2026-07-15T15:54:41,NEFT,success
T0004222,A000838,A000755,35000,2026-07-15T15:58:26,UPI,success
T0000784,A001162,A001252,35000,2026-07-15T16:01:07,IMPS,success
T0006113,A000501,A000772,80000,2026-07-15T16:02:47,NEFT,success
T0004369,A000837,A000053,15000,2026-07-15T16:03:17,UPI,success
T0009598,A000573,A000196,1197,2026-07-15T16:03:29,UPI,success
T0004216,A001176,A000377,213,2026-07-15T16:07:28,UPI,success
T0001660,A000929,A000552,742,2026-07-15T16:08:53,IMPS,success
T0010899,A001143,A000062,1863,2026-07-15T16:12:43,NEFT,success
T0013190,A001048,A000643,693,2026-07-15T16:16:20,UPI,success
T0012299,A001328,A001255,3087,2026-07-15T16:18:39,NEFT,success
T0013855,A000691,A000283,431,2026-07-15T16:19:58,NEFT,success
T0005118,A001088,A000367,721,2026-07-15T16:21:37,IMPS,success
T0001711,A000818,A000527,25000,2026-07-15T16:22:36,UPI,success
T0009771,A001132,A000436,60,2026-07-15T16:23:06,NEFT,success
T0012223,A000573,A000681,1409,2026-07-15T16:23:18,UPI,success
T0010143,A000813,A000443,35000,2026-07-15T16:26:03,IMPS,success
T0011207,A000063,A000055,866,2026-07-15T16:40:17,NEFT,success
T0002494,A001325,A000369,5000,2026-07-15T16:43:54,NEFT,success
T0010588,A000498,A000723,656,2026-07-15T16:45:04,IMPS,success
T0000854,A001198,A000191,444,2026-07-15T16:46:35,IMPS,success
T0008107,A000223,A001160,25000,2026-07-15T16:48:53,IMPS,success
T0006006,A000687,A000213,566,2026-07-15T16:51:53,IMPS,success
T0014879,A000085,A000538,328,2026-07-15T16:53:23,NEFT,success
T0006911,A000011,A000147,1315,2026-07-15T16:53:26,NEFT,success
T0012863,A001074,A000735,859,2026-07-15T17:00:08,UPI,success
T0006595,A000597,A001282,65000,2026-07-15T17:04:16,NEFT,success
T0004304,A000614,A001332,319,2026-07-15T17:04:50,NEFT,success
T0014780,A001170,A001195,8262,2026-07-15T17:12:35,NEFT,success
T0010153,A000035,A000866,678,2026-07-15T17:13:17,NEFT,success
T0011577,A000852,A000237,6782,2026-07-15T17:14:39,UPI,success
T0005458,A000188,A000482,15000,2026-07-15T17:21:56,IMPS,success
T0006963,A001353,A000448,228,2026-07-15T17:24:41,UPI,success
T0009713,A000845,A000248,22972,2026-07-15T17:30:01,NEFT,success
T0006292,A000291,A000664,91937,2026-07-15T17:37:29,IMPS,success
T0011309,A001238,A000657,35000,2026-07-15T17:39:17,UPI,success
T0014088,A001284,A000543,25363,2026-07-15T17:42:42,NEFT,success
T0001717,A000269,A000015,25000,2026-07-15T17:44:14,IMPS,success
T0001188,A000917,A000171,924,2026-07-15T17:47:35,NEFT,success
T0009437,A001207,A000867,316,2026-07-15T17:49:29,UPI,success
T0004618,A000853,A001162,602,2026-07-15T17:50:17,UPI,success
T0006763,A000279,A001207,621,2026-07-15T17:51:22,UPI,success
T0014377,A000662,A000221,498,2026-07-15T17:52:56,UPI,success
T0001712,A000186,A001156,73953,2026-07-15T18:04:31,IMPS,success
T0006614,A001089,A001090,33968,2026-07-15T18:06:39,NEFT,success
T0012030,A000114,A001376,1384,2026-07-15T18:07:23,IMPS,success
T0005119,A000232,A000792,155,2026-07-15T18:09:20,NEFT,success
T0000352,A000021,A000595,196,2026-07-15T18:13:34,IMPS,success
T0010456,A000462,A000309,65000,2026-07-15T18:17:32,IMPS,success
T0007979,A001373,A000433,647,2026-07-15T18:21:07,IMPS,success
T0005716,A000812,A000040,17867,2026-07-15T18:21:34,IMPS,success
T0000430,A000997,A000276,65000,2026-07-15T18:22:57,IMPS,success
T0005365,A000760,A000922,1287,2026-07-15T18:33:57,IMPS,success
T0001030,A001033,A000302,442,2026-07-15T18:36:31,UPI,success
T0012382,A000805,A000004,25000,2026-07-15T18:43:26,IMPS,success
T0006695,A000490,A001195,30546,2026-07-15T18:47:31,UPI,success
T0002968,A000170,A000507,586,2026-07-15T18:48:31,NEFT,success
T0006579,A001084,A000572,69,2026-07-15T18:51:42,NEFT,success
T0011342,A000856,A001358,50000,2026-07-15T18:58:20,UPI,success
T0000898,A000239,A000354,15702,2026-07-15T18:58:34,NEFT,success
T0002584,A000896,A000052,100592,2026-07-15T19:01:30,IMPS,success
T0013365,A000021,A000012,323,2026-07-15T19:01:50,NEFT,success
T0010465,A000449,A000852,600,2026-07-15T19:03:34,NEFT,success
T0010131,A000525,A000069,1291,2026-07-15T19:06:11,NEFT,success
T0002991,A000368,A000709,15000,2026-07-15T19:07:18,UPI,success
T0009220,A000944,A000353,2552,2026-07-15T19:07:35,UPI,success
T0000831,A000348,A000911,636,2026-07-15T19:10:00,UPI,success
T0001968,A001358,A000375,354,2026-07-15T19:11:10,IMPS,success
T0002887,A000725,A000584,35000,2026-07-15T19:12:06,NEFT,success
T0010765,A000759,A000235,1135,2026-07-15T19:27:20,NEFT,success
T0001835,A000264,A000461,72336,2026-07-15T19:30:30,UPI,success
T0009945,A000834,A000977,3383,2026-07-15T19:32:14,IMPS,success
T0004085,A001108,A000079,42526,2026-07-15T19:33:14,UPI,success
T0008603,A000047,A000201,2196,2026-07-15T19:33:20,IMPS,success
T0006562,A001063,A001096,149,2026-07-15T19:35:02,IMPS,success
T0010699,A000336,A000799,19510,2026-07-15T19:37:45,NEFT,success
T0006204,A000946,A000384,3642,2026-07-15T19:40:08,UPI,success
T0014788,A000894,A000723,5000,2026-07-15T19:40:25,NEFT,success
T0002056,A000842,A001331,26025,2026-07-15T19:42:37,NEFT,success
T0005501,A000393,A001194,943,2026-07-15T19:43:58,IMPS,success
T0005217,A001120,A001149,580,2026-07-15T19:50:42,IMPS,success
T0010918,A000644,A000049,188,2026-07-15T19:51:40,NEFT,success
T0012594,A000160,A000072,15000,2026-07-15T19:59:26,IMPS,success
T0006485,A001008,A000554,8896,2026-07-15T20:01:25,NEFT,success
T0012536,A000837,A001356,1723,2026-07-15T20:01:38,IMPS,success
T0003282,A000417,A000969,3596,2026-07-15T20:02:03,IMPS,success
T0010779,A000005,A001226,5630,2026-07-15T20:04:41,UPI,success
T0002549,A001306,A000198,50000,2026-07-15T20:05:26,IMPS,success
T0000625,A001282,A000051,1338,2026-07-15T20:07:56,IMPS,failed
T0001108,A000590,A000073,35886,2026-07-15T20:11:03,IMPS,success
T0001974,A000362,A001229,11441,2026-07-15T20:12:36,NEFT,success
T0005587,A000692,A000787,35000,2026-07-15T20:19:23,NEFT,success
T0010986,A001157,A001131,21553,2026-07-15T20:22:10,NEFT,success
T0005864,A000194,A001325,5447,2026-07-15T20:25:06,NEFT,success
T0011210,A001173,A000325,32134,2026-07-15T20:25:35,IMPS,success
T0010265,A001087,A000632,1113,2026-07-15T20:28:43,IMPS,success
T0002184,A000567,A000738,985,2026-07-15T20:28:58,NEFT,success
T0013923,A000906,A001339,1504,2026-07-15T20:29:38,UPI,success
T0000878,A001004,A001035,154872,2026-07-15T20:36:27,UPI,success
T0001732,A000661,A000951,346,2026-07-15T20:40:52,NEFT,success
T0003804,A000750,A000838,10668,2026-07-15T20:42:40,UPI,success
T0000134,A000242,A000307,59299,2026-07-15T20:43:03,UPI,success
T0000648,A000891,A000193,2511,2026-07-15T20:44:30,UPI,success
T0007731,A000281,A001312,2529,2026-07-15T20:45:11,NEFT,success
T0009160,A000093,A000811,15122,2026-07-15T20:45:26,NEFT,success
T0009249,A000277,A000987,2025,2026-07-15T20:47:26,IMPS,success
T0013937,A001051,A001203,699,2026-07-15T20:48:44,NEFT,success
T0006131,A000565,A000261,372,2026-07-15T20:50:18,UPI,success
T0003360,A000409,A000428,50000,2026-07-15T20:51:56,UPI,success
T0008914,A000893,A001115,21556,2026-07-15T20:55:48,UPI,success
T0004756,A000366,A001156,3340,2026-07-15T20:56:43,IMPS,success
T0001777,A000347,A000509,5000,2026-07-15T20:56:46,UPI,success
T0009956,A001163,A000916,41381,2026-07-15T21:05:34,NEFT,success
T0001490,A001309,A000849,15000,2026-07-15T21:07:13,NEFT,success
T0002900,A000938,A001017,1669,2026-07-15T21:09:11,IMPS,success
T0001998,A001147,A000797,1579,2026-07-15T21:15:43,IMPS,success
T0003589,A000236,A000171,16372,2026-07-15T21:22:30,UPI,success
T0005024,A000359,A001033,1056,2026-07-15T21:24:37,NEFT,success
T0013621,A001144,A000924,1880,2026-07-15T21:30:08,NEFT,success
T0004020,A001370,A000193,19898,2026-07-15T21:31:01,NEFT,success
T0014399,A000152,A000355,658,2026-07-15T21:31:35,NEFT,failed
T0001755,A001215,A001245,798,2026-07-15T21:31:49,IMPS,success
T0013052,A000840,A001328,97603,2026-07-15T21:33:11,UPI,success
T0010766,A000673,A001287,80000,2026-07-15T21:48:23,IMPS,success
T0006650,A001197,A001016,1566,2026-07-15T21:49:41,IMPS,success
T0010701,A000105,A000298,15000,2026-07-15T21:50:43,NEFT,failed
T0000381,A000534,A000378,18695,2026-07-15T21:51:07,NEFT,success
T0014798,A000734,A000276,794,2026-07-15T21:57:55,UPI,success
T0002109,A001287,A001194,80000,2026-07-15T21:59:45,NEFT,success
T0010866,A001140,A001058,22700,2026-07-15T22:02:25,UPI,success
T0004137,A000454,A001284,8024,2026-07-15T22:02:34,NEFT,success
T0003773,A000832,A000027,10532,2026-07-15T22:04:52,IMPS,success
T0012375,A000159,A000353,322,2026-07-15T22:05:05,IMPS,success
T0001207,A001227,A000970,16187,2026-07-15T22:06:19,UPI,success
T0009770,A000527,A001115,669,2026-07-15T22:09:42,NEFT,success
T0011147,A000769,A001254,80000,2026-07-15T22:10:17,IMPS,success
T0003927,A001043,A001210,35000,2026-07-15T22:16:07,NEFT,success
T0007580,A000535,A001262,3117,2026-07-15T22:18:21,NEFT,success
T0003706,A000307,A000570,1951,2026-07-15T22:18:25,UPI,success
T0004755,A001292,A000899,574,2026-07-15T22:18:42,IMPS,success
T0003339,A001138,A001114,578,2026-07-15T22:24:13,NEFT,success
T0007025,A000951,A000537,58371,2026-07-15T22:28:10,UPI,success
T0005082,A000419,A000630,1478,2026-07-15T22:28:41,UPI,success
T0013628,A001179,A000651,26434,2026-07-15T22:32:15,IMPS,success
T0002482,A000496,A000479,40842,2026-07-15T22:33:03,IMPS,success
T0006723,A000335,A000569,31174,2026-07-15T22:39:39,NEFT,success
T0009932,A001068,A000261,1639,2026-07-15T22:40:55,UPI,success
T0001736,A000607,A000079,15000,2026-07-15T22:45:49,NEFT,success
T0004572,A001372,A000452,20067,2026-07-15T22:48:07,IMPS,success
T0012537,A000220,A000144,12678,2026-07-15T22:54:49,NEFT,success
T0001564,A000912,A001035,5463,2026-07-15T22:56:33,UPI,success
T0002634,A001086,A000996,65000,2026-07-15T22:59:15,UPI,success
T0010111,A000134,A000329,1685,2026-07-15T23:04:18,NEFT,success
T0006622,A000087,A000526,1204,2026-07-15T23:06:38,NEFT,success
T0013751,A000358,A001194,28978,2026-07-15T23:10:35,NEFT,success
T0014903,A000781,A000735,613,2026-07-15T23:18:17,IMPS,success
T0007086,A000245,A000962,621,2026-07-15T23:19:51,NEFT,success
T0013229,A000943,A001102,320,2026-07-15T23:21:00,IMPS,success
T0014893,A000385,A000814,356,2026-07-15T23:26:32,NEFT,success
T0014549,A000790,A000913,1544,2026-07-15T23:27:44,NEFT,success
T0002116,A000910,A001252,271,2026-07-15T23:28:09,NEFT,success
T0012109,A000778,A000630,579,2026-07-15T23:31:33,IMPS,success
T0005833,A000692,A000700,65000,2026-07-15T23:33:00,IMPS,success
T0000495,A001309,A001287,172,2026-07-15T23:42:07,UPI,success
T0004860,A000948,A000829,28675,2026-07-15T23:42:20,UPI,success
T0014318,A000916,A001316,50000,2026-07-15T23:42:38,NEFT,success
T0012905,A000677,A001380,70957,2026-07-15T23:42:54,IMPS,success
T0011027,A000527,A000782,1997,2026-07-15T23:49:00,UPI,success
T0000329,A000648,A000995,40136,2026-07-15T23:51:30,IMPS,success
T0012259,A000240,A001191,398,2026-07-15T23:51:31,IMPS,success
T0012648,A000555,A000939,655,2026-07-15T23:57:52,NEFT,success
T0008527,A000420,A000311,3751,2026-07-16T00:03:29,NEFT,success
T0012788,A000491,A000480,1273,2026-07-16T00:04:23,UPI,success
T0011944,A000888,A001080,471,2026-07-16T00:13:29,NEFT,success
T0012654,A000205,A000262,346,2026-07-16T00:14:38,UPI,success
T0005729,A001067,A001128,512,2026-07-16T00:15:53,NEFT,success
T0014514,A000663,A000982,756,2026-07-16T00:18:02,IMPS,success
T0012015,A001075,A000524,3753,2026-07-16T00:19:59,IMPS,success
T0011326,A000020,A000904,5378,2026-07-16T00:20:54,UPI,success
T0014327,A000171,A001178,43543,2026-07-16T00:23:08,NEFT,success
T0001587,A000917,A001025,713,2026-07-16T00:23:09,IMPS,success
T0013441,A000170,A000497,823,2026-07-16T00:23:44,UPI,success
T0012280,A000281,A000808,65675,2026-07-16T00:38:35,NEFT,success
T0002850,A000075,A000080,708,2026-07-16T00:48:18,UPI,success
T0001191,A000656,A000932,12067,2026-07-16T00:50:57,NEFT,success
T0009197,A001229,A000633,3188,2026-07-16T00:53:04,UPI,success
T0002540,A000452,A000593,4768,2026-07-16T00:53:11,IMPS,success
T0009333,A000731,A000368,505,2026-07-16T00:56:20,UPI,success
T0004457,A000635,A000996,26933,2026-07-16T01:00:09,NEFT,success
T0005438,A000037,A000019,8093,2026-07-16T01:02:48,UPI,success
T0001464,A001289,A001105,496,2026-07-16T01:09:24,IMPS,success
T0005680,A001366,A001063,35000,2026-07-16T01:10:37,NEFT,success
T0008949,A000375,A001318,395,2026-07-16T01:15:57,IMPS,success
T0008102,A000508,A001322,57,2026-07-16T01:18:35,UPI,success
T0006170,A001291,A000521,1790,2026-07-16T01:21:09,IMPS,success
T0007849,A000586,A000734,517,2026-07-16T01:23:18,IMPS,success
T0004277,A000434,A000830,65000,2026-07-16T01:26:50,UPI,success
T0007970,A000413,A000425,346,2026-07-16T01:26:59,IMPS,success
T0011383,A000873,A000297,5905,2026-07-16T01:30:50,UPI,success
T0014177,A000639,A000680,80000,2026-07-16T01:36:04,IMPS,success
T0004101,A000165,A000229,844,2026-07-16T01:37:56,NEFT,success
T0011769,A000849,A000601,839,2026-07-16T01:39:20,IMPS,success
T0010205,A000832,A000756,1656,2026-07-16T01:40:10,IMPS,success
T0004249,A001360,A000328,541,2026-07-16T01:40:53,IMPS,success
T0001453,A000511,A001035,1111,2026-07-16T01:44:14,UPI,success
T0002375,A000686,A001061,35000,2026-07-16T01:46:01,IMPS,success
T0014311,A000831,A001138,1065,2026-07-16T01:46:15,UPI,success
T0014896,A000391,A001269,1785,2026-07-16T01:51:42,NEFT,success
T0003113,A000304,A000142,2179,2026-07-16T01:52:16,NEFT,success
T0011624,A000344,A001114,20850,2026-07-16T01:54:55,IMPS,success
T0004241,A001307,A001046,2425,2026-07-16T01:56:58,NEFT,success
T0014863,A001234,A000768,616,2026-07-16T01:59:56,UPI,success
T0013536,A000944,A001179,1097,2026-07-16T02:01:22,UPI,success
T0002771,A000137,A000383,696,2026-07-16T02:03:25,UPI,failed
T0002106,A000892,A000063,80000,2026-07-16T02:05:02,NEFT,success
T0006098,A000932,A000365,50083,2026-07-16T02:05:35,UPI,success
T0009472,A000366,A001260,904,2026-07-16T02:09:24,IMPS,success
T0012206,A000880,A001059,708,2026-07-16T02:11:25,UPI,success
T0014037,A000782,A001044,518,2026-07-16T02:13:13,UPI,success
T0005306,A000008,A000086,80000,2026-07-16T02:19:47,UPI,success
T0011737,A000255,A000074,757,2026-07-16T02:22:02,NEFT,success
T0008947,A001343,A001163,16772,2026-07-16T02:29:30,UPI,success
T0003064,A001306,A000104,6225,2026-07-16T02:32:57,UPI,success
T0010605,A000972,A000601,50840,2026-07-16T02:34:40,NEFT,success
T0004913,A000243,A000975,11543,2026-07-16T02:35:06,IMPS,success
T0008205,A000079,A000602,749,2026-07-16T02:35:53,IMPS,success
T0010089,A001125,A000970,26280,2026-07-16T02:36:05,IMPS,success
T0008254,A000283,A000706,4339,2026-07-16T02:36:44,NEFT,success
T0006089,A000507,A000055,454,2026-07-16T02:38:47,NEFT,success
T0013526,A000403,A000299,1872,2026-07-16T02:39:30,NEFT,success
T0013037,A000529,A000805,3697,2026-07-16T02:45:25,UPI,success
T0009148,A000330,A000508,490,2026-07-16T02:48:38,UPI,success
T0010996,A000391,A000297,140640,2026-07-16T02:49:09,UPI,success
T0011365,A000762,A001125,579,2026-07-16T03:01:55,IMPS,success
T0014364,A000377,A000998,8463,2026-07-16T03:02:37,NEFT,success
T0000384,A000746,A000786,42616,2026-07-16T03:04:12,IMPS,success
T0014650,A001262,A000387,237,2026-07-16T03:10:17,IMPS,success
T0000812,A000229,A000076,25000,2026-07-16T03:17:49,IMPS,success
T0005280,A000916,A000867,999,2026-07-16T03:22:30,IMPS,success
T0000939,A000197,A000599,648,2026-07-16T03:33:19,IMPS,success
T0000275,A001288,A001217,2626,2026-07-16T03:34:37,UPI,success
T0011866,A000734,A000203,25000,2026-07-16T03:35:17,NEFT,success
T0010932,A000443,A000667,22927,2026-07-16T03:39:56,NEFT,success
T0003592,A001016,A001049,13796,2026-07-16T03:41:05,NEFT,success
T0013813,A000089,A000296,1587,2026-07-16T03:41:45,IMPS,success
T0000757,A000715,A000772,22721,2026-07-16T03:43:42,NEFT,success
T0009013,A001072,A000819,29999,2026-07-16T03:53:52,NEFT,success
T0001624,A000926,A000434,1613,2026-07-16T03:55:33,IMPS,success
T0002630,A000660,A001258,80000,2026-07-16T03:56:33,UPI,success
T0013291,A001090,A001103,647,2026-07-16T04:01:37,UPI,success
T0009001,A000669,A000845,479,2026-07-16T04:01:53,UPI,success
T0011910,A000229,A001308,65000,2026-07-16T04:02:32,NEFT,success
T0002753,A000349,A000660,2355,2026-07-16T04:02:40,IMPS,success
T0014191,A000738,A000576,402,2026-07-16T04:04:32,UPI,success
T0012832,A000104,A000149,13785,2026-07-16T04:09:29,UPI,success
T0014761,A000751,A001217,932,2026-07-16T04:18:34,UPI,success
T0008128,A000026,A000391,2025,2026-07-16T04:18:49,UPI,success
T0014750,A000373,A000810,154,2026-07-16T04:18:49,NEFT,success
T0000941,A000202,A000848,1692,2026-07-16T04:24:12,NEFT,success
T0012046,A000969,A000292,674,2026-07-16T04:34:54,UPI,success
T0007559,A000879,A000850,9513,2026-07-16T04:35:16,NEFT,success
T0008230,A000279,A000702,80000,2026-07-16T04:35:46,NEFT,success
T0002438,A000801,A000272,789,2026-07-16T04:36:37,UPI,success
T0003047,A000260,A000952,625,2026-07-16T04:41:18,UPI,success
T0004259,A000118,A000359,50000,2026-07-16T04:47:09,UPI,success
T0007944,A000124,A000003,7894,2026-07-16T04:49:12,IMPS,success
T0005132,A000539,A001163,311,2026-07-16T04:50:06,NEFT,success
T0013333,A000664,A000787,845,2026-07-16T04:57:27,UPI,success
T0005233,A000329,A000101,35000,2026-07-16T04:58:12,NEFT,success
T0010470,A000576,A000846,190,2026-07-16T04:58:29,UPI,success
T0013480,A000115,A001299,38973,2026-07-16T05:00:20,UPI,success
T0001999,A000797,A000042,5139,2026-07-16T05:02:10,UPI,success
T0003108,A000845,A000925,737,2026-07-16T05:06:50,NEFT,success
T0004329,A000523,A000322,15000,2026-07-16T05:08:53,UPI,success
T0003293,A001029,A000575,3077,2026-07-16T05:11:14,UPI,failed
T0004072,A000499,A000970,333,2026-07-16T05:13:45,IMPS,success
T0010086,A000782,A001075,1076,2026-07-16T05:14:49,IMPS,success
T0014126,A000286,A000676,14085,2026-07-16T05:15:37,IMPS,success
T0000519,A000540,A000851,80000,2026-07-16T05:15:52,NEFT,success
T0008657,A000321,A000375,500,2026-07-16T05:16:37,NEFT,success
T0001368,A001286,A000844,334,2026-07-16T05:17:40,NEFT,success
T0009166,A000608,A001367,240,2026-07-16T05:20:08,NEFT,success
T0011701,A000055,A001046,511,2026-07-16T05:25:17,IMPS,success
T0000418,A000991,A000873,50000,2026-07-16T05:27:41,UPI,success
T0006399,A000118,A001076,1962,2026-07-16T05:29:16,UPI,success
T0001685,A000204,A001250,579,2026-07-16T05:33:17,NEFT,success
T0013876,A001119,A000409,25907,2026-07-16T05:35:19,UPI,success
T0006853,A000273,A000567,1171,2026-07-16T05:35:53,UPI,success
T0005381,A000667,A000301,961,2026-07-16T05:38:28,UPI,success
T0001573,A001365,A000450,1629,2026-07-16T05:41:47,UPI,success
T0013593,A001007,A001114,80000,2026-07-16T05:44:16,UPI,success
T0014631,A001266,A000565,622,2026-07-16T05:53:54,NEFT,success
T0014164,A000268,A000045,1074,2026-07-16T06:01:41,UPI,success
T0003090,A000690,A000524,962,2026-07-16T06:05:34,UPI,success
T0008962,A001045,A000949,3506,2026-07-16T06:05:39,IMPS,success
T0007936,A000483,A000034,20146,2026-07-16T06:07:12,UPI,success
T0000798,A000332,A000123,27331,2026-07-16T06:07:35,IMPS,success
T0008119,A001244,A000150,67180,2026-07-16T06:10:54,IMPS,success
T0003636,A000755,A000235,35000,2026-07-16T06:12:20,NEFT,success
T0009110,A000588,A000279,1591,2026-07-16T06:17:02,IMPS,success
T0007615,A001347,A000552,13548,2026-07-16T06:20:21,IMPS,success
T0002709,A000838,A001112,252,2026-07-16T06:21:51,NEFT,success
T0011811,A001051,A000829,1678,2026-07-16T06:23:12,NEFT,success
T0010666,A000386,A000088,133339,2026-07-16T06:23:20,NEFT,success
T0005881,A000067,A001229,20208,2026-07-16T06:25:04,IMPS,success
T0013540,A000699,A001282,2473,2026-07-16T06:26:05,IMPS,success
T0005495,A001221,A000594,439,2026-07-16T06:27:54,IMPS,success
T0014609,A000873,A000275,503,2026-07-16T06:28:00,IMPS,success
T0010533,A000493,A000257,1900,2026-07-16T06:36:50,UPI,success
T0005482,A000343,A000623,11997,2026-07-16T06:42:10,NEFT,success
T0011285,A000374,A000312,274,2026-07-16T06:42:34,UPI,success
T0008845,A000071,A001105,50000,2026-07-16T06:53:59,UPI,success
T0008238,A000585,A000435,632,2026-07-16T06:56:51,NEFT,success
T0008135,A000797,A001078,11683,2026-07-16T06:58:33,UPI,success
T0012152,A001377,A000386,11052,2026-07-16T07:01:19,IMPS,success
T0004288,A000082,A000563,955,2026-07-16T07:02:09,IMPS,success
T0010387,A000263,A001114,35000,2026-07-16T07:02:11,UPI,success
T0008632,A000200,A000379,291,2026-07-16T07:09:19,IMPS,success
T0011882,A000758,A000024,1645,2026-07-16T07:09:41,NEFT,success
T0000153,A000556,A001068,696,2026-07-16T07:17:09,NEFT,success
T0011402,A000877,A000825,35000,2026-07-16T07:20:59,IMPS,success
T0008633,A001236,A000791,747,2026-07-16T07:22:30,NEFT,success
T0005541,A001321,A000178,2775,2026-07-16T07:32:01,IMPS,success
T0004098,A000079,A000530,13193,2026-07-16T07:34:21,UPI,success
T0008206,A001100,A000416,36463,2026-07-16T07:34:44,IMPS,success
T0001010,A000091,A000169,599,2026-07-16T07:34:47,NEFT,success
T0004965,A001163,A000208,1212,2026-07-16T07:36:03,IMPS,success
T0003331,A000823,A001282,56170,2026-07-16T07:41:41,IMPS,success
T0002316,A001144,A000192,348,2026-07-16T07:46:55,UPI,success
T0005279,A000280,A001263,11677,2026-07-16T07:52:48,NEFT,success
T0003915,A000007,A001028,967,2026-07-16T07:54:01,NEFT,success
T0004124,A001209,A000120,358,2026-07-16T07:54:37,IMPS,success
T0001807,A001249,A000749,24024,2026-07-16T08:00:10,UPI,success
T0000478,A000750,A000333,1221,2026-07-16T08:02:07,UPI,success
T0010016,A000113,A000813,911,2026-07-16T08:07:31,IMPS,success
T0010775,A000478,A000117,25000,2026-07-16T08:10:51,UPI,success
T0013435,A000834,A000676,355,2026-07-16T08:12:20,NEFT,success
T0001340,A000503,A000918,49017,2026-07-16T08:16:09,NEFT,success
T0010346,A001185,A000098,1777,2026-07-16T08:18:12,NEFT,success
T0008877,A000974,A000797,786,2026-07-16T08:18:24,IMPS,success
T0003233,A000898,A000140,616,2026-07-16T08:20:06,UPI,success
T0006107,A000141,A000414,809,2026-07-16T08:38:31,UPI,success
T0013903,A000353,A001218,1279,2026-07-16T08:43:17,UPI,success
T0011967,A000537,A000832,12929,2026-07-16T08:45:22,IMPS,success
T0014425,A000061,A000153,31311,2026-07-16T08:46:54,UPI,success
T0000491,A000515,A001331,4345,2026-07-16T08:47:50,IMPS,success
T0014466,A000191,A000317,65000,2026-07-16T08:51:41,IMPS,success
T0008015,A000455,A001065,167,2026-07-16T08:54:59,IMPS,success
T0003035,A000508,A000933,17908,2026-07-16T08:55:06,UPI,success
T0008756,A000641,A001315,12300,2026-07-16T09:00:52,IMPS,success
T0009082,A000677,A001340,38730,2026-07-16T09:05:53,IMPS,success
T0014968,A000498,A000435,30187,2026-07-16T09:06:39,IMPS,success
T0008082,A000196,A000558,15000,2026-07-16T09:07:57,NEFT,success
T0005273,A000118,A000463,12808,2026-07-16T09:09:06,IMPS,success
T0011064,A000175,A000671,65000,2026-07-16T09:14:37,IMPS,success
T0014371,A000744,A000513,35000,2026-07-16T09:14:37,IMPS,success
T0005763,A000272,A001044,1006,2026-07-16T09:15:37,UPI,success
T0002566,A000992,A000748,11295,2026-07-16T09:16:19,NEFT,success
T0009106,A001328,A000970,1788,2026-07-16T09:20:55,UPI,success
T0014721,A000975,A000014,15172,2026-07-16T09:25:53,UPI,success
T0005496,A000658,A000375,381,2026-07-16T09:28:56,UPI,success
T0013747,A000946,A000083,2054,2026-07-16T09:30:09,NEFT,success
T0004558,A001291,A001343,1292,2026-07-16T09:31:21,NEFT,success
T0014190,A000161,A000368,938,2026-07-16T09:32:07,NEFT,success
T0004951,A000816,A000887,38060,2026-07-16T09:42:00,NEFT,success
T0000761,A000465,A000118,20049,2026-07-16T09:44:56,IMPS,success
T0007881,A001002,A000515,2589,2026-07-16T09:50:10,UPI,success
T0004125,A000755,A001093,1405,2026-07-16T09:50:36,IMPS,success
T0003557,A001052,A000888,19001,2026-07-16T09:52:27,IMPS,success
T0014522,A000713,A000491,240,2026-07-16T09:53:23,IMPS,success
T0008441,A001227,A000109,1007,2026-07-16T09:57:14,NEFT,success
T0001701,A000334,A000107,234,2026-07-16T09:59:17,IMPS,success
T0009055,A001137,A001346,1733,2026-07-16T09:59:21,IMPS,success
T0002414,A000455,A000941,65000,2026-07-16T10:04:02,IMPS,success
T0006173,A000985,A000839,8647,2026-07-16T10:07:37,UPI,success
T0007272,A000780,A000746,35000,2026-07-16T10:08:45,NEFT,success
T0004884,A000573,A000481,14234,2026-07-16T10:14:41,IMPS,success
T0005140,A000130,A001243,698,2026-07-16T10:16:23,NEFT,success
T0012531,A000384,A001189,673,2026-07-16T10:18:59,NEFT,success
T0008687,A001336,A000918,15000,2026-07-16T10:26:24,IMPS,success
T0002732,A000094,A000401,722,2026-07-16T10:33:43,UPI,success
T0003245,A001086,A000512,1002,2026-07-16T10:39:32,IMPS,success
T0007844,A000490,A001007,3384,2026-07-16T10:41:02,IMPS,success
T0009825,A001094,A000558,2549,2026-07-16T10:50:35,UPI,success
T0000738,A000122,A000403,19910,2026-07-16T10:52:15,NEFT,success
T0003527,A000499,A001279,625,2026-07-16T10:52:40,NEFT,success
T0006286,A000975,A000693,1876,2026-07-16T10:53:06,NEFT,success
T0006792,A001371,A000791,631,2026-07-16T10:53:39,IMPS,success
T0010297,A000298,A000305,7819,2026-07-16T10:53:43,IMPS,success
T0002534,A000346,A001219,453,2026-07-16T10:54:07,NEFT,success
T0005068,A001188,A001021,3679,2026-07-16T10:54:13,IMPS,success
T0011463,A000234,A000681,8734,2026-07-16T10:54:15,IMPS,success
T0004273,A000544,A000826,718,2026-07-16T10:56:36,UPI,success
T0004791,A000919,A000137,5000,2026-07-16T10:57:36,IMPS,success
T0009325,A000966,A000175,1171,2026-07-16T11:00:00,IMPS,success
T0011337,A000568,A000401,20858,2026-07-16T11:00:58,IMPS,success
T0009579,A000281,A001283,451,2026-07-16T11:01:34,IMPS,success
T0000545,A001091,A000064,10437,2026-07-16T11:02:53,IMPS,success
T0009972,A000804,A001100,12767,2026-07-16T11:05:49,IMPS,success
T0009269,A000557,A000959,198,2026-07-16T11:07:38,NEFT,success
T0003876,A000335,A001218,560,2026-07-16T11:14:56,NEFT,success
T0013145,A000350,A000527,15000,2026-07-16T11:19:57,NEFT,success
T0004897,A001122,A000575,65000,2026-07-16T11:20:06,IMPS,success
T0014499,A001279,A000136,44132,2026-07-16T11:26:09,UPI,success
T0007323,A000433,A000720,383,2026-07-16T11:27:29,NEFT,success
T0007328,A001098,A000585,1515,2026-07-16T11:28:22,IMPS,success
T0014071,A000160,A000941,366,2026-07-16T11:31:09,UPI,success
T0009923,A000613,A000159,21492,2026-07-16T11:36:37,UPI,success
T0013185,A000526,A001282,983,2026-07-16T11:37:32,IMPS,success
T0003116,A000254,A000106,35000,2026-07-16T11:38:59,NEFT,success
T0009627,A000222,A000277,776,2026-07-16T11:42:52,IMPS,success
T0009200,A000907,A000628,5000,2026-07-16T11:44:38,IMPS,success
T0005314,A000594,A000712,494,2026-07-16T11:47:16,NEFT,success
T0001070,A001041,A000228,2846,2026-07-16T11:50:34,IMPS,success
T0008728,A000739,A001252,1228,2026-07-16T11:51:19,UPI,failed
T0004224,A000294,A001181,2199,2026-07-16T11:57:40,IMPS,success
T0002113,A001074,A000613,1525,2026-07-16T11:58:54,UPI,success
T0008416,A000812,A000464,908,2026-07-16T12:00:06,IMPS,success
T0005945,A000083,A001056,22200,2026-07-16T12:01:02,IMPS,success
T0000271,A000120,A001283,25000,2026-07-16T12:05:28,UPI,success
T0011346,A000230,A000861,749,2026-07-16T12:06:12,IMPS,success
T0011507,A000814,A000972,633,2026-07-16T12:12:47,IMPS,success
T0006964,A000808,A000229,35000,2026-07-16T12:14:23,UPI,success
T0000615,A000796,A000408,1038,2026-07-16T12:21:23,IMPS,success
T0003215,A001266,A001160,13074,2026-07-16T12:22:05,UPI,success
T0012395,A000880,A001138,10069,2026-07-16T12:27:34,NEFT,success
T0001795,A000636,A001067,873,2026-07-16T12:34:45,UPI,success
T0014489,A000945,A001148,754,2026-07-16T12:34:51,IMPS,success
T0009886,A001098,A001170,15000,2026-07-16T12:36:55,NEFT,success
T0009533,A001367,A001163,1662,2026-07-16T12:42:21,IMPS,success
T0001714,A000499,A000875,316,2026-07-16T12:44:02,IMPS,success
T0004084,A000613,A001134,80000,2026-07-16T12:46:40,NEFT,success
T0007653,A000611,A000069,331,2026-07-16T12:47:20,IMPS,success
T0007721,A001051,A001041,11989,2026-07-16T12:47:37,IMPS,success
T0005183,A001348,A000500,794,2026-07-16T12:51:56,UPI,failed
T0008299,A001052,A001336,512,2026-07-16T12:53:51,IMPS,success
T0002603,A000251,A000875,12690,2026-07-16T12:54:41,NEFT,success
T0000981,A000960,A001042,15442,2026-07-16T13:00:27,NEFT,success
T0003123,A000648,A001327,261,2026-07-16T13:05:03,UPI,success
T0001621,A001222,A000576,477,2026-07-16T13:06:59,IMPS,success
T0012704,A000432,A000383,960,2026-07-16T13:08:41,UPI,success
T0005498,A000405,A000772,345,2026-07-16T13:09:42,UPI,success
T0013003,A000681,A001371,24595,2026-07-16T13:10:04,UPI,success
T0014760,A000971,A000654,2382,2026-07-16T13:20:11,NEFT,success
T0002881,A000637,A000444,734,2026-07-16T13:20:59,IMPS,success
T0008282,A001013,A000938,1330,2026-07-16T13:29:05,IMPS,success
T0000641,A001247,A000970,2160,2026-07-16T13:30:01,UPI,success
T0003115,A001061,A000336,15000,2026-07-16T13:30:53,UPI,success
T0014091,A000703,A000956,26644,2026-07-16T13:31:23,NEFT,success
T0011470,A000124,A000846,1567,2026-07-16T13:32:20,UPI,success
T0013778,A001010,A000608,38023,2026-07-16T13:33:41,UPI,success
T0012506,A001322,A000431,1922,2026-07-16T13:42:06,UPI,success
T0007155,A000637,A000529,714,2026-07-16T13:43:38,UPI,success
T0013952,A000440,A000860,7790,2026-07-16T13:43:46,NEFT,success
T0000130,A000734,A000266,50000,2026-07-16T13:45:33,IMPS,success
T0011203,A000355,A000732,54248,2026-07-16T13:45:40,IMPS,success
T0000155,A000692,A001164,8015,2026-07-16T13:49:29,UPI,success
T0005058,A000931,A000238,335,2026-07-16T13:52:28,NEFT,success
T0005135,A000809,A001088,80000,2026-07-16T13:53:17,UPI,success
T0001119,A000174,A001130,490,2026-07-16T13:57:42,IMPS,success
T0011587,A000790,A000901,14984,2026-07-16T13:59:13,IMPS,success
T0009438,A000037,A000076,1434,2026-07-16T14:00:40,UPI,success
T0000708,A001025,A000568,593,2026-07-16T14:02:05,NEFT,success
T0012919,A000031,A000700,269,2026-07-16T14:02:05,NEFT,success
T0001713,A000007,A001027,1069,2026-07-16T14:05:47,NEFT,success
T0005341,A001007,A001334,563,2026-07-16T14:06:09,IMPS,success
T0002319,A001302,A000923,2781,2026-07-16T14:11:39,IMPS,success
T0007097,A001111,A000445,252,2026-07-16T14:20:52,NEFT,success
T0008445,A000101,A000134,876,2026-07-16T14:25:23,IMPS,success
T0001141,A001224,A000483,24538,2026-07-16T14:33:34,UPI,success
T0000864,A000770,A000622,14178,2026-07-16T14:38:15,IMPS,success
T0007011,A000410,A001318,565,2026-07-16T14:38:26,UPI,success
T0009977,A000203,A001142,338,2026-07-16T14:39:44,UPI,success
T0000809,A000253,A000278,546,2026-07-16T14:40:21,NEFT,success
T0010472,A000810,A000365,2815,2026-07-16T14:43:24,NEFT,success
T0012667,A001279,A001311,1225,2026-07-16T14:48:27,IMPS,success
T0009260,A000490,A001331,15000,2026-07-16T14:49:04,UPI,success
T0004155,A001037,A000548,125,2026-07-16T14:50:38,UPI,success
T0008372,A000383,A001183,560,2026-07-16T14:51:32,IMPS,success
T0009748,A000491,A000502,18609,2026-07-16T14:54:37,IMPS,success
T0000678,A000023,A001059,65000,2026-07-16T14:55:29,NEFT,success
T0000341,A000898,A000349,1246,2026-07-16T14:56:39,NEFT,success
T0011181,A000999,A000277,1835,2026-07-16T14:58:58,NEFT,success
T0004556,A000536,A000703,24684,2026-07-16T15:00:28,UPI,success
T0008178,A001267,A001254,8169,2026-07-16T15:05:26,IMPS,success
T0008579,A000951,A000853,5227,2026-07-16T15:07:44,IMPS,success
T0003968,A001363,A000365,939,2026-07-16T15:12:03,UPI,success
T0007655,A000050,A000001,10764,2026-07-16T15:14:17,NEFT,success
T0002911,A000663,A001246,282,2026-07-16T15:16:41,UPI,success
T0000961,A001361,A000914,814,2026-07-16T15:20:52,NEFT,success
T0003049,A000728,A001140,1948,2026-07-16T15:21:02,UPI,success
T0002937,A000212,A000273,50000,2026-07-16T15:24:52,UPI,success
T0012508,A000399,A001197,23725,2026-07-16T15:30:22,UPI,success
T0005527,A000822,A000857,533,2026-07-16T15:31:13,IMPS,success
T0005856,A001083,A000389,490,2026-07-16T15:31:13,UPI,success
T0012471,A000844,A000381,913,2026-07-16T15:34:08,UPI,success
T0008209,A000584,A001378,1930,2026-07-16T15:34:25,IMPS,success
T0008695,A000041,A000870,1052,2026-07-16T15:34:58,NEFT,success
T0003519,A001128,A000463,35484,2026-07-16T15:36:32,IMPS,success
T0010868,A000153,A001175,338,2026-07-16T15:36:59,IMPS,success
T0000175,A000754,A001273,1340,2026-07-16T15:40:24,IMPS,success
T0013909,A000706,A000827,339,2026-07-16T15:41:13,IMPS,success
T0009131,A001367,A001065,271,2026-07-16T15:42:11,NEFT,success
T0012350,A000960,A000525,1640,2026-07-16T15:43:48,IMPS,success
T0004315,A001175,A001269,184,2026-07-16T15:45:21,NEFT,success
T0009744,A001357,A000115,9000,2026-07-16T15:46:20,UPI,success
T0008257,A001290,A001096,394,2026-07-16T15:47:57,IMPS,success
T0005424,A000192,A001204,694,2026-07-16T15:50:39,NEFT,success
T0007995,A000519,A000742,1118,2026-07-16T15:52:06,IMPS,success
T0011085,A000030,A001248,60737,2026-07-16T16:04:24,NEFT,success
T0010202,A001372,A000345,45467,2026-07-16T16:06:51,UPI,success
T0006956,A000909,A000577,471,2026-07-16T16:09:48,UPI,success
T0005113,A000932,A000139,80000,2026-07-16T16:11:16,IMPS,success
T0008190,A000802,A000127,1202,2026-07-16T16:12:49,IMPS,success
T0012515,A001358,A000233,353,2026-07-16T16:15:39,UPI,success
T0000190,A000567,A000223,31598,2026-07-16T16:18:21,UPI,success
T0009591,A000676,A001164,80225,2026-07-16T16:22:21,NEFT,success
T0001788,A000860,A000418,19102,2026-07-16T16:23:11,NEFT,success
T0003288,A000638,A001331,77874,2026-07-16T16:26:23,NEFT,success
T0004748,A001116,A000274,608,2026-07-16T16:26:27,UPI,success
T0001859,A001091,A000344,65000,2026-07-16T16:34:51,NEFT,failed
T0004361,A000212,A000846,713,2026-07-16T16:37:31,NEFT,success
T0006970,A000507,A001169,34712,2026-07-16T16:37:40,NEFT,success
T0006421,A000747,A000875,51483,2026-07-16T16:38:27,NEFT,failed
T0014797,A000646,A000091,1277,2026-07-16T16:39:49,UPI,success
T0013090,A000851,A000011,856,2026-07-16T16:45:29,NEFT,success
T0009567,A000115,A000273,797,2026-07-16T16:56:31,NEFT,failed
T0009207,A001301,A001195,57591,2026-07-16T16:58:45,UPI,success
T0000147,A000220,A000802,442,2026-07-16T17:00:17,IMPS,success
T0011951,A001231,A001099,977,2026-07-16T17:03:51,IMPS,success
T0002199,A000162,A000606,2174,2026-07-16T17:04:42,IMPS,success
T0007757,A001175,A000788,5000,2026-07-16T17:07:01,IMPS,success
T0010575,A000036,A000656,34585,2026-07-16T17:12:16,UPI,success
T0000494,A000734,A001224,539,2026-07-16T17:18:34,UPI,success
T0007492,A001214,A000945,143,2026-07-16T17:20:34,UPI,success
T0011857,A000465,A001074,672,2026-07-16T17:35:14,IMPS,success
T0008912,A000906,A000946,845,2026-07-16T17:36:37,IMPS,success
T0007392,A000735,A001203,1182,2026-07-16T17:38:47,IMPS,success
T0004395,A001335,A000897,15000,2026-07-16T17:39:13,IMPS,success
T0013465,A001002,A000821,1348,2026-07-16T17:44:11,NEFT,success
T0005182,A000622,A000349,1832,2026-07-16T17:48:38,UPI,success
T0011090,A000971,A001073,489,2026-07-16T17:51:14,IMPS,success
T0010678,A000059,A001207,487,2026-07-16T18:00:58,IMPS,success
T0012978,A000633,A000247,25000,2026-07-16T18:03:44,IMPS,success
T0011728,A000094,A000733,9000,2026-07-16T18:04:11,IMPS,success
T0009184,A000172,A001363,65000,2026-07-16T18:04:46,UPI,success
T0006533,A000110,A000154,5000,2026-07-16T18:07:43,IMPS,success
T0012441,A001188,A001224,10873,2026-07-16T18:07:47,IMPS,success
T0013313,A000118,A000307,962,2026-07-16T18:08:16,NEFT,success
T0005134,A000791,A000779,525,2026-07-16T18:16:25,UPI,success
T0012347,A000181,A001222,500,2026-07-16T18:18:53,NEFT,failed
T0004907,A000239,A000950,6963,2026-07-16T18:19:08,IMPS,success
T0001771,A000400,A000121,65000,2026-07-16T18:20:07,IMPS,success
T0001634,A000416,A000057,65000,2026-07-16T18:22:31,NEFT,success
T0003903,A000537,A000387,80000,2026-07-16T18:26:12,IMPS,success
T0004916,A000834,A000987,871,2026-07-16T18:32:29,NEFT,success
T0010823,A000885,A001329,2101,2026-07-16T18:32:56,NEFT,success
T0008120,A001309,A000770,80000,2026-07-16T18:38:49,IMPS,failed
T0006117,A000858,A001262,14772,2026-07-16T18:42:31,NEFT,success
T0008122,A000436,A000485,80000,2026-07-16T18:43:39,IMPS,success
T0004364,A000467,A001200,2690,2026-07-16T18:47:15,NEFT,success
T0013364,A000469,A000670,1760,2026-07-16T18:47:53,UPI,success
T0011136,A000367,A000951,1933,2026-07-16T18:49:02,UPI,success
T0012799,A000174,A000496,14472,2026-07-16T18:53:24,UPI,success
T0001544,A000979,A000249,14604,2026-07-16T18:54:06,IMPS,success
T0014249,A001028,A001148,11951,2026-07-16T18:54:43,IMPS,failed
T0014242,A001277,A001197,80000,2026-07-16T18:55:11,UPI,success
T0007833,A000130,A000950,22622,2026-07-16T18:55:58,NEFT,success
T0005313,A000553,A000763,15000,2026-07-16T18:57:02,NEFT,success
T0008764,A000194,A000341,17124,2026-07-16T19:01:50,UPI,success
T0008045,A000358,A001034,2357,2026-07-16T19:07:46,NEFT,success
T0001393,A000653,A000766,11049,2026-07-16T19:12:04,UPI,success
T0011390,A000920,A000323,16535,2026-07-16T19:13:27,IMPS,success
T0004578,A000783,A000523,8321,2026-07-16T19:15:16,IMPS,success
T0002529,A000679,A000674,12211,2026-07-16T19:15:26,NEFT,success
T0008784,A000488,A000787,15000,2026-07-16T19:16:41,UPI,success
T0012114,A001156,A001308,623,2026-07-16T19:18:08,IMPS,success
T0002635,A000747,A001086,251,2026-07-16T19:25:34,UPI,success
T0013374,A000653,A001381,103915,2026-07-16T19:27:42,IMPS,success
T0014111,A001225,A001305,50000,2026-07-16T19:39:12,NEFT,success
T0005868,A000838,A001217,488,2026-07-16T19:40:28,IMPS,success
T0009917,A000540,A000055,1058,2026-07-16T19:42:45,UPI,success
T0002676,A001199,A000607,459,2026-07-16T19:43:35,NEFT,success
T0001804,A001340,A001055,18983,2026-07-16T19:43:38,IMPS,success
T0001924,A000418,A000122,3743,2026-07-16T19:48:27,UPI,success
T0004952,A001178,A000994,460,2026-07-16T19:49:54,NEFT,success
T0014527,A000639,A000123,676,2026-07-16T19:50:07,UPI,success
T0008322,A000626,A000157,1319,2026-07-16T19:54:17,UPI,failed
T0005209,A000375,A001286,13795,2026-07-16T19:56:28,NEFT,success
T0003967,A000026,A001020,2538,2026-07-16T19:57:05,IMPS,success
T0010463,A001192,A001318,1224,2026-07-16T19:57:21,UPI,success
T0002037,A000279,A001038,274,2026-07-16T20:02:04,NEFT,failed
T0008261,A001017,A000465,519,2026-07-16T20:02:07,UPI,success
T0003220,A000728,A001234,1643,2026-07-16T20:05:42,UPI,success
T0007604,A001376,A000354,221,2026-07-16T20:07:44,NEFT,success
T0011828,A001196,A000001,2439,2026-07-16T20:08:26,UPI,success
T0001753,A000803,A000681,17511,2026-07-16T20:08:52,NEFT,failed
T0002868,A000647,A000539,1021,2026-07-16T20:09:18,UPI,success
T0013219,A000192,A001372,1707,2026-07-16T20:09:31,IMPS,success
T0011476,A000967,A001302,18633,2026-07-16T20:09:44,IMPS,success
T0014683,A001223,A000768,1045,2026-07-16T20:10:32,NEFT,success
T0013973,A001140,A000833,80000,2026-07-16T20:10:41,UPI,success
T0014680,A000890,A000671,299,2026-07-16T20:18:46,UPI,success
T0002283,A001133,A000210,48969,2026-07-16T20:20:28,UPI,success
T0012273,A001119,A000583,1591,2026-07-16T20:24:24,UPI,success
T0007752,A000890,A000454,1123,2026-07-16T20:24:36,UPI,success
T0012436,A001162,A000280,162,2026-07-16T20:25:15,UPI,success
T0005074,A000659,A000876,50000,2026-07-16T20:33:41,UPI,success
T0011068,A000335,A001082,134,2026-07-16T20:35:51,IMPS,success
T0012938,A000847,A000183,10037,2026-07-16T20:43:09,IMPS,success
T0006161,A000746,A000845,406,2026-07-16T20:48:02,UPI,success
T0004704,A001083,A000187,35000,2026-07-16T20:49:12,NEFT,success
T0001185,A001292,A000320,26288,2026-07-16T20:53:30,IMPS,success
T0014857,A001288,A001283,28022,2026-07-16T21:01:26,NEFT,success
T0009853,A000200,A000773,1025,2026-07-16T21:03:18,NEFT,success
T0014169,A000514,A000460,600,2026-07-16T21:04:51,NEFT,success
T0013653,A000121,A000859,80000,2026-07-16T21:08:34,UPI,success
T0008218,A000005,A000471,10527,2026-07-16T21:10:07,IMPS,success
T0011478,A000630,A000941,311,2026-07-16T21:14:44,NEFT,success
T0000282,A000413,A000437,3135,2026-07-16T21:18:59,NEFT,failed
T0010484,A000302,A000928,27806,2026-07-16T21:19:27,UPI,success
T0004363,A001330,A000290,1469,2026-07-16T21:19:33,NEFT,success
T0013233,A001075,A000328,1579,2026-07-16T21:25:50,IMPS,success
T0000375,A000323,A000084,50000,2026-07-16T21:25:55,NEFT,success
T0013373,A000264,A000652,5147,2026-07-16T21:25:56,IMPS,success
T0001977,A001198,A000209,173,2026-07-16T21:28:59,IMPS,success
T0014873,A000579,A001022,359,2026-07-16T21:35:27,UPI,success
T0006238,A000566,A001072,725,2026-07-16T21:35:43,NEFT,success
T0010400,A001256,A000587,3621,2026-07-16T21:36:42,IMPS,success
T0001410,A000574,A000185,65000,2026-07-16T21:40:02,NEFT,success
T0007953,A000026,A000379,65000,2026-07-16T21:40:44,NEFT,success
T0007512,A000967,A000330,50000,2026-07-16T21:52:56,UPI,success
T0010162,A000135,A000541,23207,2026-07-16T22:01:25,UPI,success
T0012980,A000310,A001138,649,2026-07-16T22:04:57,IMPS,success
T0001946,A000131,A000222,1161,2026-07-16T22:06:03,UPI,success
T0004270,A000781,A000629,603,2026-07-16T22:06:07,IMPS,success
T0012429,A001132,A000019,467,2026-07-16T22:13:43,IMPS,success
T0010250,A000001,A000759,20936,2026-07-16T22:16:40,NEFT,success
T0006696,A000093,A001339,711,2026-07-16T22:22:29,IMPS,success
T0012187,A000209,A001274,149,2026-07-16T22:25:02,IMPS,success
T0001080,A000783,A000722,25000,2026-07-16T22:31:15,IMPS,success
T0001396,A000271,A000691,3675,2026-07-16T22:34:26,UPI,success
T0005354,A000292,A000957,432,2026-07-16T22:41:35,UPI,success
T0003949,A001079,A000042,124,2026-07-16T22:42:00,NEFT,success
T0002511,A001107,A000010,752,2026-07-16T22:44:05,IMPS,success
T0000663,A001118,A000097,4914,2026-07-16T22:53:01,IMPS,success
T0008979,A000735,A000760,253,2026-07-16T22:53:36,UPI,success
T0008496,A000699,A000879,280,2026-07-16T22:57:01,NEFT,success
T0007773,A000527,A000118,31818,2026-07-16T22:58:32,IMPS,success
T0008503,A000122,A000749,2051,2026-07-16T23:01:40,UPI,success
T0003612,A000738,A001124,3229,2026-07-16T23:05:22,IMPS,success
T0009526,A001089,A000154,1336,2026-07-16T23:12:05,UPI,success
T0001242,A001087,A001268,1022,2026-07-16T23:14:35,NEFT,failed
T0006332,A001266,A001121,29552,2026-07-16T23:18:48,IMPS,success
T0001938,A001350,A000145,15809,2026-07-16T23:19:03,IMPS,success
T0011022,A000594,A000900,27640,2026-07-16T23:19:41,NEFT,success
T0010110,A001213,A001097,682,2026-07-16T23:24:12,UPI,success
T0000164,A001169,A000786,1169,2026-07-16T23:24:22,NEFT,success
T0014231,A001087,A000486,260,2026-07-16T23:27:29,NEFT,success
T0014343,A001057,A000542,15104,2026-07-16T23:28:46,NEFT,success
T0007215,A000108,A000831,25000,2026-07-16T23:35:02,NEFT,success
T0008196,A000462,A000019,894,2026-07-16T23:35:42,UPI,failed
T0006582,A001336,A000723,1391,2026-07-16T23:42:30,NEFT,success
T0005307,A000894,A001180,36826,2026-07-16T23:42:44,NEFT,success
T0004868,A000640,A000112,25000,2026-07-16T23:47:39,NEFT,success
T0006135,A000963,A000723,628,2026-07-16T23:48:23,IMPS,success
T0004019,A000510,A001115,16202,2026-07-16T23:49:41,IMPS,success
T0008890,A000282,A000464,1057,2026-07-16T23:50:13,NEFT,success
T0002877,A000533,A000779,720,2026-07-16T23:50:25,UPI,success
T0007493,A000060,A000842,14274,2026-07-16T23:50:49,IMPS,success
T0006948,A000331,A000936,25000,2026-07-16T23:53:55,IMPS,success
T0007500,A000752,A000165,50000,2026-07-17T00:00:29,IMPS,success
T0001696,A000141,A000614,9871,2026-07-17T00:03:10,UPI,success
T0004459,A000143,A001307,767,2026-07-17T00:03:18,UPI,success
T0000829,A001322,A001153,873,2026-07-17T00:04:25,UPI,success
T0010100,A001071,A000722,352,2026-07-17T00:08:53,IMPS,success
T0006555,A000363,A001031,3640,2026-07-17T00:09:06,UPI,success
T0009887,A001140,A000135,45724,2026-07-17T00:11:42,IMPS,success
T0008021,A000053,A000827,2774,2026-07-17T00:12:28,IMPS,success
T0014526,A000931,A001077,770,2026-07-17T00:14:58,IMPS,success
T0007758,A000155,A000784,27678,2026-07-17T00:16:29,IMPS,success
T0005681,A000724,A001113,65000,2026-07-17T00:16:48,UPI,success
T0002621,A000832,A000027,19870,2026-07-17T00:17:42,UPI,success
T0009049,A000281,A001054,390,2026-07-17T00:20:03,UPI,success
T0011503,A001344,A000764,2179,2026-07-17T00:22:02,UPI,success
T0003398,A001192,A000329,1798,2026-07-17T00:22:14,NEFT,success
T0011069,A000354,A000929,8155,2026-07-17T00:30:44,UPI,success
T0008953,A000423,A000300,2265,2026-07-17T00:33:40,IMPS,success
T0006565,A000366,A000358,599,2026-07-17T00:35:30,IMPS,success
T0009715,A000535,A000388,256,2026-07-17T00:35:42,NEFT,success
T0004850,A000312,A000680,376,2026-07-17T00:38:12,NEFT,success
T0012379,A000157,A001096,80000,2026-07-17T00:46:23,UPI,success
T0007960,A000613,A000253,922,2026-07-17T00:46:34,NEFT,success
T0008987,A001308,A000587,26891,2026-07-17T00:51:09,UPI,success
T0014723,A000276,A000900,3668,2026-07-17T00:52:14,NEFT,success
T0014672,A000451,A000736,688,2026-07-17T00:54:05,NEFT,success
T0002912,A001205,A000948,979,2026-07-17T00:55:54,UPI,success
T0006851,A000611,A001065,166,2026-07-17T01:01:53,IMPS,success
T0005631,A000315,A000661,477,2026-07-17T01:02:26,NEFT,success
T0014635,A001272,A000265,8283,2026-07-17T01:04:52,NEFT,success
T0014082,A000168,A000210,1732,2026-07-17T01:09:31,NEFT,success
T0011706,A001039,A001304,5399,2026-07-17T01:11:53,IMPS,success
T0003835,A000277,A001048,1533,2026-07-17T01:14:27,UPI,success
T0009726,A000950,A000148,784,2026-07-17T01:15:39,NEFT,success
T0011303,A001317,A000378,5000,2026-07-17T01:27:30,NEFT,success
T0005886,A001169,A000495,25000,2026-07-17T01:28:37,NEFT,success
T0012567,A001166,A000686,1765,2026-07-17T01:29:40,NEFT,success
T0006333,A000154,A000725,15820,2026-07-17T01:36:19,UPI,success
T0014199,A000263,A000001,25000,2026-07-17T01:37:02,IMPS,success
T0009597,A000670,A001291,1029,2026-07-17T01:37:43,NEFT,success
T0011018,A000375,A000956,25000,2026-07-17T01:37:46,IMPS,success
T0012854,A000093,A000598,24382,2026-07-17T01:37:48,NEFT,success
T0003748,A000691,A000809,50000,2026-07-17T01:39:16,NEFT,success
T0002715,A000098,A000535,736,2026-07-17T01:42:15,NEFT,success
T0013277,A000500,A000409,255,2026-07-17T01:44:17,NEFT,success
T0006474,A000036,A000699,564,2026-07-17T01:50:34,UPI,success
T0011533,A000891,A000972,775,2026-07-17T01:53:26,UPI,success
T0006584,A000212,A000951,401,2026-07-17T01:55:24,NEFT,success
T0014803,A000846,A000155,1170,2026-07-17T01:56:12,UPI,success
T0005878,A001220,A000718,1825,2026-07-17T01:59:39,UPI,success
T0002185,A000709,A000437,258,2026-07-17T02:01:33,UPI,success
T0004045,A000776,A000582,722,2026-07-17T02:06:30,UPI,success
T0008794,A000478,A001122,1420,2026-07-17T02:08:59,UPI,success
T0000158,A000430,A000945,15000,2026-07-17T02:09:21,UPI,success
T0007768,A000190,A000402,950,2026-07-17T02:09:41,IMPS,success
T0011674,A001208,A000429,9000,2026-07-17T02:09:46,UPI,success
T0007257,A000344,A000699,65000,2026-07-17T02:10:19,NEFT,success
T0004762,A000060,A000857,1351,2026-07-17T02:12:49,IMPS,success
T0009118,A000481,A000318,886,2026-07-17T02:14:13,UPI,failed
T0004948,A000261,A001302,1016,2026-07-17T02:15:37,NEFT,success
T0010506,A001234,A001251,26447,2026-07-17T02:16:56,UPI,success
T0005158,A001187,A000480,916,2026-07-17T02:26:11,UPI,success
T0013658,A000003,A000875,853,2026-07-17T02:37:21,UPI,success
T0014419,A001375,A000146,963,2026-07-17T02:37:50,UPI,success
T0003800,A000833,A001016,1221,2026-07-17T02:37:57,NEFT,success
T0009196,A000011,A000804,1237,2026-07-17T02:39:44,IMPS,success
T0001506,A000162,A000767,50000,2026-07-17T02:40:35,IMPS,success
T0014209,A000434,A000902,38092,2026-07-17T02:41:48,UPI,success
T0009759,A001224,A000499,643,2026-07-17T02:45:08,NEFT,success
T0001076,A001135,A000384,1145,2026-07-17T02:48:07,UPI,success
T0011678,A000017,A000549,399,2026-07-17T02:48:22,UPI,success
T0000315,A000072,A000641,3468,2026-07-17T02:57:59,UPI,success
T0004217,A000463,A001129,24749,2026-07-17T02:59:52,IMPS,success
T0008512,A001262,A000456,191,2026-07-17T03:03:39,UPI,success
T0004174,A001146,A001016,41655,2026-07-17T03:05:08,NEFT,success
T0013101,A000803,A000540,3899,2026-07-17T03:06:40,NEFT,success
T0007333,A000799,A001008,582,2026-07-17T03:06:56,IMPS,success
T0003246,A001035,A000106,46787,2026-07-17T03:16:58,NEFT,success
T0014288,A001357,A000826,30277,2026-07-17T03:23:47,IMPS,success
T0007451,A000884,A000964,1542,2026-07-17T03:24:43,NEFT,success
T0009976,A000260,A001153,30123,2026-07-17T03:27:14,IMPS,success
T0010438,A000799,A000319,463,2026-07-17T03:36:52,NEFT,success
T0004700,A001136,A000237,1108,2026-07-17T03:38:09,IMPS,success
T0005227,A001169,A000943,7458,2026-07-17T03:42:56,IMPS,success
T0012766,A000136,A000616,686,2026-07-17T03:44:23,IMPS,success
T0001707,A001026,A000238,53383,2026-07-17T03:55:36,NEFT,success
T0003669,A001293,A000541,765,2026-07-17T03:57:11,UPI,success
T0005601,A000366,A000374,185,2026-07-17T04:03:01,UPI,success
T0009666,A000242,A000101,38159,2026-07-17T04:03:17,NEFT,success
T0005801,A000448,A000899,7899,2026-07-17T04:08:00,IMPS,success
T0012565,A000937,A000470,3434,2026-07-17T04:08:14,IMPS,success
T0006188,A000630,A001350,10775,2026-07-17T04:08:32,UPI,success
T0014285,A000421,A000858,1699,2026-07-17T04:12:54,UPI,success
T0010293,A001094,A000132,25819,2026-07-17T04:14:48,IMPS,success
T0005816,A000485,A001356,964,2026-07-17T04:15:33,IMPS,success
T0006825,A001123,A000828,457,2026-07-17T04:17:48,NEFT,success
T0003081,A000712,A001192,1658,2026-07-17T04:18:08,IMPS,success
T0003802,A000947,A001080,25000,2026-07-17T04:20:14,UPI,success
T0000915,A001146,A001203,88668,2026-07-17T04:20:18,UPI,success
T0006625,A001268,A000949,541,2026-07-17T04:20:26,UPI,success
T0010937,A000831,A000121,707,2026-07-17T04:22:11,UPI,success
T0000189,A000604,A001012,2061,2026-07-17T04:23:04,IMPS,success
T0008388,A000671,A000727,710,2026-07-17T04:25:18,UPI,success
T0010343,A001141,A000338,25000,2026-07-17T04:27:02,IMPS,success
T0002730,A000411,A000471,292,2026-07-17T04:28:12,UPI,success
T0001407,A001173,A000005,448,2026-07-17T04:30:56,NEFT,success
T0009487,A000536,A000450,2046,2026-07-17T04:37:29,IMPS,success
T0002468,A001274,A000407,3035,2026-07-17T04:45:06,UPI,success
T0000303,A000908,A001307,1022,2026-07-17T04:46:52,UPI,success
T0003517,A000380,A000618,24406,2026-07-17T04:47:00,NEFT,success
T0003186,A001115,A000568,1069,2026-07-17T04:47:18,IMPS,success
T0012442,A000593,A000628,80000,2026-07-17T04:50:07,NEFT,success
T0008272,A000517,A001333,631,2026-07-17T04:51:51,NEFT,success
T0007744,A000227,A000970,1047,2026-07-17T04:52:53,UPI,success
T0010139,A001059,A001373,329,2026-07-17T04:56:21,NEFT,success
T0002785,A000920,A001206,65000,2026-07-17T04:57:06,NEFT,success
T0001357,A000702,A000989,15000,2026-07-17T05:04:15,IMPS,success
T0011128,A000488,A000143,652,2026-07-17T05:09:12,NEFT,success
T0007765,A001224,A000245,65000,2026-07-17T05:15:12,NEFT,success
T0013897,A000344,A000121,656,2026-07-17T05:15:44,NEFT,success
T0005612,A001309,A000964,5000,2026-07-17T05:25:36,IMPS,success
T0010395,A000541,A000658,1228,2026-07-17T05:25:40,IMPS,success
T0010761,A001125,A000184,899,2026-07-17T05:26:46,NEFT,success
T0005628,A000851,A000181,648,2026-07-17T05:31:28,IMPS,success
T0013848,A000741,A000472,1179,2026-07-17T05:34:51,NEFT,success
T0009839,A001261,A001324,986,2026-07-17T05:40:16,NEFT,success
T0004873,A000177,A000277,2610,2026-07-17T05:41:44,NEFT,success
T0008736,A001000,A001232,29923,2026-07-17T05:44:35,NEFT,success
T0014438,A001144,A001294,1707,2026-07-17T05:46:54,IMPS,success
T0005378,A000272,A001179,1119,2026-07-17T05:47:21,IMPS,failed
T0003267,A000866,A000052,70518,2026-07-17T05:49:29,NEFT,success
T0009375,A000842,A000180,2730,2026-07-17T05:54:51,NEFT,success
T0002149,A000246,A000888,516,2026-07-17T05:57:42,NEFT,success
T0011907,A000081,A001191,80000,2026-07-17T06:02:14,UPI,success
T0006737,A000606,A000636,937,2026-07-17T06:05:07,IMPS,success
T0012423,A000788,A000939,3507,2026-07-17T06:05:17,NEFT,success
T0005654,A000541,A001347,1412,2026-07-17T06:05:46,UPI,success
T0006052,A001182,A000745,80000,2026-07-17T06:06:55,IMPS,failed
T0004769,A001284,A000549,353,2026-07-17T06:10:00,IMPS,success
T0002380,A001164,A001265,25215,2026-07-17T06:13:04,UPI,success
T0007677,A000065,A000186,1166,2026-07-17T06:13:34,NEFT,success
T0012614,A000607,A000274,14855,2026-07-17T06:14:55,UPI,success
T0000142,A000173,A000499,126606,2026-07-17T06:22:54,NEFT,success
T0009350,A000168,A000220,47826,2026-07-17T06:28:33,UPI,success
T0005548,A000137,A000293,1568,2026-07-17T06:30:10,UPI,success
T0014789,A000297,A000195,242,2026-07-17T06:30:37,IMPS,success
T0000597,A000458,A001059,273,2026-07-17T06:35:55,UPI,success
T0003134,A000127,A001209,1652,2026-07-17T06:37:17,IMPS,success
T0007079,A000875,A000023,394,2026-07-17T06:40:02,NEFT,success
T0003584,A000097,A000851,848,2026-07-17T06:41:08,NEFT,success
T0005025,A000975,A001150,35000,2026-07-17T06:42:41,UPI,success
T0013911,A000261,A000592,1651,2026-07-17T06:44:55,IMPS,success
T0006144,A001253,A001171,2048,2026-07-17T06:45:54,IMPS,success
T0001590,A001234,A000254,65000,2026-07-17T06:47:43,UPI,success
T0008514,A000368,A000114,966,2026-07-17T06:51:35,IMPS,success
T0009450,A000985,A001314,869,2026-07-17T06:53:08,NEFT,success
T0002559,A000927,A001225,80000,2026-07-17T06:53:21,UPI,success
T0004246,A000102,A000039,724,2026-07-17T06:57:22,NEFT,success
T0005367,A000893,A000660,15000,2026-07-17T07:02:38,NEFT,success
T0004100,A000608,A000830,15000,2026-07-17T07:04:10,NEFT,success
T0006874,A000867,A000087,11519,2026-07-17T07:05:17,UPI,success
T0001566,A000095,A000016,50000,2026-07-17T07:10:04,NEFT,success
T0010258,A000745,A000723,13878,2026-07-17T07:16:35,IMPS,success
T0005621,A001021,A000803,26688,2026-07-17T07:17:45,IMPS,success
T0009139,A000357,A000382,47468,2026-07-17T07:17:57,IMPS,success
T0005997,A000415,A000462,668,2026-07-17T07:18:44,UPI,success
T0012681,A000548,A000996,388,2026-07-17T07:20:27,UPI,success
T0004032,A000094,A000396,25000,2026-07-17T07:22:50,IMPS,success
T0008457,A000926,A001180,175,2026-07-17T07:24:15,IMPS,success
T0001154,A000735,A001155,1503,2026-07-17T07:24:59,IMPS,success
T0006513,A001167,A000203,11292,2026-07-17T07:25:55,NEFT,success
T0010257,A001254,A000320,36400,2026-07-17T07:30:03,NEFT,success
T0000825,A001003,A000011,43247,2026-07-17T07:30:43,IMPS,success
T0010120,A000740,A000149,1715,2026-07-17T07:37:28,UPI,success
T0000843,A000117,A000111,24831,2026-07-17T07:37:59,UPI,success
T0014914,A000305,A001164,35000,2026-07-17T07:39:22,NEFT,success
T0014346,A000245,A000185,390,2026-07-17T07:42:16,IMPS,success
T0003560,A000217,A000880,65000,2026-07-17T07:42:28,UPI,success
T0011443,A000522,A000595,35000,2026-07-17T07:42:30,IMPS,success
T0012112,A000459,A001332,35000,2026-07-17T07:44:23,IMPS,success
T0005366,A000351,A000313,65000,2026-07-17T07:45:49,IMPS,success
T0009836,A000966,A001221,13257,2026-07-17T07:46:14,UPI,success
T0013927,A000223,A001242,692,2026-07-17T07:47:07,IMPS,success
T0012248,A000842,A001359,448,2026-07-17T07:48:59,IMPS,success
T0014555,A001181,A000777,1393,2026-07-17T07:49:40,NEFT,success
T0010564,A001193,A001251,671,2026-07-17T07:54:49,NEFT,success
T0004186,A001128,A000604,113,2026-07-17T07:58:14,NEFT,success
T0010462,A000723,A001130,15000,2026-07-17T07:58:50,NEFT,success
T0010477,A001119,A001232,355,2026-07-17T08:02:51,NEFT,success
T0007309,A000861,A001345,22406,2026-07-17T08:11:45,NEFT,success
T0012449,A000589,A001034,23939,2026-07-17T08:12:10,NEFT,success
T0010796,A000855,A000724,11078,2026-07-17T08:14:06,IMPS,success
T0001471,A000693,A000592,751,2026-07-17T08:17:57,NEFT,success
T0004349,A000869,A001173,15000,2026-07-17T08:32:34,NEFT,success
T0003736,A000683,A001219,3673,2026-07-17T08:43:52,UPI,success
T0012042,A000864,A000025,11289,2026-07-17T08:48:07,UPI,success
T0004229,A001222,A000467,724,2026-07-17T08:49:43,NEFT,success
T0004095,A001173,A001049,65000,2026-07-17T08:50:40,NEFT,success
T0007020,A000807,A000474,298,2026-07-17T08:51:50,IMPS,success
T0013122,A000971,A000456,50000,2026-07-17T08:53:16,NEFT,success
T0003329,A000193,A001204,2224,2026-07-17T08:58:53,UPI,success
T0014262,A001125,A001118,17722,2026-07-17T09:01:22,UPI,success
T0007071,A000706,A000502,1813,2026-07-17T09:02:01,IMPS,success
T0002063,A001214,A000940,293,2026-07-17T09:03:50,NEFT,success
T0013681,A001067,A000432,50000,2026-07-17T09:04:33,UPI,success
T0014304,A000027,A001268,2129,2026-07-17T09:05:45,IMPS,success
T0009199,A000562,A000958,1161,2026-07-17T09:05:54,UPI,success
T0011743,A000240,A000027,470,2026-07-17T09:09:59,NEFT,success
T0001436,A000776,A000691,650,2026-07-17T09:10:19,UPI,success
T0010719,A000697,A000319,26045,2026-07-17T09:15:06,NEFT,success
T0013670,A001110,A000418,91959,2026-07-17T09:16:05,NEFT,success
T0011266,A000623,A000726,799,2026-07-17T09:19:45,NEFT,success
T0012176,A000935,A000709,840,2026-07-17T09:20:11,IMPS,success
T0001133,A000070,A000416,65000,2026-07-17T09:22:24,UPI,success
T0000671,A000876,A000309,944,2026-07-17T09:22:29,NEFT,success
T0004188,A000134,A000482,386,2026-07-17T09:23:48,IMPS,success
T0009822,A001270,A000127,547,2026-07-17T09:25:48,NEFT,success
T0009103,A001288,A000530,688,2026-07-17T09:26:33,UPI,success
T0011609,A000886,A000204,1802,2026-07-17T09:26:35,IMPS,success
T0009991,A001066,A000584,362,2026-07-17T09:28:34,UPI,success
T0007162,A001161,A000176,1328,2026-07-17T09:28:52,UPI,success
T0008674,A000712,A000042,1757,2026-07-17T09:29:36,NEFT,success
T0012816,A001113,A001148,1019,2026-07-17T09:36:24,NEFT,success
T0001780,A000425,A000813,568,2026-07-17T09:38:00,UPI,success
T0011049,A000639,A000717,263,2026-07-17T09:40:04,NEFT,success
T0014551,A001161,A000786,500,2026-07-17T09:40:14,UPI,success
T0000174,A000468,A000318,65000,2026-07-17T09:43:39,NEFT,success
T0005717,A001242,A001126,50000,2026-07-17T09:46:51,UPI,success
T0013597,A001366,A001246,634,2026-07-17T09:55:16,UPI,success
T0009767,A001300,A001065,3540,2026-07-17T09:55:57,IMPS,success
T0009323,A000547,A000982,552,2026-07-17T09:56:25,IMPS,success
T0001433,A001239,A001104,36855,2026-07-17T09:57:26,IMPS,success
T0009583,A000789,A000377,5000,2026-07-17T10:00:54,UPI,success
T0013602,A000796,A001354,7766,2026-07-17T10:01:48,NEFT,success
T0006024,A000421,A001057,322,2026-07-17T10:02:48,IMPS,success
T0014095,A000134,A000527,44664,2026-07-17T10:03:52,NEFT,success
T0008528,A000684,A001182,902,2026-07-17T10:05:12,UPI,success
T0010683,A000598,A000779,436,2026-07-17T10:07:48,IMPS,success
T0000323,A001224,A000835,1135,2026-07-17T10:08:15,UPI,success
T0007125,A000556,A000148,1901,2026-07-17T10:10:12,NEFT,success
T0007598,A001349,A000032,18444,2026-07-17T10:12:11,IMPS,success
T0014759,A000720,A000823,743,2026-07-17T10:14:46,NEFT,success
T0005662,A000504,A000860,11496,2026-07-17T10:23:50,IMPS,success
T0014034,A000515,A000901,66463,2026-07-17T10:29:41,NEFT,success
T0013964,A000480,A000980,1099,2026-07-17T10:34:12,IMPS,success
T0014019,A000445,A001072,29907,2026-07-17T10:36:04,IMPS,success
T0010049,A000923,A000746,967,2026-07-17T10:36:50,NEFT,success
T0013987,A001325,A001329,1201,2026-07-17T10:37:56,UPI,success
T0012736,A000690,A000791,4785,2026-07-17T10:38:30,UPI,success
T0011213,A001376,A001088,13776,2026-07-17T10:40:11,UPI,success
T0007184,A000721,A000068,238,2026-07-17T10:41:33,NEFT,success
T0012057,A000661,A001092,3120,2026-07-17T10:41:52,NEFT,success
T0006516,A001111,A000081,143,2026-07-17T10:43:09,IMPS,success
T0012619,A000278,A001044,1668,2026-07-17T10:43:41,NEFT,success
T0003768,A000880,A000607,80000,2026-07-17T10:44:47,NEFT,success
T0005876,A000008,A000035,1272,2026-07-17T10:46:40,NEFT,success
T0014661,A000376,A000943,217,2026-07-17T10:48:02,IMPS,success
T0000469,A001166,A000792,215,2026-07-17T10:48:24,UPI,success
T0001404,A000538,A001199,75703,2026-07-17T10:49:28,IMPS,success
T0000180,A000659,A000672,152133,2026-07-17T10:49:58,NEFT,success
T0002735,A001369,A000770,434,2026-07-17T10:51:56,UPI,success
T0006226,A000767,A000805,1210,2026-07-17T10:53:55,IMPS,success
T0008937,A000255,A000505,14478,2026-07-17T10:54:13,IMPS,success
T0005572,A000761,A000482,899,2026-07-17T11:00:56,IMPS,success
T0005694,A000352,A001067,1123,2026-07-17T11:01:17,IMPS,success
T0012416,A000924,A000868,65000,2026-07-17T11:05:00,UPI,success
T0013827,A000977,A000552,20078,2026-07-17T11:08:07,IMPS,success
T0009580,A000881,A001262,65000,2026-07-17T11:09:56,UPI,success
T0012229,A000577,A001051,467,2026-07-17T11:10:20,IMPS,success
T0004743,A000700,A000988,1097,2026-07-17T11:12:11,NEFT,success
T0004999,A000976,A000733,2877,2026-07-17T11:18:14,IMPS,success
T0011324,A000653,A001054,982,2026-07-17T11:22:30,IMPS,success
T0012903,A000053,A000160,548,2026-07-17T11:32:24,NEFT,success
T0010175,A000361,A000658,2416,2026-07-17T11:36:24,NEFT,success
T0013081,A000188,A000997,434,2026-07-17T11:36:46,UPI,success
T0002305,A000709,A000280,2713,2026-07-17T11:38:48,IMPS,success
T0002107,A000254,A001064,202,2026-07-17T11:39:14,NEFT,failed
T0003402,A001143,A001010,201,2026-07-17T11:39:24,UPI,success
T0007712,A000569,A000295,771,2026-07-17T11:43:59,NEFT,success
T0012632,A000030,A001152,103,2026-07-17T11:44:35,UPI,success
T0006338,A000268,A000796,13837,2026-07-17T11:50:39,IMPS,success
T0000964,A000433,A001118,26471,2026-07-17T12:06:35,IMPS,success
T0012402,A000488,A000604,5000,2026-07-17T12:08:14,UPI,success
T0002035,A001241,A001130,15517,2026-07-17T12:11:30,NEFT,success
T0011276,A000406,A000010,31736,2026-07-17T12:15:06,NEFT,success
T0002663,A000775,A000733,80000,2026-07-17T12:16:17,UPI,success
T0011154,A000504,A001102,16858,2026-07-17T12:16:36,UPI,success
T0011856,A001308,A001346,7420,2026-07-17T12:17:38,NEFT,success
T0001790,A000923,A000135,25000,2026-07-17T12:23:52,UPI,success
T0005998,A001238,A000518,3438,2026-07-17T12:24:26,NEFT,success
T0003875,A000475,A000672,627,2026-07-17T12:25:45,IMPS,success
T0012886,A000025,A000393,434,2026-07-17T12:31:19,NEFT,success
T0009311,A001315,A000585,4076,2026-07-17T12:33:06,NEFT,success
T0007040,A000782,A001372,656,2026-07-17T12:36:16,NEFT,success
T0002031,A000783,A000166,12382,2026-07-17T12:37:38,NEFT,success
T0000698,A000774,A000386,88,2026-07-17T12:41:21,IMPS,success
T0009127,A000158,A000521,1202,2026-07-17T12:41:25,IMPS,success
T0014271,A000690,A000618,2148,2026-07-17T12:41:44,UPI,success
T0009135,A000172,A000366,902,2026-07-17T12:43:00,UPI,success
T0001843,A001094,A000588,35000,2026-07-17T12:43:46,IMPS,success
T0013419,A000114,A000757,2505,2026-07-17T12:44:38,NEFT,success
T0004348,A000629,A000411,528,2026-07-17T12:46:34,NEFT,success
T0004621,A000287,A000995,520,2026-07-17T12:51:10,UPI,success
T0006331,A001079,A000912,5704,2026-07-17T12:53:03,UPI,success
T0012312,A001098,A000055,710,2026-07-17T12:54:10,UPI,success
T0008189,A000547,A000093,1176,2026-07-17T12:57:33,NEFT,success
T0013319,A000567,A000339,1728,2026-07-17T12:57:37,NEFT,success
T0001143,A001100,A001080,431,2026-07-17T13:00:03,UPI,success
T0004353,A000595,A001182,80000,2026-07-17T13:11:46,NEFT,success
T0005204,A000278,A000903,20359,2026-07-17T13:13:36,UPI,success
T0002696,A000146,A001070,80000,2026-07-17T13:19:17,UPI,success
T0007597,A001170,A000471,34680,2026-07-17T13:22:54,UPI,success
T0008570,A000685,A000543,175,2026-07-17T13:28:16,UPI,success
T0014456,A001015,A000818,830,2026-07-17T13:33:19,UPI,success
T0010801,A001282,A001067,1293,2026-07-17T13:39:48,IMPS,success
T0013542,A000575,A001013,65000,2026-07-17T13:42:02,NEFT,success
T0000823,A000581,A000264,493,2026-07-17T13:45:25,UPI,success
T0012983,A000866,A000944,1137,2026-07-17T13:47:44,NEFT,success
T0009486,A000034,A000047,22196,2026-07-17T13:56:36,NEFT,success
T0001195,A000113,A000572,1130,2026-07-17T13:57:21,IMPS,success
T0002300,A001359,A000226,24627,2026-07-17T13:57:45,NEFT,success
T0001276,A001289,A000941,476,2026-07-17T13:58:45,UPI,success
T0010188,A000900,A001060,1780,2026-07-17T14:01:17,UPI,success
T0008062,A001000,A001197,5000,2026-07-17T14:02:37,NEFT,success
T0004929,A001004,A000377,535,2026-07-17T14:07:23,IMPS,success
T0013491,A000264,A000012,115920,2026-07-17T14:12:33,IMPS,success
T0002851,A001057,A000322,4088,2026-07-17T14:12:43,UPI,success
T0000767,A000102,A000473,80000,2026-07-17T14:14:48,NEFT,success
T0014450,A000533,A001116,373,2026-07-17T14:21:41,UPI,success
T0012700,A000650,A000948,578,2026-07-17T14:23:11,IMPS,success
T0004446,A001148,A001142,793,2026-07-17T14:37:21,IMPS,success
T0014386,A000430,A000104,6378,2026-07-17T14:37:59,UPI,success
T0004204,A000536,A000956,15000,2026-07-17T14:40:54,NEFT,success
T0000682,A001112,A000028,12328,2026-07-17T14:40:59,IMPS,success
T0000254,A000301,A000529,50000,2026-07-17T14:44:13,NEFT,success
T0009600,A000952,A000275,598,2026-07-17T14:46:54,IMPS,success
T0002132,A000678,A000939,726,2026-07-17T14:49:19,IMPS,success
T0003153,A000437,A000380,25000,2026-07-17T14:49:49,NEFT,success
T0014837,A001372,A000904,368,2026-07-17T14:53:01,UPI,success
T0005415,A000636,A000773,65000,2026-07-17T14:54:17,UPI,success
T0012131,A001197,A000286,602,2026-07-17T14:56:00,UPI,success
T0010647,A001005,A000598,201,2026-07-17T14:57:58,NEFT,success
T0008545,A000286,A000473,21659,2026-07-17T15:00:59,UPI,success
T0012778,A001222,A000790,50000,2026-07-17T15:02:35,UPI,success
T0003894,A000201,A001019,11009,2026-07-17T15:03:39,UPI,success
T0005138,A000387,A000025,2151,2026-07-17T15:11:20,UPI,success
T0004591,A000368,A000871,80000,2026-07-17T15:18:27,NEFT,success
T0006566,A000904,A000311,1076,2026-07-17T15:19:57,UPI,success
T0007618,A000519,A000032,567,2026-07-17T15:24:48,IMPS,success
T0007966,A000540,A000501,15601,2026-07-17T15:26:57,IMPS,success
T0001721,A001088,A000524,3035,2026-07-17T15:30:52,NEFT,success
T0006340,A000606,A000345,10095,2026-07-17T15:31:42,IMPS,success
T0007687,A000081,A000170,6073,2026-07-17T15:35:56,IMPS,success
T0002659,A001308,A000617,15000,2026-07-17T15:37:48,UPI,success
T0012167,A000776,A000644,338,2026-07-17T15:37:51,IMPS,success
T0001598,A000022,A000769,1638,2026-07-17T15:38:23,IMPS,success
T0010047,A001218,A000424,3458,2026-07-17T15:40:26,UPI,success
T0011050,A001300,A000373,251,2026-07-17T15:40:43,UPI,success
T0014265,A001194,A000229,50000,2026-07-17T15:45:28,UPI,success
T0005317,A000685,A000994,1264,2026-07-17T15:48:00,UPI,success
T0011620,A000904,A001339,988,2026-07-17T15:49:17,IMPS,success
T0007652,A001121,A000674,370,2026-07-17T15:51:12,NEFT,success
T0001473,A001237,A001265,65000,2026-07-17T15:53:26,IMPS,success
T0008028,A000684,A000273,3043,2026-07-17T15:54:22,NEFT,success
T0012277,A001095,A001205,3762,2026-07-17T15:54:59,IMPS,success
T0001181,A001285,A000719,729,2026-07-17T15:55:03,IMPS,success
T0014117,A000614,A000618,4746,2026-07-17T15:55:04,NEFT,success
T0004906,A000310,A000319,22025,2026-07-17T15:56:39,NEFT,success
T0001345,A000719,A000069,1353,2026-07-17T15:59:18,UPI,success
T0010660,A000357,A000038,1858,2026-07-17T15:59:53,UPI,success
T0013000,A000550,A000217,80000,2026-07-17T16:02:20,IMPS,success
T0000687,A000467,A001016,150,2026-07-17T16:03:15,UPI,success
T0010941,A000194,A000844,560,2026-07-17T16:04:44,UPI,success
T0004475,A001173,A000077,402,2026-07-17T16:09:23,UPI,success
T0011709,A001106,A001189,118,2026-07-17T16:11:20,IMPS,success
T0006163,A000080,A001107,47265,2026-07-17T16:12:01,UPI,success
T0007485,A000905,A000003,50000,2026-07-17T16:12:02,IMPS,success
T0011294,A001189,A000804,65000,2026-07-17T16:14:45,NEFT,success
T0010822,A001251,A000216,7663,2026-07-17T16:14:53,IMPS,success
T0002173,A001380,A000842,1203,2026-07-17T16:16:04,NEFT,success
T0007222,A000018,A000679,163,2026-07-17T16:17:36,UPI,success
T0006283,A000634,A000006,653,2026-07-17T16:22:32,UPI,success
T0014818,A000983,A001007,766,2026-07-17T16:27:35,UPI,success
T0007534,A000273,A001337,907,2026-07-17T16:29:40,IMPS,success
T0013096,A001109,A000656,572,2026-07-17T16:31:10,UPI,success
T0000910,A000932,A000704,1025,2026-07-17T16:32:05,IMPS,success
T0007601,A000307,A001303,473,2026-07-17T16:35:33,UPI,success
T0000681,A000912,A000285,4626,2026-07-17T16:36:19,NEFT,success
T0003222,A000379,A001217,1137,2026-07-17T16:41:54,NEFT,success
T0008734,A000610,A000322,3012,2026-07-17T16:46:48,IMPS,success
T0003011,A000149,A000289,11145,2026-07-17T16:49:11,NEFT,success
T0013439,A000370,A001378,144,2026-07-17T16:53:22,UPI,success
T0003889,A000619,A000517,13119,2026-07-17T16:57:05,NEFT,success
T0003446,A001211,A000889,1347,2026-07-17T16:59:30,NEFT,success
T0012484,A000040,A000397,346,2026-07-17T17:04:42,IMPS,success
T0001380,A000592,A000840,2799,2026-07-17T17:06:57,IMPS,success
T0007312,A000589,A001203,35000,2026-07-17T17:07:35,UPI,success
T0004928,A000303,A000815,50000,2026-07-17T17:08:47,NEFT,success
T0005469,A001129,A000359,17192,2026-07-17T17:08:48,IMPS,success
T0001773,A001062,A000676,539,2026-07-17T17:13:34,UPI,success
T0008056,A000941,A001082,50000,2026-07-17T17:15:29,NEFT,success
T0009812,A000254,A000344,895,2026-07-17T17:17:18,NEFT,success
T0001635,A001354,A001353,543,2026-07-17T17:22:10,UPI,success
T0013479,A000833,A000523,575,2026-07-17T17:26:29,UPI,success
T0009068,A000589,A001361,374,2026-07-17T17:29:21,NEFT,success
T0014744,A000887,A001253,2401,2026-07-17T17:32:14,NEFT,success
T0008617,A000609,A000919,50000,2026-07-17T17:33:46,UPI,success
T0007228,A000455,A000038,784,2026-07-17T17:33:56,NEFT,success
T0006502,A000887,A000322,883,2026-07-17T17:35:06,NEFT,success
T0009065,A000769,A001275,1556,2026-07-17T17:35:07,UPI,success
T0006404,A000139,A000630,5000,2026-07-17T17:44:24,IMPS,success
T0011629,A000860,A000903,241,2026-07-17T17:45:39,NEFT,success
T0010665,A000820,A000541,17282,2026-07-17T17:47:54,UPI,success
T0000871,A001184,A000094,80000,2026-07-17T17:49:09,NEFT,success
T0005031,A000012,A001263,25000,2026-07-17T17:51:24,NEFT,success
T0011622,A001242,A000439,906,2026-07-17T17:54:49,NEFT,success
T0000293,A000759,A000570,494,2026-07-17T17:55:38,UPI,success
T0012372,A000557,A000217,1427,2026-07-17T17:55:48,UPI,success
T0009480,A000294,A000425,11309,2026-07-17T18:00:00,UPI,success
T0011538,A000493,A000707,629,2026-07-17T18:01:05,NEFT,success
T0008309,A000997,A000717,2121,2026-07-17T18:03:10,NEFT,success
T0002364,A000209,A001108,25000,2026-07-17T18:09:13,UPI,success
T0004281,A001025,A000088,1196,2026-07-17T18:10:39,NEFT,success
T0010116,A001271,A000297,682,2026-07-17T18:18:11,IMPS,success
T0009439,A000085,A000723,1644,2026-07-17T18:18:50,UPI,success
T0001418,A000372,A000359,50000,2026-07-17T18:20:10,IMPS,success
T0003135,A000232,A000416,122026,2026-07-17T18:22:28,NEFT,success
T0013005,A000491,A000822,1569,2026-07-17T18:23:03,UPI,success
T0000795,A000329,A001127,158,2026-07-17T18:23:25,NEFT,success
T0005072,A000420,A000410,540,2026-07-17T18:23:55,NEFT,success
T0005847,A000198,A000818,31803,2026-07-17T18:27:22,IMPS,success
T0009382,A000441,A000051,390,2026-07-17T18:29:32,IMPS,success
T0004588,A000891,A000879,1395,2026-07-17T18:31:34,UPI,success
T0014193,A000459,A000041,25000,2026-07-17T18:32:16,UPI,success
T0007001,A001081,A000316,1957,2026-07-17T18:34:43,UPI,success
T0003739,A001302,A000492,1263,2026-07-17T18:42:24,IMPS,success
T0014035,A000735,A000304,1685,2026-07-17T18:43:54,NEFT,success
T0003217,A000368,A001164,552,2026-07-17T18:50:39,IMPS,success
T0011228,A000531,A000341,6934,2026-07-17T18:52:17,UPI,success
T0011896,A001235,A000133,3208,2026-07-17T18:56:03,IMPS,success
T0011262,A000300,A001250,1115,2026-07-17T19:01:21,UPI,success
T0004232,A000216,A000121,48388,2026-07-17T19:02:30,NEFT,success
T0000192,A001299,A001089,44264,2026-07-17T19:06:11,NEFT,success
T0009353,A000383,A001289,959,2026-07-17T19:07:09,UPI,success
T0014207,A000310,A000902,3023,2026-07-17T19:10:15,UPI,success
T0012485,A000244,A000161,25000,2026-07-17T19:11:11,UPI,success
T0009541,A001172,A000553,9000,2026-07-17T19:11:32,UPI,failed
T0001572,A001352,A000757,1167,2026-07-17T19:11:46,IMPS,success
T0009351,A000236,A001005,979,2026-07-17T19:14:46,UPI,success
T0013729,A000435,A001323,710,2026-07-17T19:17:26,IMPS,success
T0005000,A000112,A000971,25000,2026-07-17T19:18:59,IMPS,success
T0012784,A000149,A000720,1769,2026-07-17T19:19:13,UPI,success
T0000759,A000971,A000702,38755,2026-07-17T19:22:07,IMPS,success
T0009637,A000884,A000794,260,2026-07-17T19:23:58,UPI,success
T0013734,A000660,A000175,726,2026-07-17T19:28:14,UPI,success
T0008167,A000184,A001200,479,2026-07-17T19:29:59,IMPS,success
T0008849,A000136,A000133,736,2026-07-17T19:36:02,UPI,success
T0003922,A000315,A000048,35772,2026-07-17T19:36:59,NEFT,success
T0004146,A000921,A000183,5954,2026-07-17T19:38:38,NEFT,success
T0008289,A000731,A000923,50000,2026-07-17T19:42:41,NEFT,success
T0006394,A000579,A000490,1070,2026-07-17T19:43:57,IMPS,success
T0003812,A000917,A001085,65000,2026-07-17T19:44:21,NEFT,success
T0003583,A001222,A000076,89248,2026-07-17T19:46:32,UPI,success
T0013359,A001260,A000011,822,2026-07-17T19:46:50,IMPS,success
T0011969,A000269,A000790,590,2026-07-17T19:51:02,IMPS,success
T0013292,A000679,A000184,658,2026-07-17T19:52:53,UPI,success
T0000406,A001301,A001129,57489,2026-07-17T19:56:56,UPI,success
T0010232,A000713,A001211,35000,2026-07-17T19:59:10,IMPS,success
T0006053,A001219,A000834,344,2026-07-17T20:03:39,UPI,success
T0003650,A000468,A000767,530,2026-07-17T20:07:05,IMPS,success
T0003883,A000980,A000342,18284,2026-07-17T20:08:53,UPI,success
T0010480,A001189,A001034,397,2026-07-17T20:10:15,NEFT,success
T0004536,A000939,A001059,65000,2026-07-17T20:13:43,IMPS,success
T0000695,A000927,A000681,23544,2026-07-17T20:14:58,IMPS,success
T0012075,A001276,A000042,65000,2026-07-17T20:19:01,IMPS,success
T0004362,A000182,A000871,20191,2026-07-17T20:23:24,IMPS,success
T0013152,A000981,A000068,323,2026-07-17T20:30:02,UPI,success
T0007422,A000831,A000088,17109,2026-07-17T20:33:55,UPI,success
T0010208,A000872,A001174,7145,2026-07-17T20:37:16,IMPS,success
T0003549,A000434,A000070,7861,2026-07-17T20:40:44,NEFT,success
T0010167,A001369,A000874,115195,2026-07-17T20:44:04,IMPS,success
T0001625,A000009,A000056,41346,2026-07-17T20:53:32,NEFT,success
T0007811,A000898,A000049,492,2026-07-17T20:53:39,UPI,success
T0002321,A000627,A000154,752,2026-07-17T21:00:31,IMPS,success
T0013342,A000727,A000437,35244,2026-07-17T21:02:37,NEFT,success
T0011662,A000823,A000680,649,2026-07-17T21:03:39,UPI,success
T0003040,A000913,A000888,24801,2026-07-17T21:09:59,IMPS,success
T0009372,A000197,A000514,24539,2026-07-17T21:10:35,NEFT,success
T0000636,A000307,A000124,8439,2026-07-17T21:11:37,UPI,success
T0013669,A000789,A000645,25000,2026-07-17T21:15:17,IMPS,success
T0004721,A000283,A001118,207,2026-07-17T21:19:54,UPI,success
T0001035,A000764,A001300,5837,2026-07-17T21:20:25,UPI,success
T0000436,A000565,A000092,13561,2026-07-17T21:20:42,UPI,success
T0005329,A000731,A000264,227,2026-07-17T21:20:54,IMPS,success
T0009867,A001056,A000353,3088,2026-07-17T21:21:44,UPI,success
T0013187,A000432,A000220,350,2026-07-17T21:27:39,IMPS,success
T0009667,A001110,A000213,65000,2026-07-17T21:31:14,NEFT,success
T0012588,A000454,A000587,11106,2026-07-17T21:35:08,NEFT,success
T0007242,A000243,A000831,4022,2026-07-17T21:39:43,NEFT,success
T0013717,A000228,A000808,227,2026-07-17T21:41:29,NEFT,success
T0011021,A000584,A001314,1221,2026-07-17T21:43:50,UPI,success
T0002100,A000734,A000952,25000,2026-07-17T21:46:46,UPI,success
T0003897,A000029,A000253,571,2026-07-17T21:48:27,UPI,success
T0001661,A000914,A000594,323,2026-07-17T21:57:59,IMPS,success
T0014493,A000521,A001214,401,2026-07-17T21:58:27,UPI,success
T0013789,A000365,A000618,709,2026-07-17T22:05:10,IMPS,success
T0001909,A000163,A001267,13295,2026-07-17T22:06:21,UPI,success
T0006469,A000736,A000071,450,2026-07-17T22:09:49,UPI,success
T0006788,A000773,A000394,1476,2026-07-17T22:11:21,IMPS,success
T0004849,A000623,A000498,28582,2026-07-17T22:12:10,IMPS,success
T0014724,A000458,A000336,32846,2026-07-17T22:12:19,IMPS,success
T0007314,A001153,A000317,15000,2026-07-17T22:18:49,UPI,success
T0012512,A001198,A000199,3447,2026-07-17T22:32:13,IMPS,success
T0013455,A000077,A000412,5000,2026-07-17T22:32:59,NEFT,success
T0002656,A000486,A001328,23363,2026-07-17T22:37:31,UPI,success
T0003783,A001307,A001090,405,2026-07-17T22:39:56,UPI,success
T0014836,A000222,A001248,198,2026-07-17T22:41:00,UPI,success
T0009396,A001070,A000056,50000,2026-07-17T22:47:56,UPI,success
T0005305,A000732,A001196,756,2026-07-17T22:48:24,IMPS,success
T0000979,A000649,A000209,47166,2026-07-17T22:53:50,IMPS,success
T0001332,A000818,A000669,61287,2026-07-17T22:55:19,NEFT,success
T0008126,A000509,A000022,35000,2026-07-17T22:55:24,NEFT,success
T0008160,A000666,A000525,415,2026-07-17T22:56:15,IMPS,success
T0012222,A000510,A000184,25000,2026-07-17T22:56:23,IMPS,success
T0011748,A001187,A000851,344,2026-07-17T23:00:18,NEFT,success
T0010586,A000825,A000423,287,2026-07-17T23:01:40,UPI,success
T0013299,A000178,A000532,2190,2026-07-17T23:04:08,IMPS,success
T0007651,A000700,A000471,65000,2026-07-17T23:04:41,UPI,success
T0007656,A000116,A001297,447,2026-07-17T23:05:09,UPI,success
T0008714,A000399,A001206,533,2026-07-17T23:07:28,IMPS,success
T0003933,A000814,A000069,65000,2026-07-17T23:08:54,IMPS,success
T0001668,A000045,A000473,50000,2026-07-17T23:09:30,NEFT,success
T0001079,A001286,A000494,25000,2026-07-17T23:16:32,UPI,success
T0005276,A001047,A001111,2159,2026-07-17T23:16:38,UPI,success
T0000154,A001058,A000633,34352,2026-07-17T23:17:10,IMPS,success
T0011855,A000605,A000713,2415,2026-07-17T23:17:11,IMPS,success
T0014309,A000015,A000675,746,2026-07-17T23:18:27,IMPS,success
T0011515,A000824,A000708,631,2026-07-17T23:20:16,NEFT,success
T0004397,A000239,A000309,80000,2026-07-17T23:20:22,IMPS,success
T0005580,A000187,A000307,1250,2026-07-17T23:23:48,NEFT,success
T0010101,A001220,A000268,788,2026-07-17T23:27:55,IMPS,success
T0003194,A000041,A001043,395,2026-07-17T23:28:32,IMPS,success
T0004221,A000566,A000437,1177,2026-07-17T23:32:57,NEFT,success
T0012145,A000417,A000338,80000,2026-07-17T23:33:46,NEFT,success
T0002114,A000340,A001258,7178,2026-07-17T23:36:28,UPI,failed
T0014087,A000180,A000237,1369,2026-07-17T23:40:41,NEFT,success
T0001679,A000558,A000176,1560,2026-07-17T23:42:24,NEFT,success
T0004845,A000458,A000649,619,2026-07-17T23:57:23,NEFT,success
T0009262,A000910,A001306,2355,2026-07-18T00:02:45,NEFT,success
T0010805,A001273,A000327,4199,2026-07-18T00:06:36,IMPS,success
T0002383,A000934,A000930,394,2026-07-18T00:06:49,UPI,success
T0001260,A000571,A000419,1422,2026-07-18T00:07:13,IMPS,success
T0004902,A000630,A000384,90413,2026-07-18T00:08:58,UPI,success
T0004696,A000781,A001013,2243,2026-07-18T00:12:33,NEFT,success
T0009306,A001290,A000388,426,2026-07-18T00:18:04,NEFT,success
T0005440,A000313,A001037,1304,2026-07-18T00:21:46,NEFT,success
T0004571,A000352,A000970,11984,2026-07-18T00:26:46,UPI,success
T0009357,A001146,A000943,137729,2026-07-18T00:33:24,UPI,success
T0010894,A000728,A000925,300,2026-07-18T00:38:57,IMPS,success
T0011545,A000149,A000807,708,2026-07-18T00:39:09,NEFT,success
T0008851,A000457,A000262,15000,2026-07-18T00:43:34,NEFT,success
T0003664,A000157,A000573,285,2026-07-18T00:47:01,UPI,success
T0013334,A001267,A001328,1142,2026-07-18T00:48:00,NEFT,success
T0005232,A000281,A000880,80000,2026-07-18T00:50:17,IMPS,success
T0012707,A001347,A000045,737,2026-07-18T00:50:43,IMPS,success
T0005382,A000354,A000507,1789,2026-07-18T00:57:51,UPI,success
T0000733,A000924,A000664,3147,2026-07-18T01:02:10,IMPS,success
T0001334,A001240,A000211,286,2026-07-18T01:02:51,NEFT,success
T0003856,A001119,A001376,95350,2026-07-18T01:13:29,IMPS,success
T0011786,A001351,A000299,1529,2026-07-18T01:17:01,IMPS,success
T0002446,A001128,A000178,1914,2026-07-18T01:18:15,IMPS,success
T0013926,A000862,A000539,4718,2026-07-18T01:24:20,IMPS,success
T0014807,A001261,A000458,313,2026-07-18T01:24:51,NEFT,success
T0007111,A001200,A000424,725,2026-07-18T01:28:03,NEFT,success
T0013906,A000847,A001267,41428,2026-07-18T01:30:35,IMPS,success
T0010422,A000986,A000132,26617,2026-07-18T01:35:36,IMPS,success
T0007774,A000753,A000890,522,2026-07-18T01:36:52,UPI,success
T0013218,A001052,A001160,8085,2026-07-18T01:37:18,UPI,success
T0011392,A000690,A000511,11391,2026-07-18T01:37:38,NEFT,success
T0003386,A000987,A000324,13821,2026-07-18T01:44:26,IMPS,success
T0008805,A000242,A000525,65000,2026-07-18T01:46:47,NEFT,success
T0014053,A001030,A001269,23595,2026-07-18T01:48:22,UPI,success
T0001417,A000457,A000421,71197,2026-07-18T01:50:52,NEFT,success
T0006751,A001132,A001325,35000,2026-07-18T01:51:40,UPI,success
T0005441,A000531,A000660,1042,2026-07-18T01:57:44,IMPS,success
T0012446,A001216,A000435,14145,2026-07-18T02:04:05,IMPS,success
T0002859,A000100,A001132,65000,2026-07-18T02:05:20,IMPS,success
T0014512,A000757,A000623,24834,2026-07-18T02:08:22,UPI,failed
T0009405,A000130,A000273,15000,2026-07-18T02:10:59,UPI,success
T0014498,A000497,A000872,3257,2026-07-18T02:12:23,IMPS,success
T0005755,A000430,A001253,2996,2026-07-18T02:15:42,NEFT,success
T0001123,A000284,A000006,512,2026-07-18T02:15:47,IMPS,success
T0010369,A000113,A000052,50000,2026-07-18T02:18:07,UPI,success
T0003763,A000489,A001190,15000,2026-07-18T02:18:29,NEFT,success
T0011801,A000108,A000027,398,2026-07-18T02:19:28,IMPS,success
T0002690,A000012,A001089,35000,2026-07-18T02:20:52,NEFT,success
T0005624,A000557,A000545,1583,2026-07-18T02:21:54,IMPS,success
T0013055,A000449,A000916,35000,2026-07-18T02:23:33,IMPS,success
T0008666,A001185,A001272,12761,2026-07-18T02:25:22,UPI,success
T0013008,A000238,A000817,1701,2026-07-18T02:30:14,NEFT,success
T0007976,A000205,A000755,21884,2026-07-18T02:30:42,NEFT,success
T0000501,A001000,A001107,1571,2026-07-18T02:31:32,IMPS,success
T0002746,A001120,A000301,29570,2026-07-18T02:31:55,NEFT,success
T0001699,A001010,A000721,938,2026-07-18T02:34:28,NEFT,success
T0006999,A000502,A000512,26535,2026-07-18T02:37:13,UPI,success
T0009174,A000152,A000351,25000,2026-07-18T02:37:15,UPI,success
T0007852,A000639,A000301,80000,2026-07-18T02:38:23,UPI,success
T0013666,A000758,A000880,1106,2026-07-18T02:38:57,NEFT,success
T0005340,A000720,A001027,384,2026-07-18T02:39:30,IMPS,success
T0009098,A000869,A000188,35940,2026-07-18T02:40:07,UPI,success
T0005528,A000945,A000917,1186,2026-07-18T02:42:01,IMPS,success
T0004939,A000595,A000567,812,2026-07-18T02:46:40,UPI,success
T0012544,A000840,A000460,893,2026-07-18T02:48:05,UPI,success
T0003453,A000661,A000530,23382,2026-07-18T02:48:08,NEFT,success
T0013968,A000891,A000676,657,2026-07-18T02:49:30,NEFT,success
T0004511,A000841,A001009,15000,2026-07-18T02:57:11,IMPS,success
T0001589,A000358,A000847,424,2026-07-18T02:57:16,NEFT,success
T0004191,A000871,A000793,296,2026-07-18T02:57:20,UPI,success
T0013928,A000895,A000537,1447,2026-07-18T03:00:50,UPI,success
T0014735,A000471,A000741,387,2026-07-18T03:01:30,NEFT,success
T0006735,A000724,A000514,898,2026-07-18T03:03:39,UPI,success
T0008085,A001379,A000111,80000,2026-07-18T03:09:32,NEFT,success
T0013398,A000307,A000529,2989,2026-07-18T03:09:47,NEFT,success
T0007175,A000838,A001340,247,2026-07-18T03:10:48,NEFT,failed
T0003190,A000734,A001239,50000,2026-07-18T03:14:15,NEFT,success
T0014256,A000463,A000883,25000,2026-07-18T03:14:48,IMPS,success
T0013099,A000484,A000265,15000,2026-07-18T03:30:51,UPI,success
T0012067,A000590,A001292,1378,2026-07-18T03:35:19,IMPS,success
T0008860,A000067,A000701,7659,2026-07-18T03:39:50,UPI,success
T0002484,A000838,A001196,429,2026-07-18T03:45:36,NEFT,success
T0014939,A000613,A000628,387,2026-07-18T03:45:46,IMPS,success
T0009844,A000208,A001114,603,2026-07-18T03:50:17,NEFT,success
T0006213,A000903,A000915,1529,2026-07-18T03:51:07,NEFT,success
T0012795,A000900,A000031,624,2026-07-18T03:53:27,IMPS,success
T0012072,A000491,A000713,16067,2026-07-18T03:54:42,UPI,success
T0012509,A000673,A000622,325,2026-07-18T03:55:09,NEFT,success
T0007253,A000616,A000397,423,2026-07-18T03:58:13,IMPS,success
T0012858,A000837,A000413,5376,2026-07-18T04:01:54,UPI,success
T0007016,A000588,A001366,1619,2026-07-18T04:03:04,IMPS,success
T0013490,A000042,A000879,2873,2026-07-18T04:03:18,NEFT,success
T0007197,A000044,A001135,554,2026-07-18T04:07:18,IMPS,success
T0010330,A000362,A000270,35000,2026-07-18T04:13:07,UPI,success
T0013280,A000322,A001332,447,2026-07-18T04:14:43,NEFT,success
T0003819,A001375,A001338,765,2026-07-18T04:15:08,IMPS,success
T0004460,A000727,A000805,35000,2026-07-18T04:15:53,IMPS,success
T0011499,A000436,A000713,149,2026-07-18T04:17:34,IMPS,success
T0014888,A000962,A000332,254,2026-07-18T04:19:28,UPI,success
T0004063,A000226,A000184,33062,2026-07-18T04:19:35,NEFT,success
T0013977,A000447,A000066,306,2026-07-18T04:23:26,IMPS,success
T0004030,A000407,A001359,80000,2026-07-18T04:23:42,NEFT,success
T0014834,A000054,A001188,202,2026-07-18T04:23:45,IMPS,success
T0008422,A000070,A000422,16118,2026-07-18T04:27:22,IMPS,success
T0007822,A000273,A000712,1903,2026-07-18T04:28:54,NEFT,success
T0013232,A000937,A001320,1482,2026-07-18T04:29:11,UPI,success
T0011506,A001262,A000512,1488,2026-07-18T04:31:38,UPI,success
T0003513,A000057,A000506,30391,2026-07-18T04:32:31,UPI,success
T0004835,A000064,A000225,524,2026-07-18T04:33:27,NEFT,success
T0003765,A000326,A000318,2324,2026-07-18T04:40:22,NEFT,success
T0002998,A001157,A001182,39738,2026-07-18T04:42:26,UPI,success
T0009111,A000270,A000361,278,2026-07-18T04:44:24,UPI,success
T0008723,A000547,A000459,560,2026-07-18T04:46:07,IMPS,success
T0010524,A000586,A001293,1821,2026-07-18T04:51:48,IMPS,success
T0013287,A000748,A000880,80000,2026-07-18T04:54:56,NEFT,success
T0011176,A000437,A000920,28914,2026-07-18T04:58:46,IMPS,success
T0001217,A000367,A000913,1303,2026-07-18T04:59:58,UPI,success
T0014273,A001234,A001268,1098,2026-07-18T05:09:49,IMPS,success
T0003481,A001172,A000617,468,2026-07-18T05:15:45,UPI,success
T0003270,A000396,A000718,2086,2026-07-18T05:19:33,IMPS,success
T0010591,A001334,A000274,976,2026-07-18T05:22:44,NEFT,success
T0004377,A000567,A001127,1718,2026-07-18T05:22:48,NEFT,success
T0003183,A000730,A000770,15000,2026-07-18T05:23:57,NEFT,success
T0006342,A001282,A000620,1245,2026-07-18T05:30:54,UPI,success
T0002955,A000203,A000009,2180,2026-07-18T05:32:15,UPI,success
T0002552,A000495,A000717,1841,2026-07-18T05:32:29,NEFT,success
T0011372,A001356,A000122,1420,2026-07-18T05:32:58,UPI,success
T0001454,A000048,A000330,176,2026-07-18T05:33:32,NEFT,success
T0009045,A000122,A000246,616,2026-07-18T05:42:07,UPI,success
T0001402,A000501,A001236,908,2026-07-18T05:43:08,UPI,success
T0006335,A000366,A000302,1538,2026-07-18T05:45:19,IMPS,success
T0005817,A000903,A000284,15000,2026-07-18T05:46:59,IMPS,success
T0000320,A001049,A000606,25000,2026-07-18T05:51:26,NEFT,success
T0007425,A000960,A000131,312,2026-07-18T05:54:38,UPI,success
T0009709,A000320,A000683,172,2026-07-18T06:06:49,NEFT,success
T0004367,A000395,A001203,402,2026-07-18T06:07:05,NEFT,success
T0001300,A000977,A000645,147,2026-07-18T06:07:10,NEFT,success
T0000924,A001088,A000900,2573,2026-07-18T06:10:37,NEFT,success
T0004149,A001346,A000902,461,2026-07-18T06:12:41,IMPS,success
T0004443,A000028,A000909,1266,2026-07-18T06:13:47,UPI,success
T0009183,A000977,A000753,15000,2026-07-18T06:15:06,IMPS,success
T0013991,A000202,A001080,500,2026-07-18T06:18:20,UPI,success
T0002466,A000067,A001032,28935,2026-07-18T06:19:42,IMPS,success
T0001063,A000614,A000270,6390,2026-07-18T06:20:21,NEFT,success
T0005981,A000444,A000214,1060,2026-07-18T06:22:36,UPI,success
T0001228,A000182,A001089,836,2026-07-18T06:23:24,NEFT,success
T0012055,A000997,A000441,1396,2026-07-18T06:23:51,IMPS,success
T0008495,A000291,A000995,3015,2026-07-18T06:23:57,UPI,success
T0002074,A001039,A000440,1883,2026-07-18T06:25:20,IMPS,success
T0001054,A000456,A001163,19517,2026-07-18T06:33:53,NEFT,success
T0008842,A000348,A000485,14076,2026-07-18T06:39:53,NEFT,success
T0004931,A000083,A000678,1027,2026-07-18T06:40:41,UPI,success
T0010203,A000790,A000212,550,2026-07-18T06:44:20,IMPS,success
T0011130,A000631,A000188,422,2026-07-18T06:45:31,IMPS,success
T0013241,A000524,A000910,578,2026-07-18T06:47:38,NEFT,success
T0006504,A000047,A001318,95,2026-07-18T06:49:05,NEFT,success
T0001514,A001308,A000165,478,2026-07-18T07:00:21,NEFT,success
T0007858,A000664,A001355,853,2026-07-18T07:03:52,UPI,success
T0000305,A000917,A000012,913,2026-07-18T07:08:38,IMPS,success
T0013004,A000584,A000419,1070,2026-07-18T07:08:56,UPI,success
T0002699,A000101,A000086,498,2026-07-18T07:08:58,UPI,success
T0007345,A000685,A000521,47458,2026-07-18T07:10:36,NEFT,success
T0006830,A000026,A000474,80000,2026-07-18T07:13:08,NEFT,success
T0000938,A000337,A001191,401,2026-07-18T07:13:29,IMPS,success
T0008608,A000200,A001112,587,2026-07-18T07:19:09,NEFT,success
T0008421,A001051,A000697,35000,2026-07-18T07:27:24,IMPS,success
T0001765,A001244,A001172,11052,2026-07-18T07:27:30,NEFT,success
T0004323,A000557,A000211,12831,2026-07-18T07:31:02,IMPS,success
T0005125,A001326,A001109,1355,2026-07-18T07:31:08,UPI,success
T0005451,A000758,A001308,35000,2026-07-18T07:32:13,NEFT,success
T0012791,A000701,A000801,88,2026-07-18T07:33:44,NEFT,success
T0008065,A000424,A001241,9068,2026-07-18T07:33:51,UPI,success
T0008192,A000852,A000225,556,2026-07-18T07:34:20,UPI,success
T0010849,A000261,A000816,661,2026-07-18T07:35:23,NEFT,success
T0004632,A000375,A001352,256,2026-07-18T07:35:41,IMPS,success
T0005063,A000158,A001156,28728,2026-07-18T07:40:03,NEFT,success
T0012713,A001071,A000244,1153,2026-07-18T07:40:23,NEFT,success
T0004076,A000904,A000495,574,2026-07-18T07:41:33,IMPS,success
T0007779,A000860,A001234,743,2026-07-18T07:47:25,UPI,success
T0013312,A001308,A001253,30520,2026-07-18T07:48:23,IMPS,success
T0006954,A001040,A000114,124,2026-07-18T07:48:25,IMPS,success
T0010570,A000755,A000905,1281,2026-07-18T07:54:44,IMPS,success
T0012197,A000583,A000622,1472,2026-07-18T07:56:34,NEFT,success
T0014167,A000093,A000962,25000,2026-07-18T07:58:28,NEFT,success
T0009995,A000825,A000428,36023,2026-07-18T08:03:43,UPI,success
T0003893,A000963,A000895,995,2026-07-18T08:05:07,UPI,success
T0003671,A000619,A000682,1572,2026-07-18T08:10:11,UPI,success
T0007860,A000329,A000965,268,2026-07-18T08:11:54,NEFT,success
T0002062,A000395,A001289,930,2026-07-18T08:12:25,IMPS,success
T0004293,A000689,A000075,25000,2026-07-18T08:13:08,NEFT,success
T0006020,A000054,A000331,44399,2026-07-18T08:14:15,NEFT,success
T0003490,A000250,A001368,224,2026-07-18T08:15:12,IMPS,success
T0003077,A000098,A000260,25000,2026-07-18T08:20:21,UPI,success
T0008755,A000447,A000016,276,2026-07-18T08:26:23,UPI,success
T0006802,A000084,A000627,277,2026-07-18T08:28:39,IMPS,success
T0004187,A000536,A001321,1185,2026-07-18T08:29:37,UPI,success
T0014537,A000929,A001280,1085,2026-07-18T08:44:01,UPI,failed
T0013378,A000453,A000178,402,2026-07-18T08:47:12,UPI,success
T0008455,A000094,A000796,378,2026-07-18T08:52:43,IMPS,success
T0011872,A001245,A000837,243,2026-07-18T08:54:44,UPI,success
T0008786,A001171,A001117,19959,2026-07-18T08:55:35,IMPS,success
T0004410,A000855,A000314,13398,2026-07-18T08:56:16,NEFT,success
T0009142,A001257,A000941,515,2026-07-18T08:59:33,IMPS,success
T0002459,A000544,A001156,37810,2026-07-18T08:59:41,NEFT,success
T0006783,A000246,A000362,667,2026-07-18T09:01:02,IMPS,failed
T0003854,A000042,A001285,3093,2026-07-18T09:05:06,IMPS,success
T0013930,A000579,A000681,1729,2026-07-18T09:10:04,NEFT,success
T0003964,A001081,A000935,542,2026-07-18T09:18:00,NEFT,success
T0000450,A000860,A000302,12658,2026-07-18T09:20:47,NEFT,success
T0006694,A001311,A001179,277,2026-07-18T09:28:08,NEFT,success
T0013108,A000308,A000016,1926,2026-07-18T09:28:42,UPI,success
T0011563,A001057,A000337,3045,2026-07-18T09:30:54,IMPS,success
T0014682,A001135,A001058,147,2026-07-18T09:43:49,IMPS,success
T0004894,A000199,A001194,31419,2026-07-18T09:52:43,NEFT,success
T0006126,A000904,A000913,35000,2026-07-18T09:54:43,NEFT,success
T0003252,A000238,A000354,65000,2026-07-18T09:55:53,NEFT,success
T0010433,A000474,A001096,1145,2026-07-18T10:01:05,NEFT,success
T0007658,A000656,A001105,55334,2026-07-18T10:07:08,UPI,success
T0004309,A000691,A000464,59957,2026-07-18T10:09:09,NEFT,success
T0008560,A000765,A000344,424,2026-07-18T10:09:11,UPI,success
T0004638,A000024,A000716,640,2026-07-18T10:10:57,IMPS,success
T0009025,A000104,A000604,987,2026-07-18T10:11:59,NEFT,success
T0002379,A000571,A000369,8408,2026-07-18T10:16:44,NEFT,success
T0001449,A000370,A000426,10917,2026-07-18T10:19:35,IMPS,success
T0014233,A001294,A001289,361,2026-07-18T10:23:32,IMPS,success
T0009169,A001136,A001112,270,2026-07-18T10:25:29,IMPS,success
T0000600,A000537,A000279,600,2026-07-18T10:26:44,UPI,success
T0009203,A000710,A000504,8009,2026-07-18T10:33:28,NEFT,success
T0010573,A000421,A000852,26785,2026-07-18T10:34:25,IMPS,success
T0003274,A000596,A001199,8976,2026-07-18T10:34:34,UPI,success
T0013834,A001005,A000157,235,2026-07-18T10:38:12,UPI,success
T0014964,A000379,A001333,391,2026-07-18T10:47:00,NEFT,success
T0008248,A000608,A001360,519,2026-07-18T10:47:49,NEFT,success
T0005101,A001194,A000610,38556,2026-07-18T10:48:33,UPI,success
T0002346,A000608,A000867,11403,2026-07-18T10:52:39,IMPS,success
T0010672,A000787,A000967,25000,2026-07-18T10:53:00,IMPS,success
T0014934,A000623,A000073,2348,2026-07-18T10:53:48,NEFT,success
T0003529,A000274,A000844,676,2026-07-18T10:56:21,NEFT,success
T0004821,A000972,A001275,65000,2026-07-18T10:56:55,UPI,success
T0011831,A001194,A001064,30728,2026-07-18T10:59:16,IMPS,success
T0006018,A000678,A000958,1721,2026-07-18T11:00:20,IMPS,success
T0013917,A000006,A001338,53,2026-07-18T11:01:56,IMPS,success
T0014571,A000555,A000075,1034,2026-07-18T11:03:48,IMPS,success
T0007733,A000550,A000436,5675,2026-07-18T11:05:54,NEFT,success
T0003951,A000143,A001126,35000,2026-07-18T11:08:14,UPI,success
T0004733,A000218,A000137,340,2026-07-18T11:11:51,NEFT,success
T0002032,A001104,A001284,65000,2026-07-18T11:12:16,IMPS,success
T0012802,A000460,A000590,109104,2026-07-18T11:15:10,IMPS,success
T0003788,A000780,A000284,5000,2026-07-18T11:17:44,IMPS,success
T0004193,A001152,A000189,906,2026-07-18T11:20:17,NEFT,success
T0011568,A000777,A000998,519,2026-07-18T11:20:48,UPI,success
T0012101,A000781,A000653,593,2026-07-18T11:23:47,NEFT,success
T0001489,A000281,A000342,1338,2026-07-18T11:26:13,UPI,success
T0003250,A001269,A000193,467,2026-07-18T11:28:02,NEFT,success
T0007857,A000301,A000002,65000,2026-07-18T11:28:19,NEFT,success
T0001876,A001199,A000182,236,2026-07-18T11:33:41,UPI,success
T0007455,A000118,A000960,5201,2026-07-18T11:45:34,NEFT,success
T0007630,A001211,A001150,3425,2026-07-18T11:49:51,NEFT,success
T0008158,A001188,A000823,15000,2026-07-18T11:53:28,NEFT,success
T0011947,A000361,A000980,75537,2026-07-18T12:01:48,UPI,success
T0014230,A000756,A000275,323,2026-07-18T12:09:54,UPI,success
T0000393,A000261,A000572,621,2026-07-18T12:11:47,UPI,success
T0004079,A001259,A001215,28283,2026-07-18T12:17:16,UPI,success
T0012513,A000978,A000945,1044,2026-07-18T12:17:43,IMPS,success
T0005967,A000492,A000984,3778,2026-07-18T12:25:08,UPI,success
T0012017,A000660,A000678,1865,2026-07-18T12:30:00,NEFT,success
T0008093,A000476,A000477,992,2026-07-18T12:30:07,UPI,success
T0003587,A001157,A000471,15000,2026-07-18T12:30:54,UPI,success
T0010974,A000410,A000783,6637,2026-07-18T12:31:36,NEFT,success
T0003082,A000130,A000103,512,2026-07-18T12:35:20,UPI,success
T0002518,A000220,A000668,35000,2026-07-18T12:36:20,IMPS,success
T0000201,A000908,A001147,73826,2026-07-18T12:38:11,NEFT,success
T0008580,A000054,A001145,921,2026-07-18T12:39:40,UPI,success
T0006585,A000840,A000138,65000,2026-07-18T12:41:05,IMPS,success
T0006396,A001320,A001280,457,2026-07-18T12:43:56,NEFT,success
T0009760,A000180,A000676,679,2026-07-18T12:44:40,UPI,success
T0014059,A000415,A001141,25000,2026-07-18T12:45:23,UPI,success
T0004771,A000734,A000542,5244,2026-07-18T12:45:40,IMPS,success
T0014675,A000210,A001084,1024,2026-07-18T12:46:22,IMPS,success
T0005797,A000308,A000014,1285,2026-07-18T12:47:34,IMPS,success
T0001278,A001070,A000727,402,2026-07-18T12:48:47,IMPS,success
T0010254,A000475,A000093,888,2026-07-18T12:57:21,NEFT,success
T0009856,A000740,A001144,1140,2026-07-18T12:58:26,UPI,success
T0001851,A000023,A000187,294,2026-07-18T13:03:49,UPI,success
T0008360,A001011,A000929,28666,2026-07-18T13:06:25,IMPS,success
T0011351,A000081,A000168,1270,2026-07-18T13:10:20,IMPS,success
T0011738,A000187,A001381,12901,2026-07-18T13:13:28,NEFT,success
T0011004,A000463,A000349,17518,2026-07-18T13:17:39,NEFT,success
T0010393,A000971,A001379,471,2026-07-18T13:21:53,UPI,failed
T0008149,A000401,A000354,50000,2026-07-18T13:24:29,UPI,success
T0012655,A001052,A000825,14968,2026-07-18T13:33:42,IMPS,success
T0000171,A000368,A001106,2304,2026-07-18T13:36:58,IMPS,success
T0000750,A000066,A001111,1937,2026-07-18T13:41:02,IMPS,success
T0012343,A001165,A000039,18793,2026-07-18T13:47:34,NEFT,success
T0013387,A000449,A000742,3588,2026-07-18T13:47:51,NEFT,success
T0012184,A000410,A000983,1092,2026-07-18T13:50:31,NEFT,success
T0002790,A000418,A001299,165,2026-07-18T13:50:42,NEFT,success
T0003867,A000247,A000479,50000,2026-07-18T13:54:09,NEFT,success
T0001335,A001267,A001064,760,2026-07-18T14:01:36,UPI,success
T0004088,A000357,A000482,227,2026-07-18T14:10:16,IMPS,success
T0004467,A000916,A001326,26272,2026-07-18T14:11:44,IMPS,success
T0013924,A000081,A000445,20816,2026-07-18T14:12:18,IMPS,success
T0010123,A000131,A000349,20620,2026-07-18T14:13:24,NEFT,success
T0013551,A000680,A000712,10773,2026-07-18T14:17:20,IMPS,success
T0000547,A001248,A000395,831,2026-07-18T14:18:48,IMPS,success
T0011990,A000184,A000404,5921,2026-07-18T14:22:00,IMPS,success
T0010776,A000973,A000870,530,2026-07-18T14:25:01,IMPS,success
T0012024,A000478,A001151,21339,2026-07-18T14:25:04,UPI,success
T0011102,A000265,A001218,680,2026-07-18T14:28:37,IMPS,success
T0002716,A001279,A000202,398,2026-07-18T14:29:26,IMPS,success
T0005721,A001031,A000915,68499,2026-07-18T14:30:03,UPI,success
T0004660,A001028,A001166,1809,2026-07-18T14:30:16,UPI,success
T0014622,A000105,A000472,596,2026-07-18T14:33:42,IMPS,success
T0007127,A001009,A001364,1028,2026-07-18T14:34:16,UPI,success
T0002711,A000286,A001154,21425,2026-07-18T14:34:46,UPI,success
T0000966,A000112,A000952,1283,2026-07-18T14:37:35,UPI,success
T0014064,A000749,A000246,35000,2026-07-18T14:38:19,UPI,success
T0008479,A000929,A001275,25000,2026-07-18T14:45:07,IMPS,success
T0003361,A000632,A001246,279,2026-07-18T14:49:39,NEFT,success
T0001671,A000907,A000843,1294,2026-07-18T14:53:30,UPI,success
T0001126,A001084,A000411,25000,2026-07-18T14:56:48,NEFT,success
T0011117,A001200,A001334,15000,2026-07-18T14:58:20,UPI,success
T0006746,A000009,A000069,5702,2026-07-18T15:00:12,UPI,success
T0002480,A001158,A001035,1651,2026-07-18T15:01:28,IMPS,success
T0002086,A001228,A000969,1947,2026-07-18T15:08:25,UPI,success
T0000227,A001177,A001142,197,2026-07-18T15:09:38,IMPS,success
T0013951,A001237,A000635,81759,2026-07-18T15:18:25,IMPS,failed
T0014022,A000732,A001011,25000,2026-07-18T15:23:47,UPI,success
T0012951,A000018,A001258,35758,2026-07-18T15:25:58,NEFT,success
T0008101,A000424,A000717,2496,2026-07-18T15:28:49,NEFT,success
T0002747,A000305,A001018,1363,2026-07-18T15:31:42,NEFT,success
T0010291,A000155,A000164,518,2026-07-18T15:33:42,NEFT,success
T0004872,A000628,A000111,9338,2026-07-18T15:43:18,UPI,success
T0002908,A000121,A000162,595,2026-07-18T15:44:04,NEFT,success
T0000307,A000301,A001200,236,2026-07-18T15:48:58,UPI,success
T0000448,A000174,A000380,482,2026-07-18T16:04:16,IMPS,success
T0003796,A000581,A001340,208,2026-07-18T16:09:52,UPI,success
T0014067,A000767,A000004,15000,2026-07-18T16:22:46,UPI,success
T0010455,A000063,A000683,562,2026-07-18T16:24:22,NEFT,success
T0011525,A000598,A001276,404,2026-07-18T16:25:38,NEFT,success
T0012574,A001193,A000157,480,2026-07-18T16:26:20,NEFT,success
T0013204,A000462,A001010,338,2026-07-18T16:26:43,UPI,failed
T0000845,A001175,A000845,2111,2026-07-18T16:27:20,UPI,success
T0012178,A000956,A000043,15026,2026-07-18T16:27:39,UPI,success
T0013198,A000699,A000678,65000,2026-07-18T16:29:32,UPI,success
T0014940,A000525,A001349,51710,2026-07-18T16:34:14,IMPS,success
T0001953,A000309,A000968,1533,2026-07-18T16:39:40,UPI,success
T0014041,A000191,A000100,47779,2026-07-18T16:42:31,IMPS,success
T0011937,A000076,A001159,1753,2026-07-18T16:43:39,IMPS,success
T0009424,A000830,A000145,554,2026-07-18T16:44:08,IMPS,success
T0007045,A000971,A000439,418,2026-07-18T16:45:41,IMPS,success
T0000367,A000358,A000676,882,2026-07-18T16:45:49,NEFT,success
T0014501,A000443,A001267,272,2026-07-18T16:49:47,IMPS,success
T0013634,A000363,A000892,1619,2026-07-18T16:51:29,UPI,success
T0011087,A000347,A000512,568,2026-07-18T16:51:38,UPI,success
T0002460,A001118,A000251,10248,2026-07-18T16:54:00,NEFT,success
T0010190,A000409,A000439,535,2026-07-18T16:57:35,NEFT,success
T0010011,A001168,A000025,27656,2026-07-18T16:58:03,NEFT,success
T0014025,A000330,A000605,50049,2026-07-18T16:58:42,NEFT,success
T0014244,A000733,A000740,1450,2026-07-18T16:58:52,UPI,success
T0005897,A000594,A000027,8527,2026-07-18T17:00:06,UPI,success
T0001263,A000121,A000266,1979,2026-07-18T17:07:39,UPI,success
T0005598,A000047,A001313,2564,2026-07-18T17:09:22,UPI,success
T0001594,A001217,A000839,837,2026-07-18T17:17:45,UPI,success
T0011653,A000448,A000795,25000,2026-07-18T17:19:40,IMPS,success
T0004105,A001189,A000055,1884,2026-07-18T17:20:35,NEFT,success
T0008968,A001128,A000727,1126,2026-07-18T17:22:32,NEFT,success
T0012076,A001283,A000686,35000,2026-07-18T17:22:58,UPI,success
T0008055,A000672,A000903,482,2026-07-18T17:24:55,UPI,success
T0001546,A000916,A000652,930,2026-07-18T17:27:10,IMPS,success
T0000262,A000128,A000342,42772,2026-07-18T17:28:17,NEFT,success
T0006590,A001215,A000435,1274,2026-07-18T17:35:06,IMPS,success
T0012125,A000942,A001137,147,2026-07-18T17:38:33,UPI,success
T0000499,A000411,A001233,1983,2026-07-18T17:46:19,NEFT,success
T0010045,A001293,A000124,338,2026-07-18T17:46:31,IMPS,success
T0008946,A000537,A000876,588,2026-07-18T17:48:47,IMPS,success
T0000455,A000950,A000509,1210,2026-07-18T17:52:02,IMPS,success
T0012626,A001115,A000364,856,2026-07-18T17:52:24,NEFT,success
T0008866,A000656,A000613,1288,2026-07-18T17:53:44,NEFT,success
T0013557,A000159,A000952,1697,2026-07-18T17:56:01,IMPS,success
T0009559,A000545,A000012,191,2026-07-18T18:02:56,NEFT,success
T0001498,A000452,A001300,9625,2026-07-18T18:03:16,IMPS,success
T0007063,A001179,A000566,290,2026-07-18T18:04:20,UPI,success
T0006711,A000366,A000977,80000,2026-07-18T18:06:23,NEFT,success
T0011667,A000380,A000651,12961,2026-07-18T18:10:07,IMPS,success
T0005707,A000711,A000718,69531,2026-07-18T18:11:43,IMPS,success
T0009048,A000926,A000357,14790,2026-07-18T18:14:52,UPI,success
T0012417,A000258,A000218,35000,2026-07-18T18:15:08,NEFT,success
T0012496,A001093,A000049,395,2026-07-18T18:15:28,IMPS,success
T0004068,A000772,A000831,42055,2026-07-18T18:16:51,IMPS,success
T0004827,A000594,A001301,1381,2026-07-18T18:17:34,UPI,success
T0009645,A000784,A001201,2772,2026-07-18T18:21:08,NEFT,success
T0013388,A000888,A000895,50000,2026-07-18T18:22:54,IMPS,success
T0009490,A000742,A000882,1167,2026-07-18T18:23:22,IMPS,success
T0000742,A000583,A000857,41821,2026-07-18T18:23:57,NEFT,success
T0012165,A000306,A001381,80000,2026-07-18T18:24:37,UPI,success
T0005709,A000637,A000755,2383,2026-07-18T18:29:24,NEFT,success
T0004840,A000848,A001245,269,2026-07-18T18:32:29,IMPS,success
T0013164,A000175,A000236,833,2026-07-18T18:34:08,UPI,success
T0005021,A000029,A000998,14177,2026-07-18T18:35:52,IMPS,success
T0010335,A000121,A001110,50214,2026-07-18T18:37:23,UPI,success
T0001694,A000292,A000243,951,2026-07-18T18:37:27,NEFT,success
T0001057,A001267,A001304,418,2026-07-18T18:40:54,NEFT,success
T0010532,A000483,A000400,890,2026-07-18T18:45:44,UPI,success
T0012267,A000004,A001133,24493,2026-07-18T18:48:44,NEFT,success
T0004189,A001019,A000992,167,2026-07-18T18:49:44,IMPS,success
T0006832,A000577,A000946,13806,2026-07-18T18:51:43,UPI,success
T0006515,A000540,A000610,65000,2026-07-18T18:52:22,NEFT,success
T0007245,A001250,A001252,1718,2026-07-18T18:56:15,UPI,success
T0007964,A000627,A000377,157,2026-07-18T19:07:48,IMPS,success
T0000827,A000118,A001087,50000,2026-07-18T19:08:32,UPI,success
T0001149,A000866,A000579,1877,2026-07-18T19:09:05,IMPS,success
T0002053,A001212,A001093,798,2026-07-18T19:12:14,UPI,success
T0009540,A001001,A000209,80000,2026-07-18T19:12:43,UPI,success
T0011970,A000882,A001323,375,2026-07-18T19:18:45,IMPS,success
T0013811,A000830,A000599,25000,2026-07-18T19:26:47,IMPS,success
T0013382,A001137,A001267,1014,2026-07-18T19:34:07,UPI,success
T0000133,A000607,A001088,1690,2026-07-18T19:35:35,IMPS,success
T0014699,A000977,A000442,5000,2026-07-18T19:36:13,UPI,success
T0007099,A000723,A001217,501,2026-07-18T19:39:21,IMPS,success
T0000372,A000917,A000265,15000,2026-07-18T19:39:50,IMPS,success
T0009629,A000736,A000457,1402,2026-07-18T19:42:20,UPI,success
T0003892,A000878,A000756,1203,2026-07-18T19:42:49,IMPS,success
T0006257,A000256,A000047,15702,2026-07-18T19:46:37,IMPS,success
T0003213,A001327,A001154,10035,2026-07-18T19:52:55,NEFT,success
T0014849,A000254,A000116,799,2026-07-18T19:53:43,IMPS,success
T0011229,A001079,A001177,420,2026-07-18T19:57:59,NEFT,success
T0009057,A000563,A000226,16362,2026-07-18T19:59:58,NEFT,success
T0009115,A001260,A000402,1193,2026-07-18T20:00:16,NEFT,success
T0001996,A000984,A000681,932,2026-07-18T20:00:28,UPI,success
T0012604,A001311,A000207,1571,2026-07-18T20:04:43,IMPS,success
T0008977,A000863,A000214,744,2026-07-18T20:07:27,UPI,success
T0012636,A000822,A000399,249,2026-07-18T20:08:01,IMPS,failed
T0005956,A000142,A000745,1038,2026-07-18T20:10:40,IMPS,success
T0011901,A000159,A000691,1254,2026-07-18T20:16:44,NEFT,success
T0011231,A000074,A000077,23982,2026-07-18T20:16:48,IMPS,success
T0013902,A000496,A000332,65000,2026-07-18T20:21:12,UPI,success
T0013079,A000480,A000206,1495,2026-07-18T20:29:50,IMPS,success
T0004710,A001260,A000848,1184,2026-07-18T20:32:07,UPI,success
T0012399,A000748,A000688,37713,2026-07-18T20:33:14,IMPS,success
T0010708,A001009,A000467,9473,2026-07-18T20:33:33,IMPS,success
T0013651,A000251,A000204,463,2026-07-18T20:34:51,NEFT,success
T0006337,A000857,A000279,417,2026-07-18T20:38:16,NEFT,success
T0000199,A000666,A000179,1449,2026-07-18T20:39:39,UPI,success
T0000897,A000893,A000952,854,2026-07-18T20:41:27,UPI,success
T0003666,A000104,A001298,3210,2026-07-18T20:42:46,UPI,success
T0014663,A000407,A000331,80000,2026-07-18T20:44:10,UPI,success
T0013740,A000743,A000400,25000,2026-07-18T20:46:44,NEFT,success
T0012127,A000405,A001011,65000,2026-07-18T20:47:05,UPI,success
T0005720,A000724,A000049,283,2026-07-18T20:51:47,NEFT,success
T0004053,A000015,A000069,262,2026-07-18T20:54:18,NEFT,success
T0011444,A000182,A000680,8693,2026-07-18T20:56:00,NEFT,success
T0009873,A000694,A000552,50000,2026-07-18T21:01:42,IMPS,success
T0005769,A000909,A000694,1327,2026-07-18T21:05:48,IMPS,success
T0005593,A000344,A001010,164,2026-07-18T21:07:53,UPI,success
T0007313,A001352,A000645,65000,2026-07-18T21:08:58,UPI,success
T0002700,A001365,A000313,35000,2026-07-18T21:09:51,UPI,success
T0013259,A000173,A000817,386,2026-07-18T21:09:51,NEFT,success
T0014174,A001329,A000885,80000,2026-07-18T21:12:39,IMPS,success
T0003737,A001293,A000438,565,2026-07-18T21:13:30,NEFT,success
T0005555,A000861,A000263,126,2026-07-18T21:15:42,IMPS,success
T0010195,A000239,A001273,545,2026-07-18T21:15:44,NEFT,success
T0006412,A000431,A000869,1300,2026-07-18T21:21:03,UPI,success
T0008338,A000847,A000378,22614,2026-07-18T21:28:40,IMPS,success
T0004266,A000516,A000035,470,2026-07-18T21:29:20,NEFT,success
T0005899,A001025,A000759,2386,2026-07-18T21:33:06,IMPS,success
T0011826,A000313,A001190,51345,2026-07-18T21:35:00,NEFT,success
T0014610,A001272,A000587,18609,2026-07-18T21:42:34,IMPS,success
T0005248,A000719,A000846,667,2026-07-18T21:45:36,NEFT,success
T0009404,A000051,A000320,489,2026-07-18T21:48:07,IMPS,failed
T0004322,A001043,A000508,82,2026-07-18T21:48:20,NEFT,success
T0009809,A000573,A000036,564,2026-07-18T21:48:54,IMPS,success
T0007170,A000714,A000660,1920,2026-07-18T21:55:15,NEFT,success
T0007578,A000327,A000388,2141,2026-07-18T21:57:44,UPI,success
T0002297,A001156,A000357,80000,2026-07-18T22:02:14,IMPS,success
T0000605,A001322,A001352,1201,2026-07-18T22:05:14,IMPS,success
T0007413,A000675,A000301,978,2026-07-18T22:16:35,NEFT,success
T0011079,A000581,A001255,65000,2026-07-18T22:17:03,UPI,success
T0007362,A001258,A000505,10892,2026-07-18T22:18:42,IMPS,success
T0007164,A000183,A000105,635,2026-07-18T22:18:47,NEFT,success
T0010142,A000224,A001353,20887,2026-07-18T22:19:47,UPI,success
T0006757,A000001,A000423,15000,2026-07-18T22:21:06,UPI,success
T0002967,A000532,A000054,409,2026-07-18T22:22:40,NEFT,success
T0007869,A000878,A000703,14276,2026-07-18T22:25:08,NEFT,success
T0007882,A000273,A000302,3426,2026-07-18T22:38:27,IMPS,success
T0013837,A000454,A001304,2236,2026-07-18T22:38:31,IMPS,success
T0014796,A001241,A000869,251,2026-07-18T22:40:31,UPI,success
T0004328,A000156,A000703,29774,2026-07-18T22:43:45,NEFT,success
T0001461,A000703,A000177,1861,2026-07-18T22:53:19,UPI,success
T0012333,A001036,A000014,1080,2026-07-18T22:53:38,IMPS,success
T0009059,A000942,A000825,15000,2026-07-18T22:54:14,UPI,success
T0007905,A000396,A000005,832,2026-07-18T23:00:17,IMPS,success
T0004058,A000302,A000286,1685,2026-07-18T23:01:18,IMPS,success
T0010234,A000947,A000846,158,2026-07-18T23:04:47,UPI,success
T0001172,A000503,A000423,165,2026-07-18T23:04:55,IMPS,success
T0014370,A000807,A001337,35000,2026-07-18T23:17:10,NEFT,success
T0014557,A001143,A000885,1023,2026-07-18T23:26:10,NEFT,failed
T0007802,A000845,A001041,2156,2026-07-18T23:28:43,IMPS,success
T0012596,A000176,A000526,47238,2026-07-18T23:31:20,NEFT,success
T0007281,A000738,A001336,1750,2026-07-18T23:31:33,NEFT,success
T0008061,A000849,A000714,225,2026-07-18T23:32:59,NEFT,success
T0006800,A001154,A000427,961,2026-07-18T23:35:01,NEFT,success
T0013694,A001002,A000293,65000,2026-07-18T23:35:56,NEFT,success
T0009213,A000360,A000812,1398,2026-07-18T23:36:54,IMPS,success
T0011251,A000543,A000858,1643,2026-07-18T23:39:19,IMPS,success
T0005779,A000864,A001300,424,2026-07-18T23:40:07,UPI,success
T0004670,A001179,A000199,703,2026-07-18T23:40:46,UPI,success
T0010619,A000519,A001035,413,2026-07-18T23:48:41,NEFT,success
T0007600,A000928,A000869,80000,2026-07-18T23:50:38,UPI,success
T0010446,A001103,A000067,49145,2026-07-18T23:50:57,UPI,success
T0005443,A000704,A001045,544,2026-07-18T23:53:15,IMPS,success
T0013414,A000401,A000180,1027,2026-07-18T23:53:20,NEFT,success
T0005281,A000650,A000391,27860,2026-07-18T23:54:07,UPI,success
T0012407,A000675,A001330,585,2026-07-18T23:57:36,IMPS,success
T0009435,A000807,A000118,35000,2026-07-19T00:02:10,UPI,success
T0001800,A000319,A000401,8759,2026-07-19T00:04:10,NEFT,success
T0002112,A001375,A000674,12693,2026-07-19T00:06:42,IMPS,success
T0009491,A000586,A000440,5650,2026-07-19T00:10:09,NEFT,success
T0004295,A000832,A000680,1204,2026-07-19T00:10:54,UPI,success
T0002083,A001377,A001130,480,2026-07-19T00:14:41,UPI,success
T0008013,A001040,A000232,30536,2026-07-19T00:17:40,NEFT,success
T0007252,A000674,A000305,687,2026-07-19T00:18:15,IMPS,success
T0001291,A000265,A000718,32526,2026-07-19T00:18:39,IMPS,success
T0004971,A000690,A000827,6126,2026-07-19T00:25:10,IMPS,success
T0013029,A001273,A000072,168255,2026-07-19T00:25:40,NEFT,success
T0007087,A000588,A001222,80000,2026-07-19T00:29:02,IMPS,success
T0001468,A000483,A000543,38133,2026-07-19T00:29:41,UPI,success
T0010813,A001139,A001003,577,2026-07-19T00:33:54,NEFT,success
T0007061,A000609,A000603,5708,2026-07-19T00:34:54,UPI,success
T0003597,A000154,A001331,25000,2026-07-19T00:36:33,UPI,success
T0008923,A001203,A000382,10855,2026-07-19T00:37:37,NEFT,success
T0003181,A000225,A001118,15483,2026-07-19T00:38:26,IMPS,success
T0008638,A000897,A000802,446,2026-07-19T00:42:45,IMPS,success
T0002256,A000011,A000849,278,2026-07-19T00:44:33,NEFT,success
T0008074,A000628,A000670,9000,2026-07-19T00:47:24,IMPS,success
T0014733,A000250,A001077,25000,2026-07-19T00:48:05,IMPS,success
T0007372,A000846,A001221,91778,2026-07-19T00:50:22,NEFT,success
T0009440,A000072,A000225,33803,2026-07-19T00:54:38,UPI,success
T0008581,A000872,A001377,6155,2026-07-19T00:55:28,UPI,success
T0013057,A000777,A000810,231,2026-07-19T00:56:46,NEFT,success
T0005902,A000350,A000402,377,2026-07-19T01:00:43,NEFT,success
T0010879,A000443,A001110,80000,2026-07-19T01:00:56,NEFT,success
T0001631,A000305,A001354,1272,2026-07-19T01:02:23,IMPS,success
T0000259,A000633,A000910,307,2026-07-19T01:03:05,IMPS,success
T0002658,A000854,A000976,25000,2026-07-19T01:04:01,NEFT,success
T0007704,A000024,A001147,62102,2026-07-19T01:11:28,NEFT,success
T0010160,A000689,A000557,6838,2026-07-19T01:14:07,UPI,success
T0012529,A000576,A001047,1060,2026-07-19T01:19:47,NEFT,success
T0005301,A000975,A000593,15000,2026-07-19T01:19:50,IMPS,success
T0012711,A000306,A000105,15565,2026-07-19T01:20:07,IMPS,success
T0008659,A000539,A000123,392,2026-07-19T01:20:16,NEFT,success
T0006908,A000275,A001058,587,2026-07-19T01:22:05,IMPS,success
T0012020,A001197,A001066,556,2026-07-19T01:24:01,NEFT,success
T0013756,A000282,A001301,138,2026-07-19T01:25:07,UPI,success
T0008351,A000450,A001230,997,2026-07-19T01:27:14,IMPS,success
T0004379,A000795,A000071,3365,2026-07-19T01:32:17,UPI,success
T0010059,A000649,A000023,106011,2026-07-19T01:36:14,NEFT,success
T0000903,A000126,A000846,1306,2026-07-19T01:37:05,IMPS,success
T0009204,A000917,A000288,2415,2026-07-19T01:38:00,UPI,success
T0004254,A000336,A000716,920,2026-07-19T01:44:11,IMPS,success
T0013529,A000051,A000569,49106,2026-07-19T01:44:49,NEFT,success
T0008311,A000899,A000475,207,2026-07-19T01:45:43,IMPS,success
T0012755,A001180,A000847,1677,2026-07-19T01:47:44,IMPS,success
T0006382,A000360,A000055,56673,2026-07-19T01:55:03,IMPS,success
T0006931,A000162,A000678,989,2026-07-19T01:55:13,NEFT,success
T0008767,A000299,A000396,21415,2026-07-19T01:58:05,UPI,success
T0011979,A000322,A000957,1053,2026-07-19T01:59:40,NEFT,success
T0006366,A000923,A000909,3440,2026-07-19T02:00:43,NEFT,success
T0010754,A000563,A001088,13269,2026-07-19T02:01:59,IMPS,success
T0012069,A001050,A000589,1779,2026-07-19T02:05:49,NEFT,success
T0008270,A001005,A000178,25000,2026-07-19T02:08:44,UPI,success
T0010176,A000825,A000776,1715,2026-07-19T02:10:07,NEFT,success
T0000414,A000484,A000686,16372,2026-07-19T02:10:45,UPI,success
T0002264,A001313,A000699,976,2026-07-19T02:11:18,UPI,success
T0013633,A000982,A001138,817,2026-07-19T02:12:27,UPI,success
T0002932,A001314,A000452,65000,2026-07-19T02:14:48,UPI,success
T0004592,A000200,A001202,659,2026-07-19T02:15:01,UPI,success
T0005463,A000870,A000779,50000,2026-07-19T02:15:19,NEFT,success
T0005412,A000936,A001311,15000,2026-07-19T02:17:43,NEFT,success
T0013636,A001016,A000759,15000,2026-07-19T02:19:28,NEFT,success
T0012353,A000283,A001216,1026,2026-07-19T02:20:50,UPI,success
T0013844,A000471,A000188,1194,2026-07-19T02:24:52,UPI,success
T0013943,A000332,A000446,692,2026-07-19T02:27:20,UPI,success
T0013883,A001271,A000562,727,2026-07-19T02:30:10,IMPS,success
T0004624,A000639,A000113,1336,2026-07-19T02:39:27,UPI,success
T0006973,A000182,A000348,15000,2026-07-19T02:40:34,NEFT,success
T0008048,A000429,A000400,1566,2026-07-19T02:40:44,NEFT,success
T0006473,A000997,A000983,1238,2026-07-19T02:43:56,IMPS,success
T0006871,A000243,A001146,1040,2026-07-19T02:46:17,UPI,success
T0011005,A000671,A000714,1190,2026-07-19T02:51:26,NEFT,success
T0010425,A000435,A001344,17821,2026-07-19T02:51:49,IMPS,success
T0002551,A000803,A000688,1425,2026-07-19T02:52:49,IMPS,success
T0014530,A000296,A000426,338,2026-07-19T03:01:41,UPI,success
T0002293,A000179,A000466,54257,2026-07-19T03:05:35,NEFT,success
T0014588,A001066,A000522,35000,2026-07-19T03:07:50,UPI,success
T0004099,A000834,A000260,15000,2026-07-19T03:08:32,IMPS,success
T0009616,A000251,A001306,76188,2026-07-19T03:13:55,UPI,success
T0013766,A000788,A001319,15925,2026-07-19T03:15:22,IMPS,success
T0004091,A001322,A000942,311,2026-07-19T03:21:46,UPI,success
T0005401,A000973,A000001,1972,2026-07-19T03:25:45,UPI,success
T0002403,A000691,A000522,32596,2026-07-19T03:28:25,NEFT,success
T0013600,A000898,A001183,24266,2026-07-19T03:29:18,UPI,success
T0008999,A000801,A001096,514,2026-07-19T03:29:45,UPI,success
T0014449,A000429,A000215,651,2026-07-19T03:33:13,UPI,success
T0011246,A001350,A000694,15000,2026-07-19T03:35:44,UPI,success
T0006322,A001301,A001218,68,2026-07-19T03:37:15,IMPS,success
T0003336,A000898,A000187,374,2026-07-19T03:38:13,UPI,success
T0003614,A000468,A000682,36625,2026-07-19T03:40:12,IMPS,success
T0002838,A000972,A001269,20822,2026-07-19T03:40:18,UPI,success
T0014208,A001328,A000973,379,2026-07-19T03:44:37,UPI,success
T0012452,A000960,A000381,46023,2026-07-19T03:45:57,UPI,success
T0003526,A000196,A000821,1005,2026-07-19T03:46:33,IMPS,success
T0009505,A001053,A001036,272,2026-07-19T03:47:36,NEFT,success
T0000652,A000641,A000582,9625,2026-07-19T03:49:36,UPI,success
T0005513,A000103,A000338,785,2026-07-19T03:52:01,NEFT,success
T0012606,A000593,A000459,633,2026-07-19T03:54:38,UPI,success
T0013429,A000998,A000788,4413,2026-07-19T03:54:58,NEFT,success
T0006938,A001129,A000358,13337,2026-07-19T03:56:09,IMPS,success
T0000729,A000014,A000627,35000,2026-07-19T03:58:35,NEFT,success
T0001431,A000038,A001237,702,2026-07-19T04:01:28,IMPS,success
T0008806,A000095,A000509,289,2026-07-19T04:01:54,UPI,success
T0011024,A000566,A000746,1568,2026-07-19T04:02:21,IMPS,success
T0014521,A000092,A000461,374,2026-07-19T04:04:00,IMPS,success
T0009638,A000887,A000836,252,2026-07-19T04:06:11,NEFT,success
T0005937,A000052,A000488,80000,2026-07-19T04:06:39,UPI,success
T0012523,A001041,A000040,579,2026-07-19T04:07:35,NEFT,success
T0003657,A000819,A000007,803,2026-07-19T04:09:10,NEFT,success
T0001825,A001129,A001157,2550,2026-07-19T04:10:20,NEFT,failed
T0002367,A000115,A001010,883,2026-07-19T04:13:34,NEFT,success
T0009113,A000258,A001377,513,2026-07-19T04:18:22,UPI,success
T0001497,A000285,A000438,1486,2026-07-19T04:19:05,UPI,success
T0003702,A000811,A000324,3209,2026-07-19T04:20:26,IMPS,success
T0003316,A001074,A000003,5090,2026-07-19T04:22:41,IMPS,success
T0007382,A001103,A000579,588,2026-07-19T04:25:44,IMPS,success
T0001321,A000453,A000710,38678,2026-07-19T04:28:29,IMPS,success
T0007713,A000271,A000181,382,2026-07-19T04:34:01,IMPS,failed
T0008097,A001319,A000770,935,2026-07-19T04:34:54,NEFT,success
T0010316,A000155,A000810,86666,2026-07-19T04:35:05,IMPS,success
T0009605,A000465,A001305,35000,2026-07-19T04:36:47,UPI,success
T0007285,A000251,A001212,243,2026-07-19T04:37:08,UPI,success
T0009283,A001331,A000854,497,2026-07-19T04:38:31,NEFT,success
T0014978,A001375,A000722,65000,2026-07-19T04:39:02,UPI,success
T0011602,A000565,A000874,44401,2026-07-19T04:39:42,UPI,success
T0003279,A000114,A000781,65000,2026-07-19T04:42:52,IMPS,success
T0010668,A001360,A001209,8031,2026-07-19T04:44:11,IMPS,success
T0013290,A001304,A001078,258,2026-07-19T04:44:46,UPI,success
T0014052,A001365,A000614,1914,2026-07-19T04:46:01,IMPS,success
T0012754,A000836,A000295,35000,2026-07-19T04:47:50,IMPS,success
T0012034,A001116,A001224,892,2026-07-19T04:50:13,UPI,success
T0010945,A000570,A000229,80000,2026-07-19T04:55:15,NEFT,success
T0011719,A001312,A000062,1153,2026-07-19T05:03:50,IMPS,success
T0008207,A001239,A001076,19729,2026-07-19T05:04:18,IMPS,success
T0008520,A000252,A001193,634,2026-07-19T05:07:10,UPI,success
T0011817,A000891,A000661,618,2026-07-19T05:10:24,NEFT,success
T0012085,A001321,A001263,84,2026-07-19T05:13:41,UPI,success
T0003330,A001292,A001262,416,2026-07-19T05:14:42,IMPS,success
T0013676,A000898,A000122,225,2026-07-19T05:15:54,UPI,success
T0006231,A000110,A000772,631,2026-07-19T05:16:20,IMPS,success
T0013082,A000053,A000535,143,2026-07-19T05:16:31,NEFT,success
T0009454,A000516,A000076,1932,2026-07-19T05:21:16,UPI,success
T0000984,A000898,A000185,51625,2026-07-19T05:25:20,IMPS,success
T0014192,A001308,A001095,1330,2026-07-19T05:29:10,IMPS,success
T0006444,A000245,A000103,2700,2026-07-19T05:35:50,NEFT,success
T0002528,A000605,A000647,39448,2026-07-19T05:42:31,NEFT,success
T0009240,A001195,A000759,35000,2026-07-19T05:44:14,UPI,success
T0014266,A001193,A001252,1015,2026-07-19T05:48:52,UPI,success
T0014533,A000875,A000085,687,2026-07-19T05:50:44,IMPS,success
T0006541,A000091,A001110,577,2026-07-19T05:50:58,UPI,success
T0002376,A001096,A000831,19643,2026-07-19T05:52:23,IMPS,success
T0003114,A000649,A000331,409,2026-07-19T05:56:40,IMPS,success
T0003522,A001091,A000523,289,2026-07-19T05:58:43,NEFT,success
T0012893,A000704,A000589,32588,2026-07-19T06:00:48,NEFT,success
T0002680,A001363,A000328,343,2026-07-19T06:04:44,UPI,success
T0010325,A000464,A001266,617,2026-07-19T06:15:33,IMPS,success
T0008355,A000712,A000507,263,2026-07-19T06:18:26,UPI,success
T0003882,A000427,A000341,1739,2026-07-19T06:19:33,UPI,success
T0001967,A000862,A000026,32828,2026-07-19T06:26:10,UPI,success
T0001045,A000415,A000767,1675,2026-07-19T06:26:12,IMPS,success
T0009498,A001338,A001028,15000,2026-07-19T06:29:13,IMPS,success
T0004786,A001309,A000702,72926,2026-07-19T06:29:59,UPI,success
T0013615,A000613,A001209,587,2026-07-19T06:34:03,IMPS,failed
T0008464,A001342,A000435,25000,2026-07-19T06:34:17,NEFT,success
T0006716,A000259,A000427,65000,2026-07-19T06:34:26,UPI,success
T0000313,A000857,A001092,1750,2026-07-19T06:35:40,NEFT,success
T0012696,A000841,A000128,14649,2026-07-19T06:36:55,UPI,success
T0009419,A000777,A001231,1337,2026-07-19T06:37:02,IMPS,success
T0010799,A000774,A000219,687,2026-07-19T06:37:48,NEFT,success
T0008548,A000735,A001043,35000,2026-07-19T06:40:23,NEFT,success
T0006812,A000832,A000414,502,2026-07-19T06:41:14,NEFT,success
T0009512,A000739,A000940,33984,2026-07-19T06:46:46,IMPS,success
T0008241,A000939,A000122,45627,2026-07-19T06:47:22,IMPS,success
T0002001,A000966,A000869,106224,2026-07-19T06:47:32,NEFT,success
T0007647,A001116,A000384,75659,2026-07-19T06:57:30,UPI,success
T0000538,A001116,A000298,270,2026-07-19T06:57:51,NEFT,failed
T0003130,A000254,A000191,1100,2026-07-19T07:03:08,IMPS,success
T0005986,A000074,A001213,7936,2026-07-19T07:05:31,IMPS,success
T0013418,A000574,A000694,232,2026-07-19T07:06:11,UPI,success
T0005331,A000244,A001060,15000,2026-07-19T07:06:33,UPI,success
T0002725,A000413,A000937,425,2026-07-19T07:07:46,IMPS,success
T0009271,A000411,A001085,222,2026-07-19T07:12:24,IMPS,success
T0012440,A000783,A000451,1287,2026-07-19T07:16:54,NEFT,success
T0011790,A000256,A000361,107,2026-07-19T07:20:06,IMPS,success
T0002439,A000720,A000157,2154,2026-07-19T07:20:17,UPI,success
T0007239,A000116,A001126,2457,2026-07-19T07:20:55,NEFT,success
T0012692,A000694,A001346,349,2026-07-19T07:21:31,UPI,success
T0012883,A001094,A000371,17274,2026-07-19T07:23:09,NEFT,success
T0007581,A000561,A001119,352,2026-07-19T07:25:15,NEFT,success
T0011984,A000390,A000179,668,2026-07-19T07:25:45,NEFT,success
T0009011,A000998,A000123,193,2026-07-19T07:26:02,UPI,success
T0000918,A000247,A001317,210,2026-07-19T07:26:26,IMPS,success
T0007769,A000372,A001371,100265,2026-07-19T07:31:23,IMPS,success
T0009381,A000108,A001335,25000,2026-07-19T07:37:33,IMPS,success
T0006368,A000075,A001209,1827,2026-07-19T07:39:19,UPI,success
T0000241,A000443,A001008,392,2026-07-19T07:40:01,UPI,success
T0010727,A001026,A001074,898,2026-07-19T07:42:47,NEFT,success
T0008966,A001187,A000748,80000,2026-07-19T07:43:44,IMPS,success
T0010743,A000732,A000296,1221,2026-07-19T07:55:06,IMPS,success
T0001104,A001039,A000661,11066,2026-07-19T07:55:29,NEFT,success
T0011508,A000186,A000880,15000,2026-07-19T08:00:50,UPI,success
T0003953,A000097,A000584,25000,2026-07-19T08:01:06,IMPS,success
T0008743,A000839,A000134,256,2026-07-19T08:04:16,UPI,success
T0011636,A000524,A000334,325,2026-07-19T08:05:55,IMPS,success
T0000820,A000318,A000260,1135,2026-07-19T08:06:53,IMPS,failed
T0014342,A000612,A000432,1773,2026-07-19T08:12:20,IMPS,failed
T0000990,A000041,A000746,238,2026-07-19T08:14:16,IMPS,success
T0008035,A000211,A000230,670,2026-07-19T08:14:30,IMPS,success
T0012804,A001119,A000174,80000,2026-07-19T08:14:43,IMPS,success
T0006793,A000150,A001315,17292,2026-07-19T08:15:09,UPI,success
T0010732,A000162,A000450,209,2026-07-19T08:16:45,IMPS,success
T0011715,A000615,A000570,1957,2026-07-19T08:19:31,NEFT,failed
T0001147,A000158,A000802,652,2026-07-19T08:21:20,NEFT,success
T0002995,A000369,A000379,1693,2026-07-19T08:25:15,IMPS,success
T0001326,A000496,A001164,76196,2026-07-19T08:27:21,IMPS,success
T0013840,A001011,A000683,40246,2026-07-19T08:27:25,NEFT,success
T0014532,A001233,A000074,1177,2026-07-19T08:29:33,IMPS,success
T0012598,A001005,A001012,1518,2026-07-19T08:35:43,IMPS,success
T0009109,A001003,A000981,27358,2026-07-19T08:39:11,IMPS,success
T0006894,A001278,A001119,627,2026-07-19T08:42:06,UPI,success
T0014886,A001238,A000984,1531,2026-07-19T08:43:31,NEFT,success
T0007553,A000423,A000934,95342,2026-07-19T08:43:55,UPI,success
T0007173,A000069,A000209,1346,2026-07-19T08:47:23,IMPS,success
T0014453,A000012,A000017,1229,2026-07-19T08:47:43,UPI,success
T0012494,A000277,A000840,5474,2026-07-19T08:53:03,IMPS,failed
T0014443,A000073,A000345,16568,2026-07-19T08:56:24,UPI,success
T0007864,A001268,A000147,1072,2026-07-19T09:00:56,NEFT,success
T0006273,A000663,A000913,8144,2026-07-19T09:16:23,IMPS,success
T0004116,A000342,A000806,15000,2026-07-19T09:23:54,UPI,success
T0014691,A000411,A001267,175,2026-07-19T09:25:42,NEFT,success
T0004738,A000627,A000571,5331,2026-07-19T09:28:13,NEFT,success
T0012952,A000745,A000788,3286,2026-07-19T09:29:59,IMPS,success
T0010611,A001304,A000836,654,2026-07-19T09:32:53,NEFT,success
T0009878,A000456,A000217,875,2026-07-19T09:37:10,NEFT,success
T0003831,A000532,A000903,55090,2026-07-19T09:40:06,IMPS,success
T0011362,A000955,A001251,15934,2026-07-19T09:42:57,UPI,success
T0012674,A001108,A000993,4730,2026-07-19T09:46:51,IMPS,success
T0014854,A000829,A000331,45766,2026-07-19T09:51:24,IMPS,success
T0007227,A000450,A000968,10109,2026-07-19T09:53:54,IMPS,success
T0010834,A000626,A001265,498,2026-07-19T09:53:59,NEFT,success
T0006634,A000100,A001021,1506,2026-07-19T09:54:27,NEFT,success
T0006028,A000791,A001187,1441,2026-07-19T09:57:08,UPI,success
T0013309,A001310,A000002,709,2026-07-19T09:58:35,NEFT,success
T0000576,A000301,A000182,392,2026-07-19T10:04:28,NEFT,success
T0006227,A001117,A001254,1535,2026-07-19T10:05:31,UPI,success
T0003287,A000283,A000189,1380,2026-07-19T10:06:33,IMPS,success
T0002230,A000494,A000968,6984,2026-07-19T10:10:39,NEFT,success
T0002961,A001092,A000629,773,2026-07-19T10:11:29,UPI,success
T0010816,A000566,A000761,80000,2026-07-19T10:12:33,NEFT,success
T0008541,A000383,A000993,1425,2026-07-19T10:13:44,IMPS,success
T0010435,A001297,A000798,1747,2026-07-19T10:14:18,IMPS,success
T0000813,A000248,A000266,650,2026-07-19T10:26:43,NEFT,success
T0006319,A000522,A000656,145,2026-07-19T10:31:23,IMPS,success
T0012546,A000935,A001201,168,2026-07-19T10:31:52,UPI,success
T0007955,A000236,A001126,65000,2026-07-19T10:37:33,IMPS,success
T0013843,A000811,A000423,578,2026-07-19T10:39:51,UPI,success
T0012839,A000571,A000894,1192,2026-07-19T10:42:58,NEFT,success
T0009415,A000253,A000422,599,2026-07-19T10:47:16,UPI,success
T0011994,A001379,A000785,532,2026-07-19T10:49:02,UPI,success
T0009009,A000568,A000832,44187,2026-07-19T10:51:05,NEFT,success
T0002279,A001104,A000224,10931,2026-07-19T10:56:13,NEFT,success
T0010108,A000275,A000993,916,2026-07-19T10:58:32,IMPS,success
T0008543,A001354,A000027,483,2026-07-19T10:58:57,UPI,success
T0001383,A000141,A001367,25848,2026-07-19T11:01:21,NEFT,success
T0002744,A000371,A000157,1785,2026-07-19T11:10:49,NEFT,success
T0008451,A000889,A000921,386,2026-07-19T11:11:20,UPI,success
T0004449,A001333,A000445,1796,2026-07-19T11:13:30,NEFT,success
T0013286,A000418,A000187,80000,2026-07-19T11:14:03,NEFT,success
T0008891,A000640,A000487,1001,2026-07-19T11:16:36,IMPS,success
T0001772,A000959,A000023,80000,2026-07-19T11:20:09,IMPS,success
T0011516,A000691,A000679,65000,2026-07-19T11:27:12,IMPS,success
T0002930,A001023,A000061,1687,2026-07-19T11:33:58,NEFT,success
T0013194,A000488,A001192,15000,2026-07-19T11:40:07,NEFT,success
T0001198,A001090,A001047,25000,2026-07-19T11:41:49,UPI,success
T0014634,A000718,A000072,3337,2026-07-19T11:43:37,NEFT,success
T0014540,A000508,A000482,602,2026-07-19T11:46:41,UPI,success
T0004376,A000027,A001302,30813,2026-07-19T11:52:12,IMPS,success
T0003879,A001159,A001038,20016,2026-07-19T11:58:42,NEFT,success
T0013743,A001356,A001019,1183,2026-07-19T11:59:20,UPI,success
T0003840,A000821,A001041,18518,2026-07-19T12:02:52,NEFT,success
T0005978,A001325,A000171,35000,2026-07-19T12:06:07,UPI,success
T0009064,A000207,A000354,20138,2026-07-19T12:06:11,IMPS,success
T0000472,A001248,A001179,26709,2026-07-19T12:07:07,IMPS,success
T0005344,A000612,A000614,851,2026-07-19T12:12:46,IMPS,success
T0014110,A000984,A000448,926,2026-07-19T12:13:20,IMPS,success
T0006343,A001351,A001247,858,2026-07-19T12:14:26,IMPS,success
T0002331,A000231,A001031,65710,2026-07-19T12:18:00,NEFT,success
T0000476,A000194,A000666,5000,2026-07-19T12:18:01,UPI,success
T0000632,A001227,A000602,47652,2026-07-19T12:18:23,IMPS,success
T0013832,A000999,A000750,856,2026-07-19T12:18:41,IMPS,success
T0002784,A000396,A001255,1022,2026-07-19T12:22:08,UPI,success
T0004313,A000442,A000695,1853,2026-07-19T12:30:19,UPI,success
T0013046,A001011,A001200,15000,2026-07-19T12:33:09,IMPS,success
T0012805,A000117,A000111,1351,2026-07-19T12:35:04,NEFT,success
T0008857,A001314,A000816,542,2026-07-19T12:35:29,NEFT,success
T0007144,A000978,A000687,4476,2026-07-19T12:41:16,IMPS,success
T0008942,A000650,A000041,124,2026-07-19T12:42:58,IMPS,success
T0000693,A000142,A000025,394,2026-07-19T12:48:12,UPI,success
T0005660,A001069,A001261,25000,2026-07-19T12:48:29,UPI,success
T0002189,A000802,A000082,12009,2026-07-19T12:50:57,NEFT,failed
T0006704,A000832,A000614,11555,2026-07-19T12:57:15,NEFT,success
T0012032,A001054,A000178,26065,2026-07-19T13:01:55,UPI,success
T0002476,A000622,A000172,15000,2026-07-19T13:06:17,UPI,success
T0008544,A000619,A000818,1052,2026-07-19T13:07:51,IMPS,success
T0014483,A001317,A001079,65000,2026-07-19T13:08:28,IMPS,success
T0007165,A000731,A001185,65000,2026-07-19T13:09:16,UPI,success
T0010403,A000992,A000446,6178,2026-07-19T13:10:17,UPI,success
T0010528,A000678,A001181,341,2026-07-19T13:11:23,IMPS,success
T0000200,A000719,A001122,769,2026-07-19T13:13:12,UPI,success
T0013569,A000934,A001121,58540,2026-07-19T13:14:16,IMPS,success
T0010021,A000435,A001357,602,2026-07-19T13:15:32,UPI,success
T0006212,A000429,A000129,20366,2026-07-19T13:16:47,NEFT,success
T0008904,A001332,A000751,80000,2026-07-19T13:17:16,NEFT,success
T0002648,A000464,A001312,50000,2026-07-19T13:17:39,NEFT,success
T0013912,A001189,A000021,80000,2026-07-19T13:18:48,NEFT,failed
T0011211,A000131,A001316,1912,2026-07-19T13:20:17,UPI,success
T0000727,A000448,A001344,35000,2026-07-19T13:21:07,NEFT,success
T0010935,A000502,A001294,1756,2026-07-19T13:21:58,NEFT,success
T0000601,A001232,A000456,1478,2026-07-19T13:27:25,IMPS,success
T0004563,A001367,A000231,4118,2026-07-19T13:32:07,IMPS,success
T0013765,A000980,A000403,833,2026-07-19T13:32:56,IMPS,success
T0013527,A001106,A000278,2100,2026-07-19T13:37:39,NEFT,success
T0003588,A000545,A001033,80000,2026-07-19T13:45:18,IMPS,success
T0004386,A000585,A000595,13238,2026-07-19T13:55:14,IMPS,success
T0010151,A000124,A000063,294,2026-07-19T13:58:17,NEFT,success
T0012098,A001262,A001101,400,2026-07-19T14:01:58,IMPS,success
T0012752,A000289,A000814,2068,2026-07-19T14:07:07,IMPS,success
T0005056,A001189,A000902,97,2026-07-19T14:08:34,NEFT,success
T0009144,A000280,A000642,1301,2026-07-19T14:09:02,NEFT,success
T0000537,A000058,A000542,39151,2026-07-19T14:09:07,IMPS,success
T0009753,A000414,A000666,1479,2026-07-19T14:09:22,IMPS,success
T0013802,A001291,A000973,1335,2026-07-19T14:11:25,NEFT,success
T0012852,A001363,A000201,925,2026-07-19T14:13:13,UPI,success
T0003895,A000903,A000500,25000,2026-07-19T14:21:12,UPI,success
T0002585,A000605,A001303,80000,2026-07-19T14:23:21,UPI,success
T0003987,A001049,A000534,335,2026-07-19T14:31:15,UPI,success
T0007907,A001176,A000496,865,2026-07-19T14:40:38,UPI,success
T0010046,A001149,A000755,529,2026-07-19T14:42:33,UPI,failed
T0003530,A000472,A000886,20015,2026-07-19T14:43:23,IMPS,success
T0008561,A000711,A000136,1619,2026-07-19T14:46:13,NEFT,success
T0002996,A000698,A000827,856,2026-07-19T14:46:15,NEFT,success
T0013088,A000989,A000772,16411,2026-07-19T14:52:35,NEFT,success
T0011480,A000094,A000526,7192,2026-07-19T14:52:44,NEFT,success
T0001527,A000816,A000579,766,2026-07-19T14:57:52,UPI,success
T0014689,A000590,A000565,22371,2026-07-19T15:00:08,NEFT,success
T0007672,A000547,A001323,1040,2026-07-19T15:01:55,IMPS,success
T0009876,A001236,A000586,7690,2026-07-19T15:02:26,IMPS,success
T0008795,A001155,A000251,1266,2026-07-19T15:03:38,NEFT,success
T0000792,A000964,A000997,948,2026-07-19T15:07:10,UPI,success
T0001884,A000209,A000933,35000,2026-07-19T15:19:03,UPI,success
T0006327,A000165,A000874,713,2026-07-19T15:20:24,NEFT,success
T0006103,A000931,A000460,16883,2026-07-19T15:22:06,IMPS,success
T0004859,A000335,A001069,295,2026-07-19T15:23:08,IMPS,success
T0006021,A000991,A001114,34470,2026-07-19T15:24:25,NEFT,success
T0004780,A000842,A000642,241,2026-07-19T15:25:16,UPI,success
T0014379,A000701,A000174,15000,2026-07-19T15:26:27,NEFT,success
T0002165,A001254,A001299,59249,2026-07-19T15:33:45,IMPS,success
T0003480,A000756,A001106,3064,2026-07-19T15:35:50,NEFT,success
T0012195,A000697,A000737,128359,2026-07-19T15:36:42,IMPS,success
T0000167,A000565,A000506,318,2026-07-19T15:36:54,IMPS,success
T0003844,A001177,A001062,54218,2026-07-19T15:41:21,UPI,success
T0002865,A000162,A000308,35000,2026-07-19T15:41:57,IMPS,success
T0014116,A000792,A000314,496,2026-07-19T15:45:58,UPI,success
T0012415,A001261,A000971,80000,2026-07-19T15:47:19,UPI,success
T0005592,A000097,A000707,2189,2026-07-19T15:48:44,UPI,success
T0008003,A000863,A000205,1057,2026-07-19T15:52:14,IMPS,success
T0007767,A000593,A001271,718,2026-07-19T15:54:12,NEFT,success
T0012009,A000745,A000308,127,2026-07-19T15:54:37,IMPS,success
T0001183,A000718,A000886,462,2026-07-19T16:05:19,UPI,failed
T0004610,A000972,A000271,65000,2026-07-19T16:06:03,NEFT,success
T0014372,A000426,A000008,945,2026-07-19T16:10:09,UPI,success
T0003731,A001146,A000928,504,2026-07-19T16:17:39,UPI,success
T0002752,A000208,A000540,58458,2026-07-19T16:18:35,IMPS,success
T0003906,A000834,A001113,3384,2026-07-19T16:24:34,IMPS,success
T0013434,A001144,A000451,1381,2026-07-19T16:25:06,IMPS,success
T0000689,A000216,A001225,1707,2026-07-19T16:28:17,IMPS,success
T0007885,A000411,A000540,1461,2026-07-19T16:29:43,NEFT,success
T0005875,A000480,A001223,2619,2026-07-19T16:29:50,UPI,success
T0010888,A001010,A000430,65000,2026-07-19T16:30:41,UPI,success
T0002627,A000673,A000544,1221,2026-07-19T16:32:02,IMPS,success
T0007797,A000484,A000747,10436,2026-07-19T16:32:48,UPI,success
T0001832,A001097,A000397,26915,2026-07-19T16:37:01,NEFT,success
T0010620,A000652,A000697,38359,2026-07-19T16:42:29,IMPS,success
T0004199,A000070,A000108,1000,2026-07-19T16:42:35,UPI,success
T0008920,A000592,A000379,2291,2026-07-19T16:42:54,IMPS,success
T0006183,A000141,A001016,3731,2026-07-19T16:46:12,IMPS,success
T0007178,A001328,A000958,1339,2026-07-19T16:47:49,NEFT,success
T0012459,A001303,A000046,770,2026-07-19T16:48:21,UPI,success
T0005625,A000294,A000547,35000,2026-07-19T16:50:53,NEFT,success
T0013622,A001258,A000266,108,2026-07-19T16:56:54,NEFT,success
T0011434,A001008,A001235,80000,2026-07-19T16:56:58,IMPS,success
T0005012,A000421,A000992,35000,2026-07-19T16:57:43,NEFT,success
T0013474,A000715,A000068,808,2026-07-19T17:00:24,NEFT,success
T0000335,A000080,A001197,185,2026-07-19T17:03:02,UPI,success
T0003972,A000843,A000894,3309,2026-07-19T17:05:42,IMPS,success
T0013934,A000305,A000389,911,2026-07-19T17:07:45,NEFT,success
T0008614,A000933,A000815,785,2026-07-19T17:11:04,UPI,success
T0005590,A001269,A000334,11452,2026-07-19T17:16:02,IMPS,success
T0010199,A000690,A000156,156,2026-07-19T17:16:44,IMPS,success
T0007711,A000383,A000146,38093,2026-07-19T17:22:40,NEFT,success
T0013442,A000133,A000805,1644,2026-07-19T17:23:09,NEFT,success
T0004056,A000581,A001375,24206,2026-07-19T17:27:56,NEFT,success
T0001235,A000325,A000643,1488,2026-07-19T17:30:06,IMPS,success
T0011528,A001343,A000379,15000,2026-07-19T17:34:44,UPI,success
T0002274,A000769,A000176,29312,2026-07-19T17:34:50,IMPS,success
T0006264,A000927,A001173,1284,2026-07-19T17:35:12,UPI,success
T0014933,A000923,A000859,65000,2026-07-19T17:37:39,UPI,success
T0008361,A000544,A001114,759,2026-07-19T17:40:39,IMPS,success
T0009403,A000975,A000699,801,2026-07-19T17:40:56,NEFT,success
T0013397,A000291,A001264,7058,2026-07-19T17:43:41,IMPS,success
T0007989,A001012,A000961,28781,2026-07-19T17:45:25,NEFT,success
T0013736,A001164,A000717,12270,2026-07-19T18:06:32,UPI,success
T0012181,A001134,A001143,159,2026-07-19T18:07:04,UPI,success
T0006649,A000894,A000763,355,2026-07-19T18:08:56,IMPS,success
T0009173,A000126,A001356,457,2026-07-19T18:17:49,NEFT,success
T0006823,A001332,A001140,15000,2026-07-19T18:18:23,UPI,success
T0003254,A000110,A000193,213,2026-07-19T18:18:43,UPI,success
T0014930,A000298,A000747,16779,2026-07-19T18:23:24,NEFT,success
T0009840,A000984,A001365,15000,2026-07-19T18:24:04,UPI,success
T0003027,A000363,A001029,25000,2026-07-19T18:24:41,NEFT,success
T0007707,A000523,A000874,3196,2026-07-19T18:26:09,UPI,success
T0014124,A001050,A001137,3845,2026-07-19T18:29:31,IMPS,success
T0006276,A001336,A000769,347,2026-07-19T18:32:36,IMPS,success
T0003170,A001273,A000611,1079,2026-07-19T18:32:49,IMPS,success
T0002810,A001022,A000623,25543,2026-07-19T18:39:03,NEFT,success
T0011000,A001308,A000695,1515,2026-07-19T18:41:11,NEFT,success
T0013344,A001267,A000512,80000,2026-07-19T18:41:47,UPI,success
T0008381,A000393,A000861,128,2026-07-19T18:42:14,NEFT,success
T0003554,A000057,A001120,27790,2026-07-19T18:43:23,IMPS,success
T0014010,A001332,A000266,571,2026-07-19T18:45:24,UPI,success
T0011308,A000701,A000634,29456,2026-07-19T18:46:08,NEFT,success
T0004414,A000609,A000611,536,2026-07-19T18:47:13,NEFT,success
T0011415,A001299,A000329,30870,2026-07-19T18:51:07,NEFT,success
T0000720,A000471,A000353,364,2026-07-19T18:51:41,UPI,success
T0012122,A001156,A000644,58265,2026-07-19T18:52:26,NEFT,success
T0014907,A000304,A000210,190635,2026-07-19T18:55:26,IMPS,success
T0001394,A000716,A000725,1948,2026-07-19T18:56:31,IMPS,success
T0011594,A000938,A000140,541,2026-07-19T18:56:31,IMPS,success
T0014079,A000776,A000622,12938,2026-07-19T18:57:19,UPI,success
T0004141,A000402,A000928,8764,2026-07-19T19:00:10,IMPS,success
T0006656,A001069,A000900,5432,2026-07-19T19:03:58,NEFT,success
T0003559,A000899,A000833,722,2026-07-19T19:06:18,NEFT,success
T0001416,A000481,A000170,2370,2026-07-19T19:06:36,UPI,success
T0010634,A001357,A001243,979,2026-07-19T19:06:36,IMPS,success
T0012560,A000881,A000796,1032,2026-07-19T19:07:34,IMPS,success
T0014885,A000295,A000730,128,2026-07-19T19:09:13,IMPS,success
T0001602,A001256,A001099,80000,2026-07-19T19:11:29,UPI,success
T0012773,A000908,A000251,1251,2026-07-19T19:12:54,UPI,success
T0012000,A000133,A000230,80000,2026-07-19T19:13:09,UPI,success
T0013690,A000877,A000285,502,2026-07-19T19:17:04,IMPS,success
T0012889,A001355,A000945,346,2026-07-19T19:20:49,IMPS,success
T0004611,A000002,A000441,18090,2026-07-19T19:21:41,IMPS,success
T0007596,A000161,A000354,1851,2026-07-19T19:23:10,UPI,success
T0002259,A000250,A000239,924,2026-07-19T19:23:54,UPI,success
T0008644,A000973,A000997,20654,2026-07-19T19:25:09,UPI,success
T0004713,A000334,A000664,428,2026-07-19T19:26:40,NEFT,success
T0001447,A000092,A000581,2984,2026-07-19T19:30:19,IMPS,success
T0000593,A000756,A000573,294,2026-07-19T19:30:44,NEFT,success
T0001370,A000032,A000164,951,2026-07-19T19:31:24,IMPS,success
T0012409,A001163,A001239,11305,2026-07-19T19:37:16,IMPS,success
T0011655,A001354,A000804,513,2026-07-19T19:40:08,IMPS,success
T0011116,A001367,A001216,2067,2026-07-19T19:42:21,NEFT,failed
T0000744,A000458,A000124,425,2026-07-19T19:43:50,UPI,success
T0012556,A000340,A000764,80000,2026-07-19T19:53:55,IMPS,success
T0011056,A000376,A001074,10275,2026-07-19T19:57:43,UPI,success
T0008143,A001291,A000693,65000,2026-07-19T20:05:31,NEFT,success
T0001303,A000762,A000649,834,2026-07-19T20:11:46,UPI,success
T0003111,A001169,A000624,187,2026-07-19T20:14:20,IMPS,success
T0011208,A000204,A001354,8620,2026-07-19T20:15:31,IMPS,success
T0007609,A000573,A000576,1319,2026-07-19T20:21:11,UPI,success
T0012437,A001366,A000319,50000,2026-07-19T20:24:56,IMPS,success
T0003165,A000704,A000045,939,2026-07-19T20:25:16,IMPS,success
T0014004,A000744,A000980,50000,2026-07-19T20:27:02,NEFT,success
T0000398,A000686,A001281,3371,2026-07-19T20:29:24,IMPS,success
T0010687,A000766,A000822,130,2026-07-19T20:29:27,IMPS,success
T0005131,A001319,A000014,981,2026-07-19T20:30:12,UPI,success
T0014369,A001274,A000116,24903,2026-07-19T20:33:24,IMPS,success
T0013555,A000299,A001082,32703,2026-07-19T20:33:26,NEFT,success
T0012090,A000307,A000152,630,2026-07-19T20:33:32,IMPS,success
T0002980,A000174,A000900,187244,2026-07-19T20:35:45,IMPS,success
T0012659,A000647,A000424,1427,2026-07-19T20:36:41,IMPS,success
T0011704,A001237,A000590,729,2026-07-19T20:39:19,UPI,success
T0003878,A000513,A000828,12931,2026-07-19T20:39:39,IMPS,success
T0003420,A000244,A000481,2966,2026-07-19T20:45:01,IMPS,success
T0007486,A001305,A000938,462,2026-07-19T20:46:43,IMPS,success
T0003050,A000254,A000851,607,2026-07-19T20:47:52,NEFT,success
T0005159,A000379,A000198,19047,2026-07-19T20:48:41,IMPS,success
T0004708,A000059,A000351,6553,2026-07-19T20:48:59,IMPS,success
T0007992,A000162,A000838,24626,2026-07-19T20:57:28,UPI,success
T0005973,A001330,A000402,671,2026-07-19T21:02:15,UPI,success
T0003698,A000104,A001254,8385,2026-07-19T21:04:48,NEFT,success
T0001915,A001095,A000218,476,2026-07-19T21:05:21,UPI,success
T0014926,A000077,A001306,344,2026-07-19T21:06:56,UPI,success
T0014636,A000370,A000944,27630,2026-07-19T21:08:31,UPI,success
T0014228,A000230,A000786,717,2026-07-19T21:11:34,UPI,success
T0013423,A001331,A001190,866,2026-07-19T21:12:45,UPI,success
T0013125,A000068,A000209,65000,2026-07-19T21:20:29,NEFT,success
T0001784,A001366,A000534,25168,2026-07-19T21:20:59,IMPS,success
T0000566,A000927,A000872,25000,2026-07-19T21:26:06,UPI,success
T0001533,A001185,A000706,1476,2026-07-19T21:26:59,IMPS,failed
T0012794,A000220,A000034,1324,2026-07-19T21:29:14,NEFT,success
T0004795,A000413,A000955,1932,2026-07-19T21:29:23,UPI,success
T0001836,A000301,A001300,247,2026-07-19T21:30:18,IMPS,success
T0005563,A000696,A000121,324,2026-07-19T21:32:18,IMPS,success
T0002370,A000438,A001127,13993,2026-07-19T21:32:41,IMPS,success
T0012428,A000556,A001228,19852,2026-07-19T21:33:06,NEFT,success
T0004695,A000928,A000570,189,2026-07-19T21:33:09,IMPS,success
T0005477,A000190,A000539,552,2026-07-19T21:38:20,NEFT,success
T0010384,A001079,A001029,556,2026-07-19T21:39:42,UPI,success
T0014729,A000111,A000633,1135,2026-07-19T21:40:48,NEFT,success
T0013693,A000676,A001098,5000,2026-07-19T21:43:55,NEFT,success
T0010577,A000327,A000312,40099,2026-07-19T21:51:26,NEFT,success
T0011047,A000491,A000760,871,2026-07-19T21:51:35,UPI,success
T0000355,A000593,A000284,1632,2026-07-19T21:54:44,NEFT,success
T0010112,A001247,A000096,275,2026-07-19T21:57:02,UPI,success
T0010364,A000366,A000331,1300,2026-07-19T21:59:37,UPI,success
T0012179,A001033,A000142,493,2026-07-19T22:00:53,NEFT,success
T0010686,A000341,A000422,403,2026-07-19T22:05:06,IMPS,success
T0014569,A000649,A001164,462,2026-07-19T22:10:55,IMPS,success
T0001353,A000679,A001204,25000,2026-07-19T22:11:15,NEFT,success
T0003813,A000945,A000757,80000,2026-07-19T22:13:40,UPI,success
T0003742,A000636,A000009,819,2026-07-19T22:15:13,IMPS,success
T0003378,A000795,A000826,70416,2026-07-19T22:16:12,UPI,success
T0005221,A000419,A000320,25000,2026-07-19T22:18:57,IMPS,success
T0012408,A001015,A000590,5390,2026-07-19T22:19:52,IMPS,success
T0011740,A000021,A001018,90253,2026-07-19T22:23:37,UPI,success
T0011377,A001284,A000940,196,2026-07-19T22:23:41,UPI,success
T0003847,A000581,A000224,721,2026-07-19T22:26:09,IMPS,success
T0011061,A001269,A000265,1312,2026-07-19T22:33:15,UPI,success
T0004001,A000088,A001143,118,2026-07-19T22:37:26,NEFT,success
T0005369,A000430,A001323,50000,2026-07-19T22:41:54,IMPS,success
T0006457,A001034,A000728,484,2026-07-19T22:44:04,IMPS,failed
T0009699,A000454,A000993,1851,2026-07-19T22:46:36,NEFT,success
T0014898,A000970,A000959,381,2026-07-19T22:48:00,IMPS,success
T0006110,A000069,A000813,434,2026-07-19T22:49:37,IMPS,success
T0006734,A000942,A000752,1934,2026-07-19T22:50:52,IMPS,success
T0011239,A000144,A000402,52997,2026-07-19T22:53:57,UPI,success
T0009742,A000147,A000216,137,2026-07-19T22:55:55,UPI,success
T0011315,A001335,A000943,663,2026-07-19T22:58:24,NEFT,success
T0006965,A001160,A000267,419,2026-07-19T22:59:26,IMPS,success
T0008104,A000322,A000071,50000,2026-07-19T23:00:21,NEFT,success
T0000331,A001112,A000211,1275,2026-07-19T23:03:29,NEFT,success
T0003797,A000972,A000950,516,2026-07-19T23:04:05,NEFT,success
T0006613,A001284,A001173,16986,2026-07-19T23:04:09,IMPS,success
T0003240,A000463,A000915,144,2026-07-19T23:13:18,NEFT,success
T0010507,A001107,A001249,52060,2026-07-19T23:14:09,IMPS,success
T0009676,A000878,A000060,1038,2026-07-19T23:20:47,IMPS,success
T0002447,A000061,A000149,990,2026-07-19T23:21:17,NEFT,success
T0003373,A000397,A000383,448,2026-07-19T23:21:52,UPI,success
T0012426,A000854,A000381,1834,2026-07-19T23:24:11,NEFT,success
T0004586,A001319,A000353,1217,2026-07-19T23:27:09,UPI,success
T0011106,A000397,A000383,288,2026-07-19T23:32:20,NEFT,success
T0012864,A000055,A000384,407,2026-07-19T23:32:23,UPI,success
T0002194,A000097,A000106,189,2026-07-19T23:33:11,UPI,success
T0002666,A000065,A000099,50000,2026-07-19T23:34:10,IMPS,success
T0005345,A000678,A000097,6435,2026-07-19T23:41:53,UPI,success
T0003540,A000205,A001179,275,2026-07-19T23:42:09,NEFT,success
T0003824,A001009,A001266,874,2026-07-19T23:43:33,IMPS,success
T0013083,A000928,A000616,21739,2026-07-19T23:43:33,IMPS,success
T0006556,A000775,A001380,314,2026-07-19T23:43:35,UPI,success
T0001819,A000785,A000177,67750,2026-07-19T23:47:15,UPI,success
T0009451,A000342,A000206,468,2026-07-19T23:52:05,NEFT,success
T0003160,A000097,A000794,2803,2026-07-19T23:52:17,UPI,success
T0002636,A000405,A000490,527,2026-07-19T23:56:13,NEFT,success
T0002311,A000271,A001379,655,2026-07-19T23:58:33,UPI,success
T0005053,A000727,A001260,48359,2026-07-20T00:02:52,NEFT,success
T0003013,A001259,A001270,495,2026-07-20T00:02:58,IMPS,success
T0009090,A000624,A000215,1402,2026-07-20T00:03:34,UPI,success
T0013369,A001305,A001376,6906,2026-07-20T00:06:25,UPI,success
T0001346,A000480,A001300,576,2026-07-20T00:06:44,IMPS,success
T0013202,A001230,A001094,698,2026-07-20T00:07:45,IMPS,success
T0010017,A000580,A000676,1063,2026-07-20T00:09:54,NEFT,success
T0005670,A000045,A001221,42836,2026-07-20T00:10:15,NEFT,success
T0012444,A001279,A000880,80000,2026-07-20T00:13:29,NEFT,success
T0012242,A000734,A000498,229,2026-07-20T00:14:11,NEFT,success
T0006575,A000137,A000687,67084,2026-07-20T00:15:43,NEFT,success
T0000909,A000896,A001258,65000,2026-07-20T00:17:14,IMPS,success
T0000646,A000540,A000241,1273,2026-07-20T00:19:28,IMPS,success
T0006558,A001380,A000563,1052,2026-07-20T00:19:57,IMPS,success
T0003572,A000141,A001226,55010,2026-07-20T00:21:41,IMPS,success
T0001256,A000861,A000907,1167,2026-07-20T00:23:48,UPI,success
T0013131,A000412,A000018,15000,2026-07-20T00:27:35,UPI,success
T0002096,A000565,A000039,50000,2026-07-20T00:29:34,IMPS,success
T0012950,A000124,A000604,528,2026-07-20T00:32:16,IMPS,success
T0010014,A001294,A000882,474,2026-07-20T00:32:55,NEFT,success
T0001848,A001017,A001339,2736,2026-07-20T00:37:19,UPI,success
T0008217,A000070,A001176,65000,2026-07-20T00:46:53,UPI,success
T0005799,A000360,A000006,968,2026-07-20T00:47:18,NEFT,success
T0010125,A000034,A001185,7943,2026-07-20T00:50:26,IMPS,success
T0009684,A000537,A000843,19889,2026-07-20T00:51:03,UPI,success
T0009519,A000994,A001160,204,2026-07-20T00:51:04,NEFT,failed
T0002258,A000435,A001302,248,2026-07-20T00:51:55,NEFT,success
T0012572,A001113,A001029,1639,2026-07-20T00:53:49,IMPS,success
T0009737,A000417,A001335,866,2026-07-20T00:55:49,IMPS,success
T0013028,A001241,A000233,5252,2026-07-20T01:03:40,UPI,success
T0009792,A000631,A000733,233,2026-07-20T01:03:50,NEFT,success
T0010485,A000567,A000481,397,2026-07-20T01:05:19,IMPS,success
T0012511,A000808,A000264,158965,2026-07-20T01:13:51,NEFT,success
T0014006,A000315,A001027,148,2026-07-20T01:15:27,IMPS,success
T0003757,A000569,A000626,50000,2026-07-20T01:15:29,IMPS,success
T0012899,A000743,A000563,3280,2026-07-20T01:20:59,UPI,success
T0003144,A000436,A001239,361,2026-07-20T01:25:31,IMPS,success
T0005375,A000803,A000289,761,2026-07-20T01:29:56,NEFT,success
T0005393,A001167,A001347,17311,2026-07-20T01:30:49,IMPS,success
T0006919,A000652,A000934,1281,2026-07-20T01:31:10,IMPS,failed
T0003211,A001054,A000362,60013,2026-07-20T01:31:27,UPI,success
T0010542,A000474,A000024,3828,2026-07-20T01:32:52,UPI,success
T0010643,A000351,A000798,3931,2026-07-20T01:37:24,NEFT,success
T0000351,A001098,A000005,6296,2026-07-20T01:38:51,NEFT,success
T0011842,A000881,A000673,118781,2026-07-20T01:45:03,NEFT,success
T0009412,A000958,A000472,22957,2026-07-20T01:50:33,NEFT,success
T0003873,A001219,A001240,15000,2026-07-20T01:54:20,NEFT,success
T0003515,A001307,A001199,3013,2026-07-20T01:55:35,IMPS,success
T0009679,A001296,A000618,574,2026-07-20T01:57:05,IMPS,success
T0006215,A000289,A000826,50000,2026-07-20T01:58:32,IMPS,success
T0008681,A000742,A001289,1042,2026-07-20T01:59:01,NEFT,success
T0010474,A001030,A000171,7182,2026-07-20T02:03:40,UPI,success
T0001911,A000660,A000830,6920,2026-07-20T02:06:47,NEFT,success
T0003149,A000356,A001187,3015,2026-07-20T02:08:52,UPI,success
T0004346,A000747,A000015,361,2026-07-20T02:12:22,IMPS,success
T0014971,A000626,A000612,228,2026-07-20T02:13:04,NEFT,success
T0010921,A000820,A000182,47509,2026-07-20T02:13:12,UPI,success
T0014652,A000942,A000908,1071,2026-07-20T02:18:17,NEFT,success
T0009447,A000685,A000353,5000,2026-07-20T02:19:54,IMPS,success
T0009874,A000583,A000237,950,2026-07-20T02:20:58,IMPS,success
T0013111,A000521,A001045,588,2026-07-20T02:25:51,NEFT,success
T0003083,A000897,A000678,281,2026-07-20T02:27:28,UPI,success
T0006186,A000582,A000755,27849,2026-07-20T02:27:35,IMPS,success
T0010516,A000831,A000020,26850,2026-07-20T02:30:03,UPI,success
T0012730,A000096,A000465,960,2026-07-20T02:34:35,UPI,success
T0000592,A000978,A000305,40139,2026-07-20T02:36:59,IMPS,success
T0003238,A001200,A000822,610,2026-07-20T02:38:09,IMPS,success
T0012807,A000987,A000639,387,2026-07-20T02:41:50,NEFT,success
T0002143,A000098,A000205,900,2026-07-20T02:51:52,UPI,success
T0012063,A000758,A000213,2955,2026-07-20T02:52:26,NEFT,success
T0004811,A000601,A000517,4160,2026-07-20T02:59:09,UPI,success
T0012840,A000117,A001052,65000,2026-07-20T03:03:29,NEFT,success
T0010296,A001209,A001171,32842,2026-07-20T03:03:49,UPI,success
T0010322,A000796,A000728,379,2026-07-20T03:05:52,UPI,success
T0010556,A001258,A001087,269,2026-07-20T03:11:36,UPI,success
T0012967,A001371,A001359,191,2026-07-20T03:13:35,NEFT,success
T0001466,A000537,A000570,15183,2026-07-20T03:19:36,NEFT,success
T0014222,A000634,A000416,1914,2026-07-20T03:21:04,UPI,success
T0001678,A000310,A000398,80000,2026-07-20T03:25:20,UPI,success
T0009046,A000218,A001295,52,2026-07-20T03:25:59,NEFT,success
T0005970,A001148,A000770,1229,2026-07-20T03:29:31,NEFT,success
T0002079,A001240,A000010,1191,2026-07-20T03:30:53,UPI,success
T0002971,A000036,A000827,25000,2026-07-20T03:31:45,UPI,success
T0005849,A000690,A000778,726,2026-07-20T03:40:49,NEFT,success
T0005546,A000357,A000280,461,2026-07-20T03:41:20,NEFT,success
T0003975,A000541,A000970,384,2026-07-20T03:49:03,IMPS,success
T0007254,A001210,A001215,9024,2026-07-20T03:52:16,NEFT,success
T0004653,A000091,A001266,757,2026-07-20T03:52:30,NEFT,success
T0005892,A001205,A000704,1543,2026-07-20T03:52:48,NEFT,success
T0006661,A000998,A000641,429,2026-07-20T03:53:26,NEFT,success
T0012591,A000971,A001322,309,2026-07-20T03:55:05,UPI,success
T0001923,A000662,A000878,1184,2026-07-20T03:58:27,IMPS,success
T0005184,A000685,A000113,153902,2026-07-20T04:02:47,IMPS,success
T0005883,A000532,A000438,231,2026-07-20T04:03:30,UPI,success
T0000869,A000442,A000482,872,2026-07-20T04:04:22,NEFT,failed
T0002250,A001348,A000591,59236,2026-07-20T04:08:36,NEFT,success
T0000885,A000882,A000721,1712,2026-07-20T04:10:49,UPI,success
T0006249,A000956,A000312,842,2026-07-20T04:12:31,UPI,success
T0006414,A000484,A000795,3365,2026-07-20T04:13:41,NEFT,success
T0000407,A001198,A000121,662,2026-07-20T04:18:43,IMPS,success
T0000348,A001131,A000884,663,2026-07-20T04:19:04,NEFT,success
T0000182,A000638,A000032,151,2026-07-20T04:19:26,NEFT,success
T0002090,A001145,A000486,1105,2026-07-20T04:25:18,IMPS,success
T0002045,A000142,A001031,3579,2026-07-20T04:25:40,IMPS,success
T0003965,A001138,A001202,25000,2026-07-20T04:26:46,UPI,success
T0004178,A000655,A000474,410,2026-07-20T04:26:59,NEFT,success
T0005019,A000376,A000444,476,2026-07-20T04:30:21,NEFT,success
T0009267,A000449,A000113,453,2026-07-20T04:30:35,UPI,success
T0005127,A001017,A000947,52850,2026-07-20T04:30:39,UPI,success
T0007693,A000496,A001083,2053,2026-07-20T04:34:08,UPI,success
T0010311,A000695,A000137,35000,2026-07-20T04:35:32,NEFT,success
T0010288,A001113,A000916,112447,2026-07-20T04:42:18,UPI,success
T0007821,A000437,A000312,405,2026-07-20T04:46:21,UPI,success
T0014345,A000007,A001339,2570,2026-07-20T04:46:43,UPI,success
T0011534,A000765,A000663,852,2026-07-20T04:49:33,IMPS,success
T0006543,A000891,A001246,1732,2026-07-20T04:51:59,NEFT,success
T0003039,A001043,A000840,65000,2026-07-20T04:53:54,UPI,success
T0014395,A001107,A000270,45055,2026-07-20T04:58:52,IMPS,success
T0014567,A000790,A000889,65000,2026-07-20T05:04:07,NEFT,success
T0008716,A000785,A000697,10590,2026-07-20T05:05:11,NEFT,success
T0005520,A001201,A000367,15750,2026-07-20T05:09:39,UPI,success
T0001577,A000762,A001040,1116,2026-07-20T05:12:00,NEFT,success
T0003658,A000942,A001315,1673,2026-07-20T05:24:34,NEFT,success
T0012266,A000167,A000359,10755,2026-07-20T05:25:00,UPI,success
T0005758,A000484,A000376,190,2026-07-20T05:29:04,IMPS,success
T0013974,A000925,A000287,15000,2026-07-20T05:31:30,NEFT,success
T0007114,A000128,A000636,805,2026-07-20T05:36:17,IMPS,success
T0008127,A000342,A000973,3451,2026-07-20T05:37:11,NEFT,success
T0002539,A001364,A001029,150,2026-07-20T05:45:40,NEFT,success
T0007251,A000768,A000631,509,2026-07-20T05:46:56,UPI,success
T0007528,A000829,A000809,5705,2026-07-20T05:48:09,IMPS,success
T0008551,A000955,A000420,4827,2026-07-20T05:48:25,NEFT,success
T0003209,A001327,A000156,418,2026-07-20T05:56:02,NEFT,success
T0007341,A000415,A000830,938,2026-07-20T05:58:43,NEFT,success
T0012821,A000355,A000433,5513,2026-07-20T05:59:02,IMPS,success
T0004526,A000112,A000514,12540,2026-07-20T06:00:24,UPI,success
T0013499,A001081,A001336,26013,2026-07-20T06:04:23,NEFT,success
T0005116,A000132,A000896,501,2026-07-20T06:04:44,NEFT,failed
T0005764,A000815,A000025,2936,2026-07-20T06:07:09,NEFT,success
T0007291,A001152,A000264,2742,2026-07-20T06:09:57,NEFT,success
T0003247,A000376,A000221,14106,2026-07-20T06:10:49,IMPS,success
T0014716,A000022,A000053,1314,2026-07-20T06:15:07,NEFT,success
T0004504,A001055,A000713,20500,2026-07-20T06:16:34,UPI,success
T0010118,A001271,A000031,354,2026-07-20T06:18:38,UPI,success
T0013217,A000917,A001283,165,2026-07-20T06:20:09,NEFT,success
T0013239,A001232,A001156,35000,2026-07-20T06:22:02,UPI,success
T0002405,A001359,A001314,80000,2026-07-20T06:22:04,UPI,success
T0006768,A001002,A000404,1854,2026-07-20T06:27:11,UPI,success
T0006153,A000731,A000347,299,2026-07-20T06:27:43,NEFT,success
T0000872,A000516,A000732,1280,2026-07-20T06:32:54,UPI,success
T0011928,A001271,A001093,422,2026-07-20T06:36:32,NEFT,success
T0010431,A000174,A000016,950,2026-07-20T06:37:08,NEFT,success
T0011654,A000860,A001297,1149,2026-07-20T06:37:58,NEFT,success
T0003466,A000141,A000905,380,2026-07-20T06:49:33,NEFT,success
T0012516,A001023,A000289,3368,2026-07-20T06:50:10,UPI,success
T0004251,A001119,A000269,522,2026-07-20T06:53:21,UPI,success
T0010944,A000359,A000624,1045,2026-07-20T06:53:25,IMPS,success
T0000816,A001085,A000582,81704,2026-07-20T06:54:45,IMPS,success
T0009161,A001207,A000937,1619,2026-07-20T07:06:41,UPI,success
T0001828,A000568,A000333,500,2026-07-20T07:09:28,NEFT,success
T0007428,A000343,A000877,7871,2026-07-20T07:11:47,NEFT,success
T0006287,A000754,A000226,183,2026-07-20T07:15:39,NEFT,success
T0010247,A000818,A000845,5000,2026-07-20T07:15:47,UPI,success
T0013509,A000367,A000668,546,2026-07-20T07:17:41,IMPS,success
T0010372,A000365,A000660,2672,2026-07-20T07:18:37,UPI,success
T0003995,A000744,A000118,255,2026-07-20T07:19:03,UPI,success
T0005395,A000830,A000565,408,2026-07-20T07:21:40,NEFT,success
T0003580,A000605,A001190,921,2026-07-20T07:22:32,NEFT,success
T0008969,A001020,A000434,5317,2026-07-20T07:22:32,NEFT,success
T0002377,A001117,A000699,2831,2026-07-20T07:25:25,IMPS,success
T0000587,A000808,A000522,1783,2026-07-20T07:26:41,NEFT,success
T0013349,A001038,A000256,534,2026-07-20T07:30:33,IMPS,success
T0008105,A001105,A001033,343,2026-07-20T07:38:36,UPI,success
T0013157,A000721,A000254,1392,2026-07-20T07:40:57,IMPS,success
T0003644,A000240,A000862,6522,2026-07-20T07:41:24,UPI,success
T0011098,A001235,A001048,761,2026-07-20T07:44:25,IMPS,success
T0001365,A000210,A000817,45322,2026-07-20T07:48:29,IMPS,success
T0006764,A000339,A000563,407,2026-07-20T07:50:57,NEFT,success
T0009214,A001369,A001063,1608,2026-07-20T07:53:01,UPI,success
T0012160,A000883,A000388,161,2026-07-20T07:53:16,IMPS,success
T0002593,A000582,A001245,25000,2026-07-20T07:53:25,UPI,success
T0003545,A001319,A000988,660,2026-07-20T07:54:12,IMPS,success
T0004396,A001206,A000585,36488,2026-07-20T07:54:44,UPI,success
T0008029,A000662,A000561,1360,2026-07-20T07:54:54,NEFT,success
T0001576,A000408,A000770,178,2026-07-20T07:59:52,UPI,success
T0012139,A001131,A001358,591,2026-07-20T08:01:31,UPI,success
T0009561,A000834,A000013,703,2026-07-20T08:03:42,UPI,success
T0007798,A001134,A000375,132,2026-07-20T08:05:04,NEFT,success
T0010173,A000371,A000689,345,2026-07-20T08:06:30,NEFT,success
T0012668,A000346,A000836,917,2026-07-20T08:14:07,IMPS,success
T0011526,A001216,A000196,24055,2026-07-20T08:15:18,UPI,success
T0002011,A000265,A001304,5000,2026-07-20T08:22:10,UPI,success
T0000732,A001051,A000176,930,2026-07-20T08:28:48,IMPS,success
T0008438,A000337,A000623,1947,2026-07-20T08:33:18,UPI,success
T0011721,A000020,A000736,828,2026-07-20T08:34:56,UPI,success
T0009102,A000859,A000652,3714,2026-07-20T08:41:45,UPI,success
T0002875,A000704,A000254,37305,2026-07-20T08:42:01,IMPS,success
T0008960,A000966,A001375,4225,2026-07-20T08:42:53,IMPS,success
T0005095,A001176,A000346,22295,2026-07-20T08:44:13,UPI,success
T0000768,A000104,A000167,25000,2026-07-20T08:44:36,IMPS,success
T0003725,A001125,A000351,18343,2026-07-20T08:50:49,UPI,success
T0003366,A000886,A000077,679,2026-07-20T08:53:19,IMPS,success
T0005026,A000062,A000404,1917,2026-07-20T08:54:45,IMPS,success
T0002449,A000404,A000376,285,2026-07-20T08:57:50,UPI,success
T0002508,A001130,A000451,394,2026-07-20T09:08:38,IMPS,success
T0005688,A000737,A001147,672,2026-07-20T09:10:47,UPI,success
T0013692,A000071,A001187,23960,2026-07-20T09:10:54,UPI,success
T0010933,A000864,A000831,157,2026-07-20T09:10:55,UPI,success
T0003162,A000842,A001202,1703,2026-07-20T09:11:52,IMPS,success
T0009223,A000497,A000028,959,2026-07-20T09:15:30,IMPS,success
T0003697,A001211,A001119,85,2026-07-20T09:16:20,NEFT,success
T0004626,A001212,A000555,65000,2026-07-20T09:16:58,NEFT,success
T0008197,A000642,A000349,553,2026-07-20T09:18:29,NEFT,success
T0008262,A000817,A000501,1244,2026-07-20T09:19:49,UPI,success
T0005984,A001301,A000527,282,2026-07-20T09:32:10,NEFT,success
T0003097,A000585,A000866,17926,2026-07-20T09:32:36,UPI,success
T0011350,A001207,A000684,507,2026-07-20T09:33:59,UPI,success
T0010461,A000898,A001255,1799,2026-07-20T09:35:15,NEFT,success
T0009833,A001003,A000915,1014,2026-07-20T09:36:19,IMPS,success
T0007831,A001007,A000260,9057,2026-07-20T09:39:42,IMPS,success
T0005992,A000991,A000184,168,2026-07-20T09:40:10,IMPS,success
T0014473,A000681,A001236,338,2026-07-20T09:49:35,IMPS,success
T0014131,A000190,A000454,623,2026-07-20T09:50:05,IMPS,success
T0011255,A000269,A001029,334,2026-07-20T09:51:39,NEFT,success
T0000412,A000051,A000767,1941,2026-07-20T09:54:38,UPI,success
T0013234,A000734,A000986,601,2026-07-20T09:55:19,NEFT,success
T0008347,A000756,A000268,1704,2026-07-20T09:55:36,UPI,success
T0006177,A000394,A000923,25000,2026-07-20T09:56:30,UPI,success
T0006710,A000331,A000981,50000,2026-07-20T09:57:44,NEFT,success
T0013571,A000869,A000412,6227,2026-07-20T09:57:57,UPI,success
T0014137,A000480,A000696,1181,2026-07-20T09:59:42,NEFT,success
T0008789,A000811,A000302,2398,2026-07-20T10:01:51,NEFT,success
T0007567,A000807,A001300,646,2026-07-20T10:02:09,NEFT,success
T0011543,A000298,A001233,20948,2026-07-20T10:04:22,UPI,success
T0002002,A001120,A000776,1201,2026-07-20T10:08:41,NEFT,success
T0001443,A000506,A000619,845,2026-07-20T10:08:54,IMPS,success
T0011010,A001334,A000644,25000,2026-07-20T10:12:07,NEFT,success
T0013348,A001161,A000768,35000,2026-07-20T10:13:28,IMPS,success
T0001391,A000817,A001041,521,2026-07-20T10:18:33,NEFT,success
T0001628,A001283,A000021,41411,2026-07-20T10:19:45,UPI,success
T0005912,A001342,A000064,65000,2026-07-20T10:21:11,UPI,success
T0010144,A001281,A001013,14749,2026-07-20T10:22:01,IMPS,success
T0009188,A000603,A000140,868,2026-07-20T10:22:30,IMPS,success
T0009081,A000485,A000545,7293,2026-07-20T10:27:15,UPI,success
T0013165,A000606,A000862,1221,2026-07-20T10:27:54,NEFT,success
T0013940,A001268,A000875,728,2026-07-20T10:30:01,UPI,success
T0010240,A000247,A000126,25000,2026-07-20T10:31:06,UPI,success
T0013719,A000092,A000156,403,2026-07-20T10:33:46,IMPS,success
T0011862,A000805,A000456,796,2026-07-20T10:36:05,UPI,success
T0006472,A000876,A000048,1022,2026-07-20T10:38:41,IMPS,success
T0011867,A000173,A001285,7625,2026-07-20T10:39:31,NEFT,success
T0007591,A000530,A000890,16244,2026-07-20T10:39:58,UPI,success
T0006261,A000801,A001027,180,2026-07-20T10:44:06,NEFT,success
T0012900,A001314,A000808,160,2026-07-20T10:52:31,NEFT,success
T0008489,A000226,A001290,371,2026-07-20T10:54:48,UPI,success
T0008930,A000446,A000280,742,2026-07-20T10:57:27,UPI,success
T0002883,A001129,A001059,223,2026-07-20T11:07:16,UPI,success
T0000195,A000263,A000016,34501,2026-07-20T11:08:37,IMPS,success
T0014157,A000054,A000365,122,2026-07-20T11:08:59,UPI,success
T0011488,A001064,A001224,1363,2026-07-20T11:10:27,UPI,failed
T0010155,A000525,A001241,15000,2026-07-20T11:15:51,IMPS,success
T0005860,A000842,A000413,792,2026-07-20T11:25:17,UPI,success
T0005434,A000757,A000976,18258,2026-07-20T11:25:59,UPI,success
T0011048,A000069,A000682,54488,2026-07-20T11:26:09,IMPS,success
T0001369,A000485,A000911,659,2026-07-20T11:26:43,UPI,success
T0008383,A001199,A000787,834,2026-07-20T11:29:08,IMPS,success
T0007638,A000430,A000939,1409,2026-07-20T11:32:09,IMPS,success
T0004025,A001152,A001053,635,2026-07-20T11:37:34,NEFT,success
T0014179,A000999,A000571,34319,2026-07-20T11:40:50,NEFT,success
T0001013,A000871,A001297,80000,2026-07-20T11:40:52,NEFT,success
T0009986,A000877,A000776,1674,2026-07-20T11:41:38,NEFT,success
T0013748,A001301,A001374,35904,2026-07-20T11:43:27,UPI,success
T0007819,A000164,A000366,1539,2026-07-20T11:56:34,IMPS,success
T0001244,A000171,A000078,552,2026-07-20T11:56:57,NEFT,success
T0004156,A000936,A001343,55521,2026-07-20T11:57:10,NEFT,success
T0005647,A000901,A000926,561,2026-07-20T11:59:19,IMPS,success
T0008324,A001192,A000913,397,2026-07-20T12:01:17,NEFT,success
T0011157,A000950,A000827,48005,2026-07-20T12:02:40,UPI,success
T0005731,A000959,A000660,901,2026-07-20T12:15:45,IMPS,success
T0014646,A001046,A000259,1022,2026-07-20T12:17:03,IMPS,success
T0014956,A000512,A000264,1227,2026-07-20T12:24:06,UPI,success
T0008183,A000225,A001210,1041,2026-07-20T12:24:57,NEFT,success
T0013010,A000721,A000145,27070,2026-07-20T12:25:56,NEFT,success
T0008569,A000937,A000361,680,2026-07-20T12:29:34,NEFT,success
T0009882,A001050,A001294,304,2026-07-20T12:29:57,UPI,success
T0006138,A000170,A000289,80000,2026-07-20T12:30:19,IMPS,success
T0001362,A000596,A001283,188887,2026-07-20T12:30:53,IMPS,success
T0001582,A000548,A000782,513,2026-07-20T12:31:09,NEFT,success
T0009815,A001121,A000945,35000,2026-07-20T12:34:33,NEFT,success
T0001002,A000473,A000344,65000,2026-07-20T12:34:40,UPI,success
T0011269,A001124,A000464,327,2026-07-20T12:35:51,UPI,success
T0014625,A000706,A000374,35000,2026-07-20T12:36:19,NEFT,success
T0006122,A001120,A000837,113132,2026-07-20T12:38:21,NEFT,success
T0014376,A001072,A000366,50000,2026-07-20T12:42:35,UPI,success
T0003344,A001256,A001015,684,2026-07-20T12:45:31,IMPS,success
T0005030,A000236,A000947,1568,2026-07-20T12:45:35,NEFT,success
T0013440,A001310,A000249,513,2026-07-20T12:50:17,IMPS,success
T0003148,A000543,A001154,5000,2026-07-20T12:54:14,NEFT,success
T0002147,A000301,A001170,1658,2026-07-20T12:54:26,IMPS,success
T0007231,A000205,A000646,683,2026-07-20T12:55:57,IMPS,success
T0006430,A001197,A000822,1166,2026-07-20T12:56:38,UPI,success
T0008770,A001332,A000647,3195,2026-07-20T12:57:47,NEFT,success
T0008067,A001257,A000504,116395,2026-07-20T12:58:51,NEFT,success
T0003574,A000861,A000394,50000,2026-07-20T12:59:54,UPI,success
T0002947,A000621,A000857,917,2026-07-20T13:00:47,UPI,success
T0014173,A001033,A000791,745,2026-07-20T13:07:33,UPI,success
T0000207,A000248,A001111,16768,2026-07-20T13:16:54,NEFT,success
T0005578,A000947,A001220,31454,2026-07-20T13:17:05,NEFT,success
T0009489,A000051,A000528,937,2026-07-20T13:18:21,NEFT,success
T0000152,A000040,A001216,412,2026-07-20T13:21:23,NEFT,success
T0004510,A000419,A000997,25000,2026-07-20T13:24:06,IMPS,success
T0012355,A001379,A000094,679,2026-07-20T13:28:37,NEFT,success
T0010102,A000766,A000424,348,2026-07-20T13:31:31,IMPS,success
T0003210,A000578,A001288,26614,2026-07-20T13:31:44,NEFT,success
T0014974,A001257,A001183,178,2026-07-20T13:41:15,IMPS,success
T0006218,A001109,A001097,470,2026-07-20T13:41:24,NEFT,success
T0005989,A000953,A001086,238,2026-07-20T13:41:25,NEFT,success
T0006772,A000865,A000032,584,2026-07-20T13:42:29,UPI,success
T0012860,A001305,A001157,25000,2026-07-20T13:42:38,NEFT,success
T0008032,A000441,A000905,35000,2026-07-20T13:44:04,NEFT,success
T0000211,A000652,A000300,4926,2026-07-20T13:47:22,IMPS,success
T0004321,A000349,A000611,623,2026-07-20T13:55:56,IMPS,success
T0012564,A001070,A000723,617,2026-07-20T13:59:04,IMPS,success
T0010113,A001331,A000860,1308,2026-07-20T14:02:42,NEFT,success
T0012348,A001119,A000751,80000,2026-07-20T14:03:18,UPI,success
T0006271,A000400,A000800,1975,2026-07-20T14:04:12,UPI,success
T0004550,A000981,A001264,1506,2026-07-20T14:05:09,UPI,success
T0014714,A000808,A000124,32486,2026-07-20T14:12:11,UPI,success
T0009378,A000161,A001223,692,2026-07-20T14:13:20,NEFT,success
T0006659,A001319,A000557,33851,2026-07-20T14:15:16,UPI,success
T0004717,A000822,A000661,13658,2026-07-20T14:17:12,NEFT,success
T0007507,A000732,A000268,748,2026-07-20T14:19:30,NEFT,success
T0003641,A001004,A000522,25000,2026-07-20T14:20:06,NEFT,success
T0000128,A000653,A000202,1719,2026-07-20T14:21:04,UPI,success
T0000347,A000151,A000390,696,2026-07-20T14:30:35,IMPS,success
T0010482,A000106,A000392,979,2026-07-20T14:36:53,UPI,success
T0002498,A000910,A000225,16696,2026-07-20T14:39:48,IMPS,success
T0009943,A000217,A000703,65000,2026-07-20T14:42:16,UPI,success
T0009672,A001016,A001367,237,2026-07-20T14:47:33,IMPS,success
T0010007,A000577,A001277,1996,2026-07-20T14:48:36,UPI,success
T0007401,A000061,A000940,588,2026-07-20T14:49:10,IMPS,success
T0006359,A000306,A000916,406,2026-07-20T14:56:47,NEFT,success
T0007681,A000886,A000344,37168,2026-07-20T14:58:19,UPI,success
T0009322,A000788,A000840,1730,2026-07-20T14:58:36,NEFT,success
T0009857,A001224,A001007,963,2026-07-20T15:01:43,IMPS,success
T0005781,A000292,A001280,5000,2026-07-20T15:03:39,UPI,success
T0007034,A000458,A001203,178,2026-07-20T15:12:28,UPI,success
T0007708,A000551,A001136,50000,2026-07-20T15:17:23,IMPS,success
T0008511,A001343,A000937,1430,2026-07-20T15:17:31,IMPS,success
T0000357,A000221,A001369,1774,2026-07-20T15:17:40,NEFT,success
T0003624,A001110,A000017,285,2026-07-20T15:17:49,NEFT,success
T0006484,A001341,A001202,65000,2026-07-20T15:18:36,IMPS,success
T0009532,A001193,A000612,2240,2026-07-20T15:19:02,UPI,success
T0004421,A000627,A001168,483,2026-07-20T15:19:16,UPI,success
T0005141,A000352,A000647,26758,2026-07-20T15:23:13,NEFT,success
T0008861,A001045,A000228,11208,2026-07-20T15:26:51,NEFT,success
T0005834,A000473,A000410,11287,2026-07-20T15:27:50,UPI,success
T0010817,A000004,A001258,1628,2026-07-20T15:29:46,UPI,success
T0013649,A001344,A000294,376,2026-07-20T15:30:32,UPI,success
T0000735,A000055,A001267,1313,2026-07-20T15:31:15,IMPS,success
T0000683,A000210,A000107,20515,2026-07-20T15:36:28,NEFT,success
T0004758,A001210,A000054,2114,2026-07-20T15:36:38,UPI,success
T0007229,A000030,A000152,1739,2026-07-20T15:36:40,NEFT,success
T0009494,A000552,A001059,2500,2026-07-20T15:36:47,NEFT,success
T0011227,A000799,A000453,50000,2026-07-20T15:39:27,NEFT,success
T0001918,A001342,A000235,217,2026-07-20T15:41:39,NEFT,failed
T0004757,A000763,A001046,15000,2026-07-20T15:44:58,UPI,success
T0006058,A000333,A000051,725,2026-07-20T15:46:22,UPI,success
T0008779,A000218,A001161,2464,2026-07-20T15:54:54,UPI,success
T0014366,A000577,A000036,7266,2026-07-20T16:02:21,UPI,success
T0009096,A000303,A000063,3583,2026-07-20T16:04:42,NEFT,success
T0013706,A001215,A000009,35000,2026-07-20T16:05:20,IMPS,success
T0003539,A000623,A000144,389,2026-07-20T16:09:37,UPI,success
T0007198,A000522,A001009,20094,2026-07-20T16:20:54,UPI,success
T0002857,A000592,A000345,1133,2026-07-20T16:23:19,NEFT,success
T0002502,A000068,A000622,2775,2026-07-20T16:24:44,IMPS,success
T0005373,A000421,A001162,65000,2026-07-20T16:24:44,UPI,success
T0007959,A000219,A000581,248,2026-07-20T16:24:47,IMPS,success
T0008070,A000575,A000192,1913,2026-07-20T16:25:57,NEFT,success
T0005545,A001320,A001378,606,2026-07-20T16:28:01,NEFT,success
T0013420,A000380,A000577,13223,2026-07-20T16:28:34,NEFT,success
T0012715,A000366,A000415,52,2026-07-20T16:28:42,UPI,success
T0007585,A000353,A000426,1619,2026-07-20T16:29:24,NEFT,success
T0013443,A000675,A001244,4493,2026-07-20T16:31:08,UPI,success
T0008096,A001366,A000120,267,2026-07-20T16:33:06,UPI,success
T0001319,A000563,A000300,521,2026-07-20T16:33:25,NEFT,success
T0011852,A000757,A000609,50000,2026-07-20T16:43:22,IMPS,success
T0001669,A001220,A000009,662,2026-07-20T16:47:26,IMPS,success
T0014640,A000575,A000127,50000,2026-07-20T16:49:21,UPI,success
T0007037,A000207,A000190,222,2026-07-20T16:49:49,IMPS,success
T0010201,A000836,A001190,155,2026-07-20T16:52:38,NEFT,success
T0002378,A001100,A000623,2367,2026-07-20T16:54:37,NEFT,success
T0012169,A000622,A001257,441,2026-07-20T16:56:17,UPI,success
T0013818,A000942,A001041,314,2026-07-20T16:57:07,UPI,success
T0006862,A000459,A000173,368,2026-07-20T16:59:08,NEFT,success
T0007196,A000463,A001303,15000,2026-07-20T17:03:41,IMPS,success
T0009282,A000568,A001347,2856,2026-07-20T17:09:12,NEFT,success
T0007370,A001125,A000645,539,2026-07-20T17:09:16,NEFT,success
T0003253,A000201,A000190,1014,2026-07-20T17:10:29,NEFT,success
T0013155,A000126,A000623,2209,2026-07-20T17:11:50,UPI,success
T0002221,A000014,A000265,50000,2026-07-20T17:12:35,IMPS,success
T0002987,A001102,A001158,1633,2026-07-20T17:19:52,NEFT,success
T0007092,A000245,A000575,1205,2026-07-20T17:34:18,UPI,success
T0004023,A000818,A000616,1415,2026-07-20T17:37:49,UPI,success
T0003338,A000400,A000484,15000,2026-07-20T17:40:30,NEFT,success
T0001066,A001126,A000953,901,2026-07-20T17:40:56,UPI,success
T0013626,A000034,A001016,38884,2026-07-20T17:43:28,UPI,success
T0014918,A001003,A000951,329,2026-07-20T17:47:31,NEFT,success
T0011517,A000893,A001365,83207,2026-07-20T18:04:48,IMPS,success
T0007136,A001114,A000486,1698,2026-07-20T18:06:08,IMPS,success
T0003498,A000379,A000023,50000,2026-07-20T18:06:37,IMPS,success
T0000718,A000570,A000799,7269,2026-07-20T18:10:55,IMPS,success
T0008412,A000109,A000863,15142,2026-07-20T18:19:10,NEFT,success
T0003752,A001032,A000799,57396,2026-07-20T18:21:08,UPI,success
T0000285,A001297,A000338,506,2026-07-20T18:21:21,UPI,success
T0006743,A000250,A000517,65000,2026-07-20T18:21:37,UPI,success
T0001722,A000414,A001137,20375,2026-07-20T18:27:31,IMPS,success
T0008223,A000292,A000520,108047,2026-07-20T18:30:36,IMPS,success
T0004684,A000454,A000215,435,2026-07-20T18:31:52,IMPS,success
T0003357,A001367,A000128,5897,2026-07-20T18:33:28,IMPS,success
T0000204,A000790,A000542,591,2026-07-20T18:33:59,UPI,success
T0003928,A001368,A001288,11760,2026-07-20T18:34:06,IMPS,success
T0009834,A000195,A001366,17494,2026-07-20T18:35:03,NEFT,success
T0003841,A001120,A000322,737,2026-07-20T18:38:24,IMPS,success
T0006001,A000967,A000343,257,2026-07-20T18:39:43,IMPS,success
T0000931,A000635,A001028,161,2026-07-20T18:42:38,UPI,success
T0001636,A000129,A001292,318,2026-07-20T18:43:47,IMPS,success
T0010076,A000820,A000927,56151,2026-07-20T18:47:50,IMPS,success
T0014928,A001167,A000734,17437,2026-07-20T18:49:51,NEFT,success
T0002276,A000256,A000101,800,2026-07-20T18:51:06,IMPS,success
T0009889,A000650,A001359,7347,2026-07-20T18:57:28,IMPS,success
T0004312,A001304,A000104,6536,2026-07-20T19:02:51,IMPS,success
T0013375,A001346,A000617,136,2026-07-20T19:04:43,UPI,success
T0001505,A000352,A000660,20491,2026-07-20T19:05:08,UPI,success
T0010243,A000435,A000423,31948,2026-07-20T19:05:13,NEFT,success
T0002441,A001035,A000650,134,2026-07-20T19:06:10,NEFT,success
T0004247,A000848,A001325,585,2026-07-20T19:10:31,UPI,success
T0014003,A000917,A000752,37734,2026-07-20T19:10:48,NEFT,success
T0000344,A001229,A000346,35000,2026-07-20T19:12:48,NEFT,success
T0010077,A000548,A001366,227,2026-07-20T19:15:01,IMPS,success
T0009189,A001362,A001177,178,2026-07-20T19:16:51,IMPS,failed
T0004106,A000314,A000737,80000,2026-07-20T19:21:36,UPI,success
T0000536,A000239,A000852,8240,2026-07-20T19:24:28,NEFT,success
T0009640,A000208,A001260,1160,2026-07-20T19:24:50,IMPS,success
T0009527,A000665,A000318,50000,2026-07-20T19:27:43,UPI,success
T0002495,A000664,A000841,482,2026-07-20T19:28:19,NEFT,success
T0001226,A000061,A000031,29835,2026-07-20T19:31:22,UPI,success
T0011131,A000315,A001063,14309,2026-07-20T19:40:25,NEFT,success
T0013458,A000380,A000068,65000,2026-07-20T19:41:34,NEFT,success
T0002201,A000181,A000659,187,2026-07-20T19:44:18,NEFT,success
T0006703,A000068,A000054,65000,2026-07-20T19:49:51,IMPS,success
T0013646,A001240,A000780,459,2026-07-20T19:52:26,IMPS,success
T0003091,A001103,A000528,15000,2026-07-20T19:54:04,IMPS,success
T0012314,A000436,A001199,65000,2026-07-20T19:58:47,NEFT,success
T0001168,A001193,A000318,495,2026-07-20T20:00:35,NEFT,success
T0001314,A000739,A000782,236,2026-07-20T20:06:41,IMPS,success
T0013784,A001094,A000644,401,2026-07-20T20:11:26,UPI,success
T0003491,A000604,A000793,10916,2026-07-20T20:19:26,NEFT,success
T0014929,A001278,A000906,21677,2026-07-20T20:20:17,IMPS,success
T0010483,A000051,A001233,25000,2026-07-20T20:22:46,IMPS,success
T0009910,A001188,A000462,1182,2026-07-20T20:25:17,UPI,success
T0011509,A000497,A000493,52166,2026-07-20T20:25:18,NEFT,success
T0014452,A000710,A000661,309,2026-07-20T20:27:56,NEFT,success
T0013409,A001113,A000313,20421,2026-07-20T20:35:13,IMPS,success
T0009331,A000765,A001143,8226,2026-07-20T20:37:16,UPI,success
T0004430,A000374,A000922,2075,2026-07-20T20:40:16,NEFT,success
T0004637,A000739,A000896,198,2026-07-20T20:40:53,UPI,success
T0011380,A001244,A000156,573,2026-07-20T20:43:49,NEFT,success
T0012603,A000394,A000121,6374,2026-07-20T20:49:54,IMPS,success
T0004392,A001323,A001078,360,2026-07-20T21:04:42,IMPS,success
T0006184,A001167,A000829,9221,2026-07-20T21:05:26,IMPS,success
T0000806,A000868,A001130,1872,2026-07-20T21:05:47,UPI,success
T0003067,A000579,A000256,257,2026-07-20T21:06:40,UPI,success
T0012670,A000993,A000207,757,2026-07-20T21:06:45,IMPS,success
T0012370,A000499,A000879,538,2026-07-20T21:07:38,IMPS,success
T0001403,A000212,A001305,395,2026-07-20T21:16:26,NEFT,success
T0007471,A000560,A001047,253,2026-07-20T21:26:04,IMPS,success
T0008971,A000247,A000996,469,2026-07-20T21:32:13,IMPS,success
T0002713,A000673,A000971,1713,2026-07-20T21:34:33,IMPS,success
T0002704,A000054,A000548,1859,2026-07-20T21:37:08,UPI,success
T0001890,A000031,A000171,9000,2026-07-20T21:37:51,IMPS,success
T0011845,A000937,A000572,893,2026-07-20T21:46:55,UPI,success
T0013020,A000894,A000784,49983,2026-07-20T21:50:07,IMPS,success
T0006576,A000295,A001352,477,2026-07-20T21:57:53,IMPS,success
T0004661,A001195,A001380,979,2026-07-20T21:57:58,IMPS,success
T0007462,A001064,A000293,1466,2026-07-20T21:58:26,UPI,success
T0007538,A000170,A000061,815,2026-07-20T21:58:47,IMPS,success
T0001114,A000022,A001241,618,2026-07-20T21:59:57,IMPS,success
T0005835,A001081,A000177,80000,2026-07-20T22:00:21,UPI,success
T0012077,A000845,A000269,1078,2026-07-20T22:01:36,IMPS,success
T0006492,A000484,A000174,47653,2026-07-20T22:06:16,IMPS,success
T0013496,A001345,A001214,5000,2026-07-20T22:07:08,IMPS,success
T0002914,A000742,A000049,318,2026-07-20T22:07:33,NEFT,success
T0004574,A001036,A001094,15000,2026-07-20T22:10:03,NEFT,success
T0001059,A000023,A000694,20621,2026-07-20T22:11:01,NEFT,success
T0004490,A000242,A000759,429,2026-07-20T22:11:13,IMPS,success
T0014026,A000514,A001336,80000,2026-07-20T22:14:51,NEFT,success
T0001223,A000174,A000046,31162,2026-07-20T22:19:24,NEFT,failed
T0001767,A000906,A001368,3107,2026-07-20T22:20:16,UPI,success
T0004955,A000845,A000193,1743,2026-07-20T22:26:26,UPI,success
T0001018,A000571,A000011,50000,2026-07-20T22:28:46,NEFT,success
T0011607,A000447,A001002,216,2026-07-20T22:29:09,UPI,success
T0006677,A000545,A001137,778,2026-07-20T22:30:04,UPI,success
T0008992,A000367,A000528,25000,2026-07-20T22:31:38,UPI,success
T0010710,A001043,A001242,978,2026-07-20T22:35:56,NEFT,success
T0009018,A000823,A000797,50,2026-07-20T22:43:06,NEFT,success
T0002022,A000321,A000584,2540,2026-07-20T22:44:50,UPI,success
T0011459,A000732,A001151,35000,2026-07-20T22:48:53,NEFT,success
T0010861,A000734,A001297,9152,2026-07-20T22:50:27,IMPS,success
T0010093,A000307,A000532,88726,2026-07-20T22:52:56,IMPS,success
T0005018,A000113,A001031,1564,2026-07-20T22:54:33,UPI,success
T0008199,A000906,A000365,1471,2026-07-20T22:56:55,UPI,success
T0007232,A001236,A000567,21389,2026-07-20T23:02:00,UPI,success
T0008145,A000741,A001061,865,2026-07-20T23:03:43,NEFT,success
T0009773,A000555,A000976,3997,2026-07-20T23:04:28,UPI,success
T0008366,A000504,A001238,1460,2026-07-20T23:05:00,IMPS,success
T0013262,A000644,A000994,552,2026-07-20T23:05:33,IMPS,success
T0014587,A000305,A000801,14117,2026-07-20T23:12:04,UPI,success
T0003232,A000847,A001233,17565,2026-07-20T23:19:46,NEFT,success
T0013584,A000157,A000594,643,2026-07-20T23:23:40,UPI,success
T0009143,A000336,A000253,1633,2026-07-20T23:24:43,NEFT,success
T0003632,A001030,A001034,36178,2026-07-20T23:28:52,UPI,success
T0004375,A000492,A000421,625,2026-07-20T23:31:03,IMPS,success
T0002497,A000079,A000091,444,2026-07-20T23:31:29,UPI,success
T0001875,A000158,A000419,883,2026-07-20T23:36:09,UPI,success
T0000880,A000480,A000498,1050,2026-07-20T23:38:56,IMPS,success
T0011008,A000645,A000209,80000,2026-07-20T23:48:25,UPI,success
T0001107,A000467,A000267,1441,2026-07-20T23:52:46,UPI,success
T0014558,A000907,A000733,21893,2026-07-20T23:53:56,UPI,success
